crop,location,date,buying_price,selling_price
rice,karnataka,01-01-2022,1809.0,2128.24
rice,karnataka,29-01-2022,1722.87,2026.91
rice,karnataka,26-02-2022,1700.86,2001.01
rice,karnataka,26-03-2022,1722.27,2026.2
rice,karnataka,23-04-2022,1879.34,2210.99
rice,karnataka,21-05-2022,1856.87,2184.55
rice,karnataka,18-06-2022,1916.49,2254.7
rice,karnataka,16-07-2022,1924.18,2263.74
rice,karnataka,13-08-2022,1909.44,2246.4
rice,karnataka,10-09-2022,2015.15,2370.77
rice,karnataka,08-10-2022,1922.07,2261.26
rice,karnataka,05-11-2022,1977.52,2326.49
rice,karnataka,03-12-2022,2054.37,2416.91
rice,karnataka,31-12-2022,1750.41,2059.31
rice,karnataka,28-01-2023,1814.84,2135.11
rice,karnataka,25-02-2023,1786.78,2102.1
rice,karnataka,25-03-2023,1831.36,2154.54
rice,karnataka,22-04-2023,1733.74,2039.69
rice,karnataka,20-05-2023,1787.8,2103.29
rice,karnataka,17-06-2023,1820.22,2141.44
rice,karnataka,15-07-2023,1801.92,2119.91
rice,karnataka,12-08-2023,1851.71,2178.48
rice,karnataka,09-09-2023,1847.35,2173.35
rice,karnataka,07-10-2023,1902.5,2238.24
rice,karnataka,04-11-2023,1993.97,2345.85
rice,karnataka,02-12-2023,1961.98,2308.21
rice,karnataka,30-12-2023,1707.45,2008.77
rice,karnataka,27-01-2024,1700.61,2000.72
rice,karnataka,24-02-2024,1731.76,2037.36
rice,karnataka,23-03-2024,1873.02,2203.55
rice,karnataka,20-04-2024,1843.11,2168.37
rice,karnataka,18-05-2024,1857.86,2185.72
rice,karnataka,15-06-2024,1798.23,2115.57
rice,karnataka,13-07-2024,1924.06,2263.6
rice,karnataka,10-08-2024,1838.51,2162.95
rice,karnataka,07-09-2024,1900.93,2236.39
rice,karnataka,05-10-2024,2040.95,2401.12
rice,karnataka,02-11-2024,1994.82,2346.85
rice,karnataka,30-11-2024,2000.19,2353.16
rice,karnataka,28-12-2024,1761.85,2072.76
rice,karnataka,25-01-2025,1811.55,2131.23
rice,karnataka,22-02-2025,1822.01,2143.54
rice,karnataka,22-03-2025,1746.02,2054.14
rice,karnataka,19-04-2025,1731.25,2036.76
rice,karnataka,17-05-2025,1803.89,2122.22
rice,karnataka,14-06-2025,1816.2,2136.71
rice,karnataka,12-07-2025,1826.6,2148.94
rice,karnataka,09-08-2025,1986.81,2337.42
rice,karnataka,06-09-2025,1996.54,2348.87
rice,karnataka,04-10-2025,1909.64,2246.64
rice,tamilnadu,01-01-2022,2087.16,2455.48
rice,tamilnadu,29-01-2022,2224.01,2616.48
rice,tamilnadu,26-02-2022,2152.89,2532.81
rice,tamilnadu,26-03-2022,2136.65,2513.71
rice,tamilnadu,23-04-2022,2158.3,2539.18
rice,tamilnadu,21-05-2022,2254.47,2652.32
rice,tamilnadu,18-06-2022,2213.24,2603.81
rice,tamilnadu,16-07-2022,2312.74,2720.87
rice,tamilnadu,13-08-2022,2411.93,2837.56
rice,tamilnadu,10-09-2022,2322.35,2732.18
rice,tamilnadu,08-10-2022,2305.68,2712.57
rice,tamilnadu,05-11-2022,2517.91,2962.25
rice,tamilnadu,03-12-2022,2427.19,2855.52
rice,tamilnadu,31-12-2022,2022.88,2379.86
rice,tamilnadu,28-01-2023,2038.77,2398.55
rice,tamilnadu,25-02-2023,2077.4,2444.0
rice,tamilnadu,25-03-2023,2215.98,2607.04
rice,tamilnadu,22-04-2023,2279.09,2681.28
rice,tamilnadu,20-05-2023,2223.28,2615.62
rice,tamilnadu,17-06-2023,2168.08,2550.68
rice,tamilnadu,15-07-2023,2266.18,2666.1
rice,tamilnadu,12-08-2023,2434.73,2864.39
rice,tamilnadu,09-09-2023,2352.78,2767.98
rice,tamilnadu,07-10-2023,2484.02,2922.38
rice,tamilnadu,04-11-2023,2485.11,2923.66
rice,tamilnadu,02-12-2023,2306.42,2713.44
rice,tamilnadu,30-12-2023,2155.72,2536.14
rice,tamilnadu,27-01-2024,2174.28,2557.98
rice,tamilnadu,24-02-2024,2169.78,2552.68
rice,tamilnadu,23-03-2024,2137.08,2514.21
rice,tamilnadu,20-04-2024,2245.62,2641.91
rice,tamilnadu,18-05-2024,2153.68,2533.74
rice,tamilnadu,15-06-2024,2252.24,2649.69
rice,tamilnadu,13-07-2024,2282.73,2685.56
rice,tamilnadu,10-08-2024,2424.91,2852.84
rice,tamilnadu,07-09-2024,2434.13,2863.68
rice,tamilnadu,05-10-2024,2316.14,2724.87
rice,tamilnadu,02-11-2024,2398.72,2822.02
rice,tamilnadu,30-11-2024,2346.96,2761.13
rice,tamilnadu,28-12-2024,2196.2,2583.76
rice,tamilnadu,25-01-2025,2214.6,2605.41
rice,tamilnadu,22-02-2025,2118.22,2492.02
rice,tamilnadu,22-03-2025,2218.5,2610.0
rice,tamilnadu,19-04-2025,2238.53,2633.57
rice,tamilnadu,17-05-2025,2162.93,2544.62
rice,tamilnadu,14-06-2025,2326.53,2737.1
rice,tamilnadu,12-07-2025,2302.37,2708.67
rice,tamilnadu,09-08-2025,2384.28,2805.03
rice,tamilnadu,06-09-2025,2353.08,2768.33
rice,tamilnadu,04-10-2025,2253.79,2651.52
rice,andhrapradesh,01-01-2022,1768.59,2080.7
rice,andhrapradesh,29-01-2022,1961.76,2307.95
rice,andhrapradesh,26-02-2022,1976.33,2325.1
rice,andhrapradesh,26-03-2022,1991.31,2342.72
rice,andhrapradesh,23-04-2022,1913.02,2250.61
rice,andhrapradesh,21-05-2022,1886.49,2219.4
rice,andhrapradesh,18-06-2022,2072.4,2438.12
rice,andhrapradesh,16-07-2022,2110.38,2482.8
rice,andhrapradesh,13-08-2022,1958.6,2304.24
rice,andhrapradesh,10-09-2022,2063.54,2427.7
rice,andhrapradesh,08-10-2022,1999.6,2352.47
rice,andhrapradesh,05-11-2022,2167.85,2550.41
rice,andhrapradesh,03-12-2022,2192.74,2579.7
rice,andhrapradesh,31-12-2022,1788.83,2104.5
rice,andhrapradesh,28-01-2023,1876.39,2207.52
rice,andhrapradesh,25-02-2023,1913.7,2251.41
rice,andhrapradesh,25-03-2023,1882.11,2214.25
rice,andhrapradesh,22-04-2023,2023.21,2380.25
rice,andhrapradesh,20-05-2023,1958.57,2304.2
rice,andhrapradesh,17-06-2023,1939.37,2281.61
rice,andhrapradesh,15-07-2023,2028.03,2385.92
rice,andhrapradesh,12-08-2023,2090.24,2459.11
rice,andhrapradesh,09-09-2023,2004.68,2358.45
rice,andhrapradesh,07-10-2023,2050.28,2412.09
rice,andhrapradesh,04-11-2023,2217.4,2608.71
rice,andhrapradesh,02-12-2023,2167.98,2550.56
rice,andhrapradesh,30-12-2023,1846.37,2172.2
rice,andhrapradesh,27-01-2024,1884.35,2216.88
rice,andhrapradesh,24-02-2024,1832.05,2155.35
rice,andhrapradesh,23-03-2024,1874.33,2205.09
rice,andhrapradesh,20-04-2024,1918.99,2257.63
rice,andhrapradesh,18-05-2024,1991.17,2342.55
rice,andhrapradesh,15-06-2024,1943.02,2285.91
rice,andhrapradesh,13-07-2024,1963.58,2310.09
rice,andhrapradesh,10-08-2024,1955.61,2300.72
rice,andhrapradesh,07-09-2024,2093.53,2462.98
rice,andhrapradesh,05-10-2024,2032.98,2391.74
rice,andhrapradesh,02-11-2024,2198.45,2586.41
rice,andhrapradesh,30-11-2024,2212.78,2603.27
rice,andhrapradesh,28-12-2024,1778.14,2091.93
rice,andhrapradesh,25-01-2025,1831.76,2155.01
rice,andhrapradesh,22-02-2025,1936.39,2278.11
rice,andhrapradesh,22-03-2025,1872.31,2202.72
rice,andhrapradesh,19-04-2025,1878.85,2210.41
rice,andhrapradesh,17-05-2025,2059.7,2423.18
rice,andhrapradesh,14-06-2025,2011.1,2366.0
rice,andhrapradesh,12-07-2025,2014.57,2370.08
rice,andhrapradesh,09-08-2025,2101.42,2472.26
rice,andhrapradesh,06-09-2025,2129.98,2505.86
rice,andhrapradesh,04-10-2025,2024.92,2382.26
rice,telangana,01-01-2022,1673.88,1969.27
rice,telangana,29-01-2022,1693.48,1992.33
rice,telangana,26-02-2022,1721.85,2025.71
rice,telangana,26-03-2022,1788.63,2104.27
rice,telangana,23-04-2022,1800.27,2117.97
rice,telangana,21-05-2022,1877.32,2208.61
rice,telangana,18-06-2022,1738.9,2045.76
rice,telangana,16-07-2022,1814.83,2135.09
rice,telangana,13-08-2022,1823.91,2145.78
rice,telangana,10-09-2022,1942.53,2285.33
rice,telangana,08-10-2022,1848.1,2174.24
rice,telangana,05-11-2022,1857.39,2185.17
rice,telangana,03-12-2022,1927.84,2268.05
rice,telangana,31-12-2022,1672.33,1967.45
rice,telangana,28-01-2023,1668.73,1963.21
rice,telangana,25-02-2023,1684.33,1981.56
rice,telangana,25-03-2023,1822.59,2144.22
rice,telangana,22-04-2023,1759.53,2070.04
rice,telangana,20-05-2023,1855.33,2182.74
rice,telangana,17-06-2023,1820.77,2142.08
rice,telangana,15-07-2023,1750.31,2059.19
rice,telangana,12-08-2023,1946.25,2289.71
rice,telangana,09-09-2023,1937.72,2279.67
rice,telangana,07-10-2023,1984.66,2334.89
rice,telangana,04-11-2023,1998.49,2351.17
rice,telangana,02-12-2023,2005.37,2359.26
rice,telangana,30-12-2023,1629.25,1916.77
rice,telangana,27-01-2024,1704.07,2004.79
rice,telangana,24-02-2024,1678.1,1974.23
rice,telangana,23-03-2024,1731.27,2036.79
rice,telangana,20-04-2024,1691.49,1989.99
rice,telangana,18-05-2024,1768.95,2081.12
rice,telangana,15-06-2024,1899.57,2234.79
rice,telangana,13-07-2024,1789.64,2105.46
rice,telangana,10-08-2024,1906.35,2242.77
rice,telangana,07-09-2024,1866.29,2195.63
rice,telangana,05-10-2024,1881.15,2213.12
rice,telangana,02-11-2024,2004.43,2358.15
rice,telangana,30-11-2024,2033.8,2392.71
rice,telangana,28-12-2024,1694.9,1994.0
rice,telangana,25-01-2025,1743.79,2051.52
rice,telangana,22-02-2025,1667.91,1962.25
rice,telangana,22-03-2025,1713.03,2015.33
rice,telangana,19-04-2025,1852.54,2179.46
rice,telangana,17-05-2025,1804.81,2123.3
rice,telangana,14-06-2025,1819.29,2140.34
rice,telangana,12-07-2025,1878.12,2209.55
rice,telangana,09-08-2025,1771.61,2084.25
rice,telangana,06-09-2025,1890.5,2224.12
rice,telangana,04-10-2025,1896.29,2230.93
rice,kerala,01-01-2022,2181.44,2566.4
rice,kerala,29-01-2022,2392.38,2814.56
rice,kerala,26-02-2022,2217.96,2609.37
rice,kerala,26-03-2022,2269.73,2670.27
rice,kerala,23-04-2022,2394.07,2816.55
rice,kerala,21-05-2022,2441.75,2872.65
rice,kerala,18-06-2022,2363.59,2780.7
rice,kerala,16-07-2022,2362.7,2779.65
rice,kerala,13-08-2022,2581.19,3036.69
rice,kerala,10-09-2022,2448.65,2880.76
rice,kerala,08-10-2022,2564.6,3017.18
rice,kerala,05-11-2022,2599.43,3058.15
rice,kerala,03-12-2022,2575.96,3030.54
rice,kerala,31-12-2022,2277.72,2679.67
rice,kerala,28-01-2023,2292.21,2696.72
rice,kerala,25-02-2023,2415.82,2842.14
rice,kerala,25-03-2023,2274.05,2675.35
rice,kerala,22-04-2023,2422.8,2850.35
rice,kerala,20-05-2023,2337.0,2749.41
rice,kerala,17-06-2023,2402.58,2826.56
rice,kerala,15-07-2023,2498.23,2939.09
rice,kerala,12-08-2023,2434.54,2864.17
rice,kerala,09-09-2023,2466.22,2901.44
rice,kerala,07-10-2023,2604.58,3064.21
rice,kerala,04-11-2023,2458.96,2892.89
rice,kerala,02-12-2023,2586.11,3042.48
rice,kerala,30-12-2023,2371.41,2789.9
rice,kerala,27-01-2024,2400.45,2824.06
rice,kerala,24-02-2024,2216.38,2607.5
rice,kerala,23-03-2024,2276.13,2677.8
rice,kerala,20-04-2024,2315.84,2724.52
rice,kerala,18-05-2024,2503.67,2945.5
rice,kerala,15-06-2024,2520.35,2965.12
rice,kerala,13-07-2024,2549.21,2999.07
rice,kerala,10-08-2024,2451.82,2884.5
rice,kerala,07-09-2024,2426.42,2854.61
rice,kerala,05-10-2024,2625.38,3088.68
rice,kerala,02-11-2024,2621.05,3083.59
rice,kerala,30-11-2024,2625.94,3089.34
rice,kerala,28-12-2024,2368.88,2786.92
rice,kerala,25-01-2025,2322.21,2732.01
rice,kerala,22-02-2025,2201.23,2589.68
rice,kerala,22-03-2025,2417.66,2844.3
rice,kerala,19-04-2025,2323.95,2734.06
rice,kerala,17-05-2025,2438.91,2869.31
rice,kerala,14-06-2025,2534.44,2981.7
rice,kerala,12-07-2025,2366.24,2783.81
rice,kerala,09-08-2025,2388.7,2810.23
rice,kerala,06-09-2025,2413.69,2839.63
rice,kerala,04-10-2025,2554.11,3004.83
rice,maharashtra,01-01-2022,1837.63,2161.92
rice,maharashtra,29-01-2022,1881.32,2213.32
rice,maharashtra,26-02-2022,1808.69,2127.87
rice,maharashtra,26-03-2022,1911.95,2249.35
rice,maharashtra,23-04-2022,1864.25,2193.23
rice,maharashtra,21-05-2022,1929.77,2270.32
rice,maharashtra,18-06-2022,2033.91,2392.83
rice,maharashtra,16-07-2022,2045.8,2406.82
rice,maharashtra,13-08-2022,1918.5,2257.06
rice,maharashtra,10-09-2022,2007.27,2361.5
rice,maharashtra,08-10-2022,1999.74,2352.63
rice,maharashtra,05-11-2022,1965.43,2312.27
rice,maharashtra,03-12-2022,2147.47,2526.43
rice,maharashtra,31-12-2022,1843.5,2168.82
rice,maharashtra,28-01-2023,1797.42,2114.61
rice,maharashtra,25-02-2023,1908.9,2245.76
rice,maharashtra,25-03-2023,1896.37,2231.02
rice,maharashtra,22-04-2023,1895.5,2230.0
rice,maharashtra,20-05-2023,1837.26,2161.48
rice,maharashtra,17-06-2023,1871.65,2201.94
rice,maharashtra,15-07-2023,2053.12,2415.43
rice,maharashtra,12-08-2023,2080.83,2448.04
rice,maharashtra,09-09-2023,2031.95,2390.53
rice,maharashtra,07-10-2023,2113.86,2486.89
rice,maharashtra,04-11-2023,2085.16,2453.13
rice,maharashtra,02-12-2023,2017.21,2373.19
rice,maharashtra,30-12-2023,1750.81,2059.78
rice,maharashtra,27-01-2024,1805.94,2124.64
rice,maharashtra,24-02-2024,1938.31,2280.36
rice,maharashtra,23-03-2024,1942.49,2285.28
rice,maharashtra,20-04-2024,1978.17,2327.26
rice,maharashtra,18-05-2024,2009.06,2363.6
rice,maharashtra,15-06-2024,1898.01,2232.95
rice,maharashtra,13-07-2024,1927.83,2268.04
rice,maharashtra,10-08-2024,1920.6,2259.53
rice,maharashtra,07-09-2024,2079.39,2446.34
rice,maharashtra,05-10-2024,2123.99,2498.81
rice,maharashtra,02-11-2024,2048.74,2410.28
rice,maharashtra,30-11-2024,2116.02,2489.43
rice,maharashtra,28-12-2024,1755.74,2065.58
rice,maharashtra,25-01-2025,1920.41,2259.3
rice,maharashtra,22-02-2025,1931.9,2272.82
rice,maharashtra,22-03-2025,1976.46,2325.25
rice,maharashtra,19-04-2025,1968.64,2316.05
rice,maharashtra,17-05-2025,2005.68,2359.62
rice,maharashtra,14-06-2025,1861.79,2190.34
rice,maharashtra,12-07-2025,2024.14,2381.34
rice,maharashtra,09-08-2025,1966.48,2313.51
rice,maharashtra,06-09-2025,2109.87,2482.2
rice,maharashtra,04-10-2025,2107.23,2479.1
rice,gujarat,01-01-2022,2337.88,2750.45
rice,gujarat,29-01-2022,2242.17,2637.85
rice,gujarat,26-02-2022,2390.78,2812.68
rice,gujarat,26-03-2022,2260.09,2658.93
rice,gujarat,23-04-2022,2469.16,2904.89
rice,gujarat,21-05-2022,2495.23,2935.56
rice,gujarat,18-06-2022,2369.49,2787.63
rice,gujarat,16-07-2022,2543.46,2992.31
rice,gujarat,13-08-2022,2483.8,2922.12
rice,gujarat,10-09-2022,2472.85,2909.24
rice,gujarat,08-10-2022,2625.58,3088.92
rice,gujarat,05-11-2022,2508.31,2950.95
rice,gujarat,03-12-2022,2482.66,2920.78
rice,gujarat,31-12-2022,2197.84,2585.7
rice,gujarat,28-01-2023,2256.28,2654.45
rice,gujarat,25-02-2023,2408.67,2833.73
rice,gujarat,25-03-2023,2462.1,2896.59
rice,gujarat,22-04-2023,2327.98,2738.8
rice,gujarat,20-05-2023,2442.93,2874.03
rice,gujarat,17-06-2023,2412.68,2838.45
rice,gujarat,15-07-2023,2584.03,3040.04
rice,gujarat,12-08-2023,2502.73,2944.39
rice,gujarat,09-09-2023,2632.76,3097.36
rice,gujarat,07-10-2023,2452.16,2884.9
rice,gujarat,04-11-2023,2699.85,3176.29
rice,gujarat,02-12-2023,2523.04,2968.28
rice,gujarat,30-12-2023,2372.3,2790.94
rice,gujarat,27-01-2024,2241.87,2637.49
rice,gujarat,24-02-2024,2232.98,2627.04
rice,gujarat,23-03-2024,2336.89,2749.28
rice,gujarat,20-04-2024,2434.97,2864.67
rice,gujarat,18-05-2024,2363.96,2781.13
rice,gujarat,15-06-2024,2463.01,2897.66
rice,gujarat,13-07-2024,2468.23,2903.8
rice,gujarat,10-08-2024,2465.07,2900.08
rice,gujarat,07-09-2024,2541.3,2989.76
rice,gujarat,05-10-2024,2487.71,2926.72
rice,gujarat,02-11-2024,2632.38,3096.92
rice,gujarat,30-11-2024,2476.93,2914.04
rice,gujarat,28-12-2024,2363.93,2781.09
rice,gujarat,25-01-2025,2304.54,2711.22
rice,gujarat,22-02-2025,2374.99,2794.11
rice,gujarat,22-03-2025,2409.19,2834.34
rice,gujarat,19-04-2025,2421.18,2848.45
rice,gujarat,17-05-2025,2376.14,2795.46
rice,gujarat,14-06-2025,2332.32,2743.91
rice,gujarat,12-07-2025,2505.9,2948.12
rice,gujarat,09-08-2025,2451.36,2883.95
rice,gujarat,06-09-2025,2475.06,2911.83
rice,gujarat,04-10-2025,2639.02,3104.73
rice,rajasthan,01-01-2022,2114.87,2488.08
rice,rajasthan,29-01-2022,2143.21,2521.42
rice,rajasthan,26-02-2022,2191.53,2578.27
rice,rajasthan,26-03-2022,2216.86,2608.07
rice,rajasthan,23-04-2022,2219.33,2610.98
rice,rajasthan,21-05-2022,2207.1,2596.59
rice,rajasthan,18-06-2022,2301.02,2707.08
rice,rajasthan,16-07-2022,2449.71,2882.01
rice,rajasthan,13-08-2022,2415.39,2841.63
rice,rajasthan,10-09-2022,2496.9,2937.53
rice,rajasthan,08-10-2022,2455.17,2888.44
rice,rajasthan,05-11-2022,2405.21,2829.66
rice,rajasthan,03-12-2022,2492.87,2932.79
rice,rajasthan,31-12-2022,2050.15,2411.94
rice,rajasthan,28-01-2023,2138.32,2515.67
rice,rajasthan,25-02-2023,2196.29,2583.87
rice,rajasthan,25-03-2023,2256.61,2654.84
rice,rajasthan,22-04-2023,2300.68,2706.68
rice,rajasthan,20-05-2023,2284.52,2687.67
rice,rajasthan,17-06-2023,2306.05,2713.0
rice,rajasthan,15-07-2023,2279.21,2681.42
rice,rajasthan,12-08-2023,2366.94,2784.64
rice,rajasthan,09-09-2023,2496.52,2937.08
rice,rajasthan,07-10-2023,2498.99,2939.99
rice,rajasthan,04-11-2023,2373.0,2791.76
rice,rajasthan,02-12-2023,2377.97,2797.61
rice,rajasthan,30-12-2023,2161.29,2542.7
rice,rajasthan,27-01-2024,2213.92,2604.61
rice,rajasthan,24-02-2024,2175.34,2559.22
rice,rajasthan,23-03-2024,2309.99,2717.64
rice,rajasthan,20-04-2024,2322.53,2732.39
rice,rajasthan,18-05-2024,2332.16,2743.72
rice,rajasthan,15-06-2024,2255.59,2653.64
rice,rajasthan,13-07-2024,2275.79,2677.4
rice,rajasthan,10-08-2024,2260.44,2659.34
rice,rajasthan,07-09-2024,2338.98,2751.74
rice,rajasthan,05-10-2024,2421.11,2848.36
rice,rajasthan,02-11-2024,2539.88,2988.1
rice,rajasthan,30-11-2024,2374.99,2794.11
rice,rajasthan,28-12-2024,2139.49,2517.05
rice,rajasthan,25-01-2025,2213.23,2603.8
rice,rajasthan,22-02-2025,2144.21,2522.6
rice,rajasthan,22-03-2025,2282.67,2685.49
rice,rajasthan,19-04-2025,2264.36,2663.95
rice,rajasthan,17-05-2025,2233.86,2628.07
rice,rajasthan,14-06-2025,2355.66,2771.37
rice,rajasthan,12-07-2025,2230.37,2623.96
rice,rajasthan,09-08-2025,2432.86,2862.19
rice,rajasthan,06-09-2025,2465.04,2900.05
rice,rajasthan,04-10-2025,2331.65,2743.12
rice,punjab,01-01-2022,1871.78,2202.09
rice,punjab,29-01-2022,2048.3,2409.77
rice,punjab,26-02-2022,1986.3,2336.82
rice,punjab,26-03-2022,1916.61,2254.83
rice,punjab,23-04-2022,1980.06,2329.48
rice,punjab,21-05-2022,2126.72,2502.02
rice,punjab,18-06-2022,2070.21,2435.54
rice,punjab,16-07-2022,2166.79,2549.16
rice,punjab,13-08-2022,2163.17,2544.91
rice,punjab,10-09-2022,2256.63,2654.86
rice,punjab,08-10-2022,2196.55,2584.18
rice,punjab,05-11-2022,2298.92,2704.61
rice,punjab,03-12-2022,2311.1,2718.94
rice,punjab,31-12-2022,1956.27,2301.49
rice,punjab,28-01-2023,2001.55,2354.77
rice,punjab,25-02-2023,1983.69,2333.75
rice,punjab,25-03-2023,2073.21,2439.07
rice,punjab,22-04-2023,2040.72,2400.85
rice,punjab,20-05-2023,2136.76,2513.83
rice,punjab,17-06-2023,2129.92,2505.79
rice,punjab,15-07-2023,2098.06,2468.31
rice,punjab,12-08-2023,2076.29,2442.69
rice,punjab,09-09-2023,2097.26,2467.37
rice,punjab,07-10-2023,2205.73,2594.98
rice,punjab,04-11-2023,2258.39,2656.93
rice,punjab,02-12-2023,2228.78,2622.09
rice,punjab,30-12-2023,1958.99,2304.7
rice,punjab,27-01-2024,1914.46,2252.3
rice,punjab,24-02-2024,1898.96,2234.07
rice,punjab,23-03-2024,1963.87,2310.43
rice,punjab,20-04-2024,1984.63,2334.86
rice,punjab,18-05-2024,2018.08,2374.21
rice,punjab,15-06-2024,2087.61,2456.01
rice,punjab,13-07-2024,2027.33,2385.09
rice,punjab,10-08-2024,2070.34,2435.7
rice,punjab,07-09-2024,2193.38,2580.45
rice,punjab,05-10-2024,2220.69,2612.58
rice,punjab,02-11-2024,2104.05,2475.35
rice,punjab,30-11-2024,2203.49,2592.34
rice,punjab,28-12-2024,1942.72,2285.55
rice,punjab,25-01-2025,1942.11,2284.83
rice,punjab,22-02-2025,1924.61,2264.25
rice,punjab,22-03-2025,1990.84,2342.17
rice,punjab,19-04-2025,2113.22,2486.14
rice,punjab,17-05-2025,2072.41,2438.13
rice,punjab,14-06-2025,2119.92,2494.02
rice,punjab,12-07-2025,2178.42,2562.85
rice,punjab,09-08-2025,2184.02,2569.44
rice,punjab,06-09-2025,2125.91,2501.07
rice,punjab,04-10-2025,2068.27,2433.26
rice,haryana,01-01-2022,1926.43,2266.39
rice,haryana,29-01-2022,1969.48,2317.03
rice,haryana,26-02-2022,2013.0,2368.23
rice,haryana,26-03-2022,1933.33,2274.51
rice,haryana,23-04-2022,2021.38,2378.09
rice,haryana,21-05-2022,2005.19,2359.05
rice,haryana,18-06-2022,2040.27,2400.32
rice,haryana,16-07-2022,1985.77,2336.2
rice,haryana,13-08-2022,2008.32,2362.73
rice,haryana,10-09-2022,2076.32,2442.73
rice,haryana,08-10-2022,2013.64,2368.99
rice,haryana,05-11-2022,2101.59,2472.46
rice,haryana,03-12-2022,2198.74,2586.75
rice,haryana,31-12-2022,1860.83,2189.21
rice,haryana,28-01-2023,1838.52,2162.97
rice,haryana,25-02-2023,1919.39,2258.11
rice,haryana,25-03-2023,1876.54,2207.69
rice,haryana,22-04-2023,1996.67,2349.02
rice,haryana,20-05-2023,1901.57,2237.14
rice,haryana,17-06-2023,1998.02,2350.61
rice,haryana,15-07-2023,2056.01,2418.84
rice,haryana,12-08-2023,1968.58,2315.98
rice,haryana,09-09-2023,2119.56,2493.6
rice,haryana,07-10-2023,2036.18,2395.51
rice,haryana,04-11-2023,2128.42,2504.02
rice,haryana,02-12-2023,2062.9,2426.94
rice,haryana,30-12-2023,1856.09,2183.64
rice,haryana,27-01-2024,1847.39,2173.4
rice,haryana,24-02-2024,1892.33,2226.27
rice,haryana,23-03-2024,2000.03,2352.98
rice,haryana,20-04-2024,1948.71,2292.6
rice,haryana,18-05-2024,2046.29,2407.4
rice,haryana,15-06-2024,2086.45,2454.65
rice,haryana,13-07-2024,1992.25,2343.82
rice,haryana,10-08-2024,1979.91,2329.3
rice,haryana,07-09-2024,1989.3,2340.35
rice,haryana,05-10-2024,2121.5,2495.88
rice,haryana,02-11-2024,2243.41,2639.31
rice,haryana,30-11-2024,2127.63,2503.09
rice,haryana,28-12-2024,1907.02,2243.55
rice,haryana,25-01-2025,1955.74,2300.87
rice,haryana,22-02-2025,1954.9,2299.88
rice,haryana,22-03-2025,1998.66,2351.37
rice,haryana,19-04-2025,2061.24,2424.99
rice,haryana,17-05-2025,1935.98,2277.62
rice,haryana,14-06-2025,1922.56,2261.84
rice,haryana,12-07-2025,1971.85,2319.82
rice,haryana,09-08-2025,1989.06,2340.07
rice,haryana,06-09-2025,2125.14,2500.17
rice,haryana,04-10-2025,2126.68,2501.98
rice,uttarpradesh,01-01-2022,1812.76,2132.66
rice,uttarpradesh,29-01-2022,1847.51,2173.54
rice,uttarpradesh,26-02-2022,1761.13,2071.92
rice,uttarpradesh,26-03-2022,1863.6,2192.47
rice,uttarpradesh,23-04-2022,1912.25,2249.71
rice,uttarpradesh,21-05-2022,1815.38,2135.74
rice,uttarpradesh,18-06-2022,1971.33,2319.21
rice,uttarpradesh,16-07-2022,2022.31,2379.19
rice,uttarpradesh,13-08-2022,1878.07,2209.49
rice,uttarpradesh,10-09-2022,1883.08,2215.39
rice,uttarpradesh,08-10-2022,1961.43,2307.56
rice,uttarpradesh,05-11-2022,2057.03,2420.03
rice,uttarpradesh,03-12-2022,2136.98,2514.09
rice,uttarpradesh,31-12-2022,1758.95,2069.35
rice,uttarpradesh,28-01-2023,1838.18,2162.56
rice,uttarpradesh,25-02-2023,1744.41,2052.25
rice,uttarpradesh,25-03-2023,1878.97,2210.55
rice,uttarpradesh,22-04-2023,1889.74,2223.22
rice,uttarpradesh,20-05-2023,1813.0,2132.94
rice,uttarpradesh,17-06-2023,1962.39,2308.69
rice,uttarpradesh,15-07-2023,2000.19,2353.17
rice,uttarpradesh,12-08-2023,1974.3,2322.71
rice,uttarpradesh,09-09-2023,1901.93,2237.57
rice,uttarpradesh,07-10-2023,2095.73,2465.57
rice,uttarpradesh,04-11-2023,2078.31,2445.07
rice,uttarpradesh,02-12-2023,2012.14,2367.22
rice,uttarpradesh,30-12-2023,1764.58,2075.98
rice,uttarpradesh,27-01-2024,1776.19,2089.64
rice,uttarpradesh,24-02-2024,1822.74,2144.4
rice,uttarpradesh,23-03-2024,1814.55,2134.76
rice,uttarpradesh,20-04-2024,1931.23,2272.03
rice,uttarpradesh,18-05-2024,1949.02,2292.97
rice,uttarpradesh,15-06-2024,1834.98,2158.8
rice,uttarpradesh,13-07-2024,2021.56,2378.3
rice,uttarpradesh,10-08-2024,1981.18,2330.8
rice,uttarpradesh,07-09-2024,2041.83,2402.15
rice,uttarpradesh,05-10-2024,2040.46,2400.54
rice,uttarpradesh,02-11-2024,2008.14,2362.52
rice,uttarpradesh,30-11-2024,2091.13,2460.15
rice,uttarpradesh,28-12-2024,1860.04,2188.28
rice,uttarpradesh,25-01-2025,1758.11,2068.36
rice,uttarpradesh,22-02-2025,1877.79,2209.17
rice,uttarpradesh,22-03-2025,1850.86,2177.48
rice,uttarpradesh,19-04-2025,1862.91,2191.66
rice,uttarpradesh,17-05-2025,1876.0,2207.06
rice,uttarpradesh,14-06-2025,1954.46,2299.37
rice,uttarpradesh,12-07-2025,1887.75,2220.88
rice,uttarpradesh,09-08-2025,2023.42,2380.5
rice,uttarpradesh,06-09-2025,2042.23,2402.62
rice,uttarpradesh,04-10-2025,1916.38,2254.57
rice,madhyapradesh,01-01-2022,2222.33,2614.51
rice,madhyapradesh,29-01-2022,2301.05,2707.12
rice,madhyapradesh,26-02-2022,2363.44,2780.52
rice,madhyapradesh,26-03-2022,2337.47,2749.97
rice,madhyapradesh,23-04-2022,2281.7,2684.35
rice,madhyapradesh,21-05-2022,2508.04,2950.63
rice,madhyapradesh,18-06-2022,2373.45,2792.3
rice,madhyapradesh,16-07-2022,2408.51,2833.54
rice,madhyapradesh,13-08-2022,2583.06,3038.89
rice,madhyapradesh,10-09-2022,2496.3,2936.82
rice,madhyapradesh,08-10-2022,2662.81,3132.72
rice,madhyapradesh,05-11-2022,2645.89,3112.81
rice,madhyapradesh,03-12-2022,2563.49,3015.87
rice,madhyapradesh,31-12-2022,2169.03,2551.8
rice,madhyapradesh,28-01-2023,2412.67,2838.43
rice,madhyapradesh,25-02-2023,2240.79,2636.22
rice,madhyapradesh,25-03-2023,2418.17,2844.91
rice,madhyapradesh,22-04-2023,2391.82,2813.9
rice,madhyapradesh,20-05-2023,2485.55,2924.18
rice,madhyapradesh,17-06-2023,2498.18,2939.04
rice,madhyapradesh,15-07-2023,2516.09,2960.1
rice,madhyapradesh,12-08-2023,2506.06,2948.3
rice,madhyapradesh,09-09-2023,2611.12,3071.9
rice,madhyapradesh,07-10-2023,2460.86,2895.13
rice,madhyapradesh,04-11-2023,2521.49,2966.46
rice,madhyapradesh,02-12-2023,2672.44,3144.05
rice,madhyapradesh,30-12-2023,2236.55,2631.24
rice,madhyapradesh,27-01-2024,2328.03,2738.86
rice,madhyapradesh,24-02-2024,2331.41,2742.83
rice,madhyapradesh,23-03-2024,2373.42,2792.26
rice,madhyapradesh,20-04-2024,2376.71,2796.13
rice,madhyapradesh,18-05-2024,2482.59,2920.7
rice,madhyapradesh,15-06-2024,2409.97,2835.26
rice,madhyapradesh,13-07-2024,2530.21,2976.72
rice,madhyapradesh,10-08-2024,2450.89,2883.4
rice,madhyapradesh,07-09-2024,2473.74,2910.28
rice,madhyapradesh,05-10-2024,2467.94,2903.46
rice,madhyapradesh,02-11-2024,2513.97,2957.61
rice,madhyapradesh,30-11-2024,2522.39,2967.52
rice,madhyapradesh,28-12-2024,2288.93,2692.86
rice,madhyapradesh,25-01-2025,2369.75,2787.94
rice,madhyapradesh,22-02-2025,2264.05,2663.59
rice,madhyapradesh,22-03-2025,2298.99,2704.7
rice,madhyapradesh,19-04-2025,2390.77,2812.67
rice,madhyapradesh,17-05-2025,2477.42,2914.61
rice,madhyapradesh,14-06-2025,2568.29,3021.52
rice,madhyapradesh,12-07-2025,2486.01,2924.72
rice,madhyapradesh,09-08-2025,2453.92,2886.97
rice,madhyapradesh,06-09-2025,2435.46,2865.25
rice,madhyapradesh,04-10-2025,2486.79,2925.63
rice,westbengal,01-01-2022,1727.33,2032.15
rice,westbengal,29-01-2022,1719.01,2022.36
rice,westbengal,26-02-2022,1835.29,2159.17
rice,westbengal,26-03-2022,1809.53,2128.86
rice,westbengal,23-04-2022,1962.44,2308.75
rice,westbengal,21-05-2022,1905.95,2242.29
rice,westbengal,18-06-2022,1955.96,2301.13
rice,westbengal,16-07-2022,1867.84,2197.46
rice,westbengal,13-08-2022,2034.93,2394.03
rice,westbengal,10-09-2022,1983.07,2333.02
rice,westbengal,08-10-2022,2081.95,2449.35
rice,westbengal,05-11-2022,2044.43,2405.21
rice,westbengal,03-12-2022,2045.38,2406.33
rice,westbengal,31-12-2022,1773.91,2086.95
rice,westbengal,28-01-2023,1749.77,2058.55
rice,westbengal,25-02-2023,1747.0,2055.29
rice,westbengal,25-03-2023,1932.97,2274.08
rice,westbengal,22-04-2023,1869.41,2199.3
rice,westbengal,20-05-2023,1956.9,2302.24
rice,westbengal,17-06-2023,1899.05,2234.18
rice,westbengal,15-07-2023,1857.71,2185.54
rice,westbengal,12-08-2023,1988.02,2338.85
rice,westbengal,09-09-2023,1896.27,2230.91
rice,westbengal,07-10-2023,1936.72,2278.5
rice,westbengal,04-11-2023,2042.15,2402.53
rice,westbengal,02-12-2023,2011.41,2366.36
rice,westbengal,30-12-2023,1872.68,2203.15
rice,westbengal,27-01-2024,1737.86,2044.54
rice,westbengal,24-02-2024,1877.42,2208.73
rice,westbengal,23-03-2024,1870.99,2201.17
rice,westbengal,20-04-2024,1928.05,2268.29
rice,westbengal,18-05-2024,1843.83,2169.21
rice,westbengal,15-06-2024,1922.43,2261.68
rice,westbengal,13-07-2024,1930.75,2271.47
rice,westbengal,10-08-2024,1951.37,2295.73
rice,westbengal,07-09-2024,2056.36,2419.25
rice,westbengal,05-10-2024,2105.49,2477.05
rice,westbengal,02-11-2024,1989.9,2341.06
rice,westbengal,30-11-2024,2076.49,2442.93
rice,westbengal,28-12-2024,1804.1,2122.47
rice,westbengal,25-01-2025,1850.17,2176.67
rice,westbengal,22-02-2025,1910.92,2248.14
rice,westbengal,22-03-2025,1797.21,2114.37
rice,westbengal,19-04-2025,1819.43,2140.51
rice,westbengal,17-05-2025,1926.24,2266.17
rice,westbengal,14-06-2025,1852.31,2179.19
rice,westbengal,12-07-2025,1877.06,2208.31
rice,westbengal,09-08-2025,1879.21,2210.84
rice,westbengal,06-09-2025,1886.16,2219.01
rice,westbengal,04-10-2025,1997.2,2349.65
rice,bihar,01-01-2022,2019.37,2375.73
rice,bihar,29-01-2022,2032.08,2390.68
rice,bihar,26-02-2022,2157.62,2538.38
rice,bihar,26-03-2022,2183.03,2568.27
rice,bihar,23-04-2022,2155.37,2535.73
rice,bihar,21-05-2022,2232.11,2626.01
rice,bihar,18-06-2022,2310.75,2718.53
rice,bihar,16-07-2022,2307.05,2714.18
rice,bihar,13-08-2022,2296.6,2701.88
rice,bihar,10-09-2022,2330.94,2742.28
rice,bihar,08-10-2022,2420.28,2847.39
rice,bihar,05-11-2022,2327.85,2738.65
rice,bihar,03-12-2022,2381.71,2802.01
rice,bihar,31-12-2022,2092.87,2462.2
rice,bihar,28-01-2023,2173.42,2556.97
rice,bihar,25-02-2023,2182.92,2568.14
rice,bihar,25-03-2023,2047.9,2409.29
rice,bihar,22-04-2023,2092.99,2462.34
rice,bihar,20-05-2023,2148.9,2528.12
rice,bihar,17-06-2023,2271.97,2672.9
rice,bihar,15-07-2023,2258.03,2656.5
rice,bihar,12-08-2023,2220.28,2612.1
rice,bihar,09-09-2023,2207.79,2597.4
rice,bihar,07-10-2023,2363.45,2780.53
rice,bihar,04-11-2023,2392.26,2814.42
rice,bihar,02-12-2023,2476.1,2913.06
rice,bihar,30-12-2023,2062.52,2426.49
rice,bihar,27-01-2024,2086.85,2455.12
rice,bihar,24-02-2024,2025.18,2382.57
rice,bihar,23-03-2024,2041.15,2401.35
rice,bihar,20-04-2024,2150.61,2530.13
rice,bihar,18-05-2024,2152.12,2531.91
rice,bihar,15-06-2024,2161.44,2542.87
rice,bihar,13-07-2024,2150.86,2530.42
rice,bihar,10-08-2024,2373.0,2791.77
rice,bihar,07-09-2024,2371.02,2789.44
rice,bihar,05-10-2024,2337.13,2749.56
rice,bihar,02-11-2024,2451.14,2883.69
rice,bihar,30-11-2024,2489.6,2928.94
rice,bihar,28-12-2024,2097.95,2468.18
rice,bihar,25-01-2025,2040.02,2400.02
rice,bihar,22-02-2025,2016.68,2372.57
rice,bihar,22-03-2025,2194.43,2581.68
rice,bihar,19-04-2025,2158.94,2539.93
rice,bihar,17-05-2025,2224.25,2616.76
rice,bihar,14-06-2025,2309.02,2716.49
rice,bihar,12-07-2025,2171.08,2554.21
rice,bihar,09-08-2025,2287.59,2691.28
rice,bihar,06-09-2025,2324.88,2735.15
rice,bihar,04-10-2025,2317.76,2726.78
rice,odisha,01-01-2022,1655.62,1947.79
rice,odisha,29-01-2022,1673.78,1969.15
rice,odisha,26-02-2022,1752.44,2061.7
rice,odisha,26-03-2022,1806.49,2125.28
rice,odisha,23-04-2022,1735.03,2041.21
rice,odisha,21-05-2022,1820.63,2141.92
rice,odisha,18-06-2022,1768.74,2080.87
rice,odisha,16-07-2022,1909.36,2246.31
rice,odisha,13-08-2022,1906.93,2243.45
rice,odisha,10-09-2022,1879.29,2210.93
rice,odisha,08-10-2022,1882.35,2214.53
rice,odisha,05-11-2022,1876.4,2207.53
rice,odisha,03-12-2022,1898.68,2233.74
rice,odisha,31-12-2022,1760.23,2070.86
rice,odisha,28-01-2023,1685.85,1983.35
rice,odisha,25-02-2023,1725.64,2030.17
rice,odisha,25-03-2023,1829.23,2152.04
rice,odisha,22-04-2023,1792.9,2109.29
rice,odisha,20-05-2023,1793.64,2110.17
rice,odisha,17-06-2023,1791.33,2107.45
rice,odisha,15-07-2023,1770.87,2083.38
rice,odisha,12-08-2023,1823.39,2145.17
rice,odisha,09-09-2023,1917.88,2256.33
rice,odisha,07-10-2023,1914.61,2252.48
rice,odisha,04-11-2023,1961.57,2307.73
rice,odisha,02-12-2023,1875.54,2206.52
rice,odisha,30-12-2023,1689.46,1987.6
rice,odisha,27-01-2024,1774.95,2088.18
rice,odisha,24-02-2024,1712.46,2014.66
rice,odisha,23-03-2024,1778.68,2092.56
rice,odisha,20-04-2024,1698.25,1997.94
rice,odisha,18-05-2024,1870.54,2200.64
rice,odisha,15-06-2024,1826.68,2149.04
rice,odisha,13-07-2024,1780.33,2094.5
rice,odisha,10-08-2024,1785.79,2100.93
rice,odisha,07-09-2024,1879.43,2211.09
rice,odisha,05-10-2024,1900.78,2236.21
rice,odisha,02-11-2024,1834.1,2157.76
rice,odisha,30-11-2024,2027.98,2385.86
rice,odisha,28-12-2024,1750.61,2059.54
rice,odisha,25-01-2025,1695.6,1994.82
rice,odisha,22-02-2025,1657.21,1949.66
rice,odisha,22-03-2025,1802.03,2120.03
rice,odisha,19-04-2025,1764.78,2076.21
rice,odisha,17-05-2025,1824.73,2146.74
rice,odisha,14-06-2025,1808.61,2127.78
rice,odisha,12-07-2025,1786.56,2101.84
rice,odisha,09-08-2025,1910.84,2248.05
rice,odisha,06-09-2025,1959.73,2305.56
rice,odisha,04-10-2025,1842.43,2167.57
ragi,karnataka,01-01-2022,1417.54,1667.69
ragi,karnataka,29-01-2022,1513.38,1780.45
ragi,karnataka,26-02-2022,1471.22,1730.85
ragi,karnataka,26-03-2022,1544.35,1816.88
ragi,karnataka,23-04-2022,1560.61,1836.01
ragi,karnataka,21-05-2022,1489.59,1752.46
ragi,karnataka,18-06-2022,1586.28,1866.21
ragi,karnataka,16-07-2022,1546.2,1819.06
ragi,karnataka,13-08-2022,1645.86,1936.3
ragi,karnataka,10-09-2022,1596.48,1878.21
ragi,karnataka,08-10-2022,1664.84,1958.64
ragi,karnataka,05-11-2022,1595.61,1877.19
ragi,karnataka,03-12-2022,1615.71,1900.83
ragi,karnataka,31-12-2022,1446.7,1702.0
ragi,karnataka,28-01-2023,1524.57,1793.61
ragi,karnataka,25-02-2023,1468.49,1727.64
ragi,karnataka,25-03-2023,1435.62,1688.96
ragi,karnataka,22-04-2023,1511.61,1778.36
ragi,karnataka,20-05-2023,1500.09,1764.81
ragi,karnataka,17-06-2023,1549.58,1823.03
ragi,karnataka,15-07-2023,1566.24,1842.63
ragi,karnataka,12-08-2023,1570.32,1847.43
ragi,karnataka,09-09-2023,1566.81,1843.31
ragi,karnataka,07-10-2023,1562.91,1838.72
ragi,karnataka,04-11-2023,1663.24,1956.75
ragi,karnataka,02-12-2023,1660.76,1953.83
ragi,karnataka,30-12-2023,1396.01,1642.37
ragi,karnataka,27-01-2024,1492.13,1755.45
ragi,karnataka,24-02-2024,1402.92,1650.5
ragi,karnataka,23-03-2024,1524.31,1793.31
ragi,karnataka,20-04-2024,1536.7,1807.88
ragi,karnataka,18-05-2024,1571.13,1848.39
ragi,karnataka,15-06-2024,1524.02,1792.96
ragi,karnataka,13-07-2024,1584.99,1864.7
ragi,karnataka,10-08-2024,1627.95,1915.24
ragi,karnataka,07-09-2024,1671.95,1967.0
ragi,karnataka,05-10-2024,1612.38,1896.92
ragi,karnataka,02-11-2024,1555.52,1830.02
ragi,karnataka,30-11-2024,1649.3,1940.35
ragi,karnataka,28-12-2024,1447.17,1702.55
ragi,karnataka,25-01-2025,1505.81,1771.54
ragi,karnataka,22-02-2025,1525.02,1794.14
ragi,karnataka,22-03-2025,1479.03,1740.03
ragi,karnataka,19-04-2025,1509.7,1776.12
ragi,karnataka,17-05-2025,1517.12,1784.85
ragi,karnataka,14-06-2025,1575.87,1853.96
ragi,karnataka,12-07-2025,1545.43,1818.15
ragi,karnataka,09-08-2025,1601.77,1884.44
ragi,karnataka,06-09-2025,1540.11,1811.89
ragi,karnataka,04-10-2025,1608.22,1892.02
ragi,tamilnadu,01-01-2022,1631.44,1919.34
ragi,tamilnadu,29-01-2022,1711.25,2013.23
ragi,tamilnadu,26-02-2022,1725.04,2029.46
ragi,tamilnadu,26-03-2022,1780.78,2095.03
ragi,tamilnadu,23-04-2022,1802.29,2120.34
ragi,tamilnadu,21-05-2022,1824.93,2146.98
ragi,tamilnadu,18-06-2022,1760.93,2071.68
ragi,tamilnadu,16-07-2022,1769.95,2082.29
ragi,tamilnadu,13-08-2022,1863.57,2192.44
ragi,tamilnadu,10-09-2022,1892.21,2226.13
ragi,tamilnadu,08-10-2022,1934.51,2275.89
ragi,tamilnadu,05-11-2022,1798.22,2115.55
ragi,tamilnadu,03-12-2022,1824.14,2146.05
ragi,tamilnadu,31-12-2022,1679.96,1976.42
ragi,tamilnadu,28-01-2023,1749.56,2058.31
ragi,tamilnadu,25-02-2023,1784.12,2098.96
ragi,tamilnadu,25-03-2023,1762.71,2073.78
ragi,tamilnadu,22-04-2023,1729.45,2034.65
ragi,tamilnadu,20-05-2023,1690.89,1989.28
ragi,tamilnadu,17-06-2023,1806.16,2124.89
ragi,tamilnadu,15-07-2023,1870.18,2200.21
ragi,tamilnadu,12-08-2023,1813.42,2133.43
ragi,tamilnadu,09-09-2023,1880.15,2211.94
ragi,tamilnadu,07-10-2023,1940.29,2282.7
ragi,tamilnadu,04-11-2023,1800.12,2117.79
ragi,tamilnadu,02-12-2023,1962.88,2309.27
ragi,tamilnadu,30-12-2023,1623.94,1910.52
ragi,tamilnadu,27-01-2024,1657.88,1950.45
ragi,tamilnadu,24-02-2024,1639.34,1928.63
ragi,tamilnadu,23-03-2024,1725.63,2030.15
ragi,tamilnadu,20-04-2024,1752.43,2061.68
ragi,tamilnadu,18-05-2024,1813.16,2133.13
ragi,tamilnadu,15-06-2024,1723.49,2027.64
ragi,tamilnadu,13-07-2024,1727.09,2031.87
ragi,tamilnadu,10-08-2024,1891.32,2225.08
ragi,tamilnadu,07-09-2024,1866.45,2195.82
ragi,tamilnadu,05-10-2024,1816.71,2137.31
ragi,tamilnadu,02-11-2024,1963.58,2310.1
ragi,tamilnadu,30-11-2024,1838.39,2162.81
ragi,tamilnadu,28-12-2024,1651.76,1943.25
ragi,tamilnadu,25-01-2025,1637.58,1926.57
ragi,tamilnadu,22-02-2025,1657.99,1950.58
ragi,tamilnadu,22-03-2025,1635.87,1924.55
ragi,tamilnadu,19-04-2025,1793.98,2110.57
ragi,tamilnadu,17-05-2025,1832.31,2155.66
ragi,tamilnadu,14-06-2025,1813.97,2134.08
ragi,tamilnadu,12-07-2025,1741.34,2048.63
ragi,tamilnadu,09-08-2025,1813.06,2133.01
ragi,tamilnadu,06-09-2025,1815.89,2136.34
ragi,tamilnadu,04-10-2025,1881.39,2213.4
ragi,andhrapradesh,01-01-2022,1470.01,1729.42
ragi,andhrapradesh,29-01-2022,1462.21,1720.25
ragi,andhrapradesh,26-02-2022,1570.6,1847.76
ragi,andhrapradesh,26-03-2022,1490.42,1753.44
ragi,andhrapradesh,23-04-2022,1537.19,1808.46
ragi,andhrapradesh,21-05-2022,1570.96,1848.19
ragi,andhrapradesh,18-06-2022,1550.24,1823.81
ragi,andhrapradesh,16-07-2022,1622.14,1908.4
ragi,andhrapradesh,13-08-2022,1641.21,1930.84
ragi,andhrapradesh,10-09-2022,1728.68,2033.74
ragi,andhrapradesh,08-10-2022,1631.87,1919.85
ragi,andhrapradesh,05-11-2022,1764.97,2076.43
ragi,andhrapradesh,03-12-2022,1729.89,2035.16
ragi,andhrapradesh,31-12-2022,1447.81,1703.31
ragi,andhrapradesh,28-01-2023,1509.58,1775.98
ragi,andhrapradesh,25-02-2023,1546.38,1819.27
ragi,andhrapradesh,25-03-2023,1574.24,1852.05
ragi,andhrapradesh,22-04-2023,1484.99,1747.05
ragi,andhrapradesh,20-05-2023,1590.34,1870.99
ragi,andhrapradesh,17-06-2023,1591.56,1872.42
ragi,andhrapradesh,15-07-2023,1675.65,1971.35
ragi,andhrapradesh,12-08-2023,1594.2,1875.53
ragi,andhrapradesh,09-09-2023,1696.74,1996.17
ragi,andhrapradesh,07-10-2023,1683.82,1980.97
ragi,andhrapradesh,04-11-2023,1659.58,1952.45
ragi,andhrapradesh,02-12-2023,1726.21,2030.83
ragi,andhrapradesh,30-12-2023,1499.12,1763.67
ragi,andhrapradesh,27-01-2024,1526.35,1795.71
ragi,andhrapradesh,24-02-2024,1551.71,1825.54
ragi,andhrapradesh,23-03-2024,1561.11,1836.6
ragi,andhrapradesh,20-04-2024,1607.74,1891.46
ragi,andhrapradesh,18-05-2024,1593.78,1875.04
ragi,andhrapradesh,15-06-2024,1656.3,1948.59
ragi,andhrapradesh,13-07-2024,1634.12,1922.5
ragi,andhrapradesh,10-08-2024,1597.91,1879.89
ragi,andhrapradesh,07-09-2024,1637.75,1926.77
ragi,andhrapradesh,05-10-2024,1679.24,1975.58
ragi,andhrapradesh,02-11-2024,1723.6,2027.77
ragi,andhrapradesh,30-11-2024,1633.14,1921.34
ragi,andhrapradesh,28-12-2024,1450.87,1706.9
ragi,andhrapradesh,25-01-2025,1536.81,1808.01
ragi,andhrapradesh,22-02-2025,1468.93,1728.15
ragi,andhrapradesh,22-03-2025,1480.12,1741.32
ragi,andhrapradesh,19-04-2025,1561.25,1836.77
ragi,andhrapradesh,17-05-2025,1647.79,1938.58
ragi,andhrapradesh,14-06-2025,1596.99,1878.81
ragi,andhrapradesh,12-07-2025,1677.15,1973.12
ragi,andhrapradesh,09-08-2025,1682.86,1979.84
ragi,andhrapradesh,06-09-2025,1607.47,1891.14
ragi,andhrapradesh,04-10-2025,1720.08,2023.62
ragi,telangana,01-01-2022,1439.85,1693.94
ragi,telangana,29-01-2022,1449.33,1705.1
ragi,telangana,26-02-2022,1408.79,1657.4
ragi,telangana,26-03-2022,1393.53,1639.45
ragi,telangana,23-04-2022,1534.63,1805.45
ragi,telangana,21-05-2022,1430.85,1683.35
ragi,telangana,18-06-2022,1571.64,1848.99
ragi,telangana,16-07-2022,1573.72,1851.44
ragi,telangana,13-08-2022,1570.89,1848.11
ragi,telangana,10-09-2022,1628.45,1915.82
ragi,telangana,08-10-2022,1644.72,1934.96
ragi,telangana,05-11-2022,1637.12,1926.02
ragi,telangana,03-12-2022,1584.59,1864.22
ragi,telangana,31-12-2022,1437.64,1691.34
ragi,telangana,28-01-2023,1345.7,1583.18
ragi,telangana,25-02-2023,1437.12,1690.73
ragi,telangana,25-03-2023,1442.76,1697.36
ragi,telangana,22-04-2023,1492.09,1755.4
ragi,telangana,20-05-2023,1509.74,1776.17
ragi,telangana,17-06-2023,1514.28,1781.51
ragi,telangana,15-07-2023,1567.99,1844.7
ragi,telangana,12-08-2023,1604.09,1887.17
ragi,telangana,09-09-2023,1493.01,1756.48
ragi,telangana,07-10-2023,1529.47,1799.38
ragi,telangana,04-11-2023,1513.26,1780.31
ragi,telangana,02-12-2023,1667.86,1962.19
ragi,telangana,30-12-2023,1405.61,1653.66
ragi,telangana,27-01-2024,1473.19,1733.17
ragi,telangana,24-02-2024,1391.99,1637.63
ragi,telangana,23-03-2024,1386.01,1630.6
ragi,telangana,20-04-2024,1514.24,1781.46
ragi,telangana,18-05-2024,1544.93,1817.56
ragi,telangana,15-06-2024,1471.89,1731.63
ragi,telangana,13-07-2024,1505.09,1770.69
ragi,telangana,10-08-2024,1481.1,1742.47
ragi,telangana,07-09-2024,1623.21,1909.66
ragi,telangana,05-10-2024,1540.56,1812.42
ragi,telangana,02-11-2024,1587.55,1867.71
ragi,telangana,30-11-2024,1541.45,1813.47
ragi,telangana,28-12-2024,1451.13,1707.21
ragi,telangana,25-01-2025,1362.92,1603.44
ragi,telangana,22-02-2025,1425.25,1676.76
ragi,telangana,22-03-2025,1474.02,1734.14
ragi,telangana,19-04-2025,1502.4,1767.53
ragi,telangana,17-05-2025,1550.36,1823.95
ragi,telangana,14-06-2025,1489.45,1752.29
ragi,telangana,12-07-2025,1555.81,1830.37
ragi,telangana,09-08-2025,1483.36,1745.13
ragi,telangana,06-09-2025,1540.64,1812.52
ragi,telangana,04-10-2025,1508.29,1774.46
ragi,kerala,01-01-2022,1388.18,1633.15
ragi,kerala,29-01-2022,1482.58,1744.21
ragi,kerala,26-02-2022,1368.9,1610.47
ragi,kerala,26-03-2022,1434.66,1687.84
ragi,kerala,23-04-2022,1462.63,1720.74
ragi,kerala,21-05-2022,1555.49,1829.99
ragi,kerala,18-06-2022,1559.44,1834.63
ragi,kerala,16-07-2022,1462.35,1720.41
ragi,kerala,13-08-2022,1569.47,1846.44
ragi,kerala,10-09-2022,1565.27,1841.49
ragi,kerala,08-10-2022,1651.12,1942.49
ragi,kerala,05-11-2022,1570.77,1847.97
ragi,kerala,03-12-2022,1594.36,1875.72
ragi,kerala,31-12-2022,1357.59,1597.16
ragi,kerala,28-01-2023,1364.93,1605.8
ragi,kerala,25-02-2023,1485.98,1748.21
ragi,kerala,25-03-2023,1446.9,1702.23
ragi,kerala,22-04-2023,1494.89,1758.7
ragi,kerala,20-05-2023,1509.52,1775.91
ragi,kerala,17-06-2023,1520.54,1788.87
ragi,kerala,15-07-2023,1450.47,1706.44
ragi,kerala,12-08-2023,1585.05,1864.77
ragi,kerala,09-09-2023,1518.38,1786.33
ragi,kerala,07-10-2023,1516.87,1784.55
ragi,kerala,04-11-2023,1603.58,1886.57
ragi,kerala,02-12-2023,1541.28,1813.27
ragi,kerala,30-12-2023,1438.2,1692.0
ragi,kerala,27-01-2024,1376.98,1619.98
ragi,kerala,24-02-2024,1395.22,1641.43
ragi,kerala,23-03-2024,1507.21,1773.19
ragi,kerala,20-04-2024,1445.74,1700.87
ragi,kerala,18-05-2024,1435.97,1689.38
ragi,kerala,15-06-2024,1566.23,1842.62
ragi,kerala,13-07-2024,1447.65,1703.12
ragi,kerala,10-08-2024,1596.09,1877.75
ragi,kerala,07-09-2024,1502.97,1768.2
ragi,kerala,05-10-2024,1517.51,1785.31
ragi,kerala,02-11-2024,1553.56,1827.72
ragi,kerala,30-11-2024,1558.34,1833.34
ragi,kerala,28-12-2024,1423.61,1674.84
ragi,kerala,25-01-2025,1351.25,1589.71
ragi,kerala,22-02-2025,1366.33,1607.45
ragi,kerala,22-03-2025,1495.63,1759.56
ragi,kerala,19-04-2025,1432.4,1685.18
ragi,kerala,17-05-2025,1462.2,1720.24
ragi,kerala,14-06-2025,1456.86,1713.95
ragi,kerala,12-07-2025,1455.2,1712.0
ragi,kerala,09-08-2025,1578.11,1856.6
ragi,kerala,06-09-2025,1562.4,1838.12
ragi,kerala,04-10-2025,1614.53,1899.45
ragi,maharashtra,01-01-2022,1432.79,1685.63
ragi,maharashtra,29-01-2022,1413.29,1662.69
ragi,maharashtra,26-02-2022,1372.95,1615.23
ragi,maharashtra,26-03-2022,1446.75,1702.06
ragi,maharashtra,23-04-2022,1528.78,1798.56
ragi,maharashtra,21-05-2022,1413.35,1662.76
ragi,maharashtra,18-06-2022,1540.8,1812.71
ragi,maharashtra,16-07-2022,1571.38,1848.68
ragi,maharashtra,13-08-2022,1536.43,1807.57
ragi,maharashtra,10-09-2022,1544.02,1816.5
ragi,maharashtra,08-10-2022,1640.68,1930.21
ragi,maharashtra,05-11-2022,1515.69,1783.16
ragi,maharashtra,03-12-2022,1599.33,1881.56
ragi,maharashtra,31-12-2022,1380.32,1623.9
ragi,maharashtra,28-01-2023,1437.68,1691.39
ragi,maharashtra,25-02-2023,1427.41,1679.31
ragi,maharashtra,25-03-2023,1505.44,1771.11
ragi,maharashtra,22-04-2023,1401.17,1648.43
ragi,maharashtra,20-05-2023,1418.89,1669.28
ragi,maharashtra,17-06-2023,1514.59,1781.87
ragi,maharashtra,15-07-2023,1449.92,1705.79
ragi,maharashtra,12-08-2023,1498.65,1763.12
ragi,maharashtra,09-09-2023,1571.17,1848.43
ragi,maharashtra,07-10-2023,1575.5,1853.53
ragi,maharashtra,04-11-2023,1557.6,1832.47
ragi,maharashtra,02-12-2023,1681.97,1978.79
ragi,maharashtra,30-12-2023,1398.28,1645.04
ragi,maharashtra,27-01-2024,1404.89,1652.81
ragi,maharashtra,24-02-2024,1443.87,1698.67
ragi,maharashtra,23-03-2024,1388.23,1633.21
ragi,maharashtra,20-04-2024,1493.12,1756.61
ragi,maharashtra,18-05-2024,1533.22,1803.79
ragi,maharashtra,15-06-2024,1520.97,1789.38
ragi,maharashtra,13-07-2024,1556.52,1831.2
ragi,maharashtra,10-08-2024,1567.0,1843.53
ragi,maharashtra,07-09-2024,1506.34,1772.17
ragi,maharashtra,05-10-2024,1560.33,1835.68
ragi,maharashtra,02-11-2024,1542.27,1814.43
ragi,maharashtra,30-11-2024,1576.89,1855.16
ragi,maharashtra,28-12-2024,1387.55,1632.41
ragi,maharashtra,25-01-2025,1399.56,1646.54
ragi,maharashtra,22-02-2025,1370.96,1612.89
ragi,maharashtra,22-03-2025,1435.61,1688.95
ragi,maharashtra,19-04-2025,1487.75,1750.29
ragi,maharashtra,17-05-2025,1462.36,1720.42
ragi,maharashtra,14-06-2025,1446.32,1701.55
ragi,maharashtra,12-07-2025,1579.87,1858.67
ragi,maharashtra,09-08-2025,1466.78,1725.62
ragi,maharashtra,06-09-2025,1601.97,1884.67
ragi,maharashtra,04-10-2025,1504.14,1769.58
ragi,gujarat,01-01-2022,1218.98,1434.1
ragi,gujarat,29-01-2022,1242.99,1462.34
ragi,gujarat,26-02-2022,1227.14,1443.69
ragi,gujarat,26-03-2022,1245.79,1465.63
ragi,gujarat,23-04-2022,1257.66,1479.6
ragi,gujarat,21-05-2022,1243.26,1462.66
ragi,gujarat,18-06-2022,1231.32,1448.61
ragi,gujarat,16-07-2022,1275.56,1500.66
ragi,gujarat,13-08-2022,1331.02,1565.9
ragi,gujarat,10-09-2022,1357.36,1596.89
ragi,gujarat,08-10-2022,1388.36,1633.36
ragi,gujarat,05-11-2022,1383.84,1628.05
ragi,gujarat,03-12-2022,1432.88,1685.74
ragi,gujarat,31-12-2022,1202.51,1414.72
ragi,gujarat,28-01-2023,1187.53,1397.09
ragi,gujarat,25-02-2023,1229.76,1446.78
ragi,gujarat,25-03-2023,1199.63,1411.33
ragi,gujarat,22-04-2023,1269.55,1493.59
ragi,gujarat,20-05-2023,1229.93,1446.98
ragi,gujarat,17-06-2023,1229.52,1446.5
ragi,gujarat,15-07-2023,1339.22,1575.55
ragi,gujarat,12-08-2023,1292.02,1520.02
ragi,gujarat,09-09-2023,1358.99,1598.81
ragi,gujarat,07-10-2023,1348.98,1587.04
ragi,gujarat,04-11-2023,1395.51,1641.78
ragi,gujarat,02-12-2023,1416.01,1665.89
ragi,gujarat,30-12-2023,1247.05,1467.12
ragi,gujarat,27-01-2024,1243.79,1463.28
ragi,gujarat,24-02-2024,1234.12,1451.9
ragi,gujarat,23-03-2024,1252.73,1473.8
ragi,gujarat,20-04-2024,1190.74,1400.87
ragi,gujarat,18-05-2024,1319.08,1551.86
ragi,gujarat,15-06-2024,1321.82,1555.08
ragi,gujarat,13-07-2024,1264.41,1487.54
ragi,gujarat,10-08-2024,1267.52,1491.2
ragi,gujarat,07-09-2024,1351.06,1589.48
ragi,gujarat,05-10-2024,1313.49,1545.28
ragi,gujarat,02-11-2024,1332.23,1567.33
ragi,gujarat,30-11-2024,1301.16,1530.78
ragi,gujarat,28-12-2024,1234.59,1452.46
ragi,gujarat,25-01-2025,1213.4,1427.53
ragi,gujarat,22-02-2025,1208.15,1421.35
ragi,gujarat,22-03-2025,1190.88,1401.03
ragi,gujarat,19-04-2025,1266.6,1490.12
ragi,gujarat,17-05-2025,1205.44,1418.17
ragi,gujarat,14-06-2025,1311.15,1542.53
ragi,gujarat,12-07-2025,1257.63,1479.57
ragi,gujarat,09-08-2025,1298.87,1528.08
ragi,gujarat,06-09-2025,1303.14,1533.11
ragi,gujarat,04-10-2025,1321.66,1554.9
ragi,rajasthan,01-01-2022,1567.75,1844.41
ragi,rajasthan,29-01-2022,1554.98,1829.39
ragi,rajasthan,26-02-2022,1498.68,1763.15
ragi,rajasthan,26-03-2022,1511.79,1778.58
ragi,rajasthan,23-04-2022,1546.76,1819.72
ragi,rajasthan,21-05-2022,1639.76,1929.13
ragi,rajasthan,18-06-2022,1668.22,1962.61
ragi,rajasthan,16-07-2022,1620.92,1906.96
ragi,rajasthan,13-08-2022,1704.91,2005.78
ragi,rajasthan,10-09-2022,1694.35,1993.35
ragi,rajasthan,08-10-2022,1705.87,2006.9
ragi,rajasthan,05-11-2022,1695.49,1994.69
ragi,rajasthan,03-12-2022,1798.57,2115.97
ragi,rajasthan,31-12-2022,1466.6,1725.41
ragi,rajasthan,28-01-2023,1533.71,1804.37
ragi,rajasthan,25-02-2023,1529.68,1799.62
ragi,rajasthan,25-03-2023,1610.85,1895.12
ragi,rajasthan,22-04-2023,1599.49,1881.75
ragi,rajasthan,20-05-2023,1647.75,1938.53
ragi,rajasthan,17-06-2023,1565.16,1841.36
ragi,rajasthan,15-07-2023,1641.34,1930.99
ragi,rajasthan,12-08-2023,1694.42,1993.43
ragi,rajasthan,09-09-2023,1613.24,1897.93
ragi,rajasthan,07-10-2023,1681.73,1978.51
ragi,rajasthan,04-11-2023,1684.74,1982.05
ragi,rajasthan,02-12-2023,1690.24,1988.52
ragi,rajasthan,30-12-2023,1488.21,1750.84
ragi,rajasthan,27-01-2024,1518.0,1785.88
ragi,rajasthan,24-02-2024,1486.6,1748.94
ragi,rajasthan,23-03-2024,1621.7,1907.88
ragi,rajasthan,20-04-2024,1549.69,1823.16
ragi,rajasthan,18-05-2024,1601.25,1883.82
ragi,rajasthan,15-06-2024,1673.09,1968.34
ragi,rajasthan,13-07-2024,1658.76,1951.48
ragi,rajasthan,10-08-2024,1733.68,2039.62
ragi,rajasthan,07-09-2024,1748.73,2057.33
ragi,rajasthan,05-10-2024,1642.38,1932.21
ragi,rajasthan,02-11-2024,1797.6,2114.82
ragi,rajasthan,30-11-2024,1673.59,1968.93
ragi,rajasthan,28-12-2024,1452.1,1708.35
ragi,rajasthan,25-01-2025,1609.59,1893.64
ragi,rajasthan,22-02-2025,1620.19,1906.11
ragi,rajasthan,22-03-2025,1594.59,1875.99
ragi,rajasthan,19-04-2025,1613.38,1898.1
ragi,rajasthan,17-05-2025,1654.61,1946.6
ragi,rajasthan,14-06-2025,1626.19,1913.17
ragi,rajasthan,12-07-2025,1594.89,1876.34
ragi,rajasthan,09-08-2025,1597.36,1879.25
ragi,rajasthan,06-09-2025,1667.05,1961.23
ragi,rajasthan,04-10-2025,1767.51,2079.42
ragi,punjab,01-01-2022,1518.87,1786.91
ragi,punjab,29-01-2022,1550.88,1824.56
ragi,punjab,26-02-2022,1444.68,1699.62
ragi,punjab,26-03-2022,1577.61,1856.01
ragi,punjab,23-04-2022,1503.79,1769.17
ragi,punjab,21-05-2022,1575.63,1853.68
ragi,punjab,18-06-2022,1583.87,1863.38
ragi,punjab,16-07-2022,1581.77,1860.9
ragi,punjab,13-08-2022,1586.09,1865.99
ragi,punjab,10-09-2022,1608.86,1892.78
ragi,punjab,08-10-2022,1625.84,1912.75
ragi,punjab,05-11-2022,1616.29,1901.52
ragi,punjab,03-12-2022,1691.88,1990.45
ragi,punjab,31-12-2022,1413.32,1662.73
ragi,punjab,28-01-2023,1489.88,1752.8
ragi,punjab,25-02-2023,1567.9,1844.59
ragi,punjab,25-03-2023,1502.1,1767.18
ragi,punjab,22-04-2023,1578.51,1857.07
ragi,punjab,20-05-2023,1611.57,1895.96
ragi,punjab,17-06-2023,1629.87,1917.49
ragi,punjab,15-07-2023,1556.27,1830.91
ragi,punjab,12-08-2023,1559.61,1834.83
ragi,punjab,09-09-2023,1585.6,1865.41
ragi,punjab,07-10-2023,1670.37,1965.14
ragi,punjab,04-11-2023,1715.27,2017.97
ragi,punjab,02-12-2023,1716.4,2019.29
ragi,punjab,30-12-2023,1422.6,1673.65
ragi,punjab,27-01-2024,1529.01,1798.84
ragi,punjab,24-02-2024,1505.85,1771.59
ragi,punjab,23-03-2024,1563.88,1839.86
ragi,punjab,20-04-2024,1583.52,1862.97
ragi,punjab,18-05-2024,1553.77,1827.97
ragi,punjab,15-06-2024,1647.1,1937.77
ragi,punjab,13-07-2024,1608.74,1892.63
ragi,punjab,10-08-2024,1638.64,1927.81
ragi,punjab,07-09-2024,1655.46,1947.6
ragi,punjab,05-10-2024,1713.67,2016.08
ragi,punjab,02-11-2024,1693.05,1991.82
ragi,punjab,30-11-2024,1631.12,1918.97
ragi,punjab,28-12-2024,1406.6,1654.82
ragi,punjab,25-01-2025,1479.8,1740.94
ragi,punjab,22-02-2025,1477.03,1737.68
ragi,punjab,22-03-2025,1490.71,1753.78
ragi,punjab,19-04-2025,1474.91,1735.19
ragi,punjab,17-05-2025,1562.89,1838.7
ragi,punjab,14-06-2025,1550.13,1823.68
ragi,punjab,12-07-2025,1590.74,1871.46
ragi,punjab,09-08-2025,1545.12,1817.79
ragi,punjab,06-09-2025,1689.34,1987.46
ragi,punjab,04-10-2025,1583.46,1862.89
ragi,haryana,01-01-2022,1658.88,1951.62
ragi,haryana,29-01-2022,1640.6,1930.12
ragi,haryana,26-02-2022,1643.09,1933.05
ragi,haryana,26-03-2022,1655.72,1947.9
ragi,haryana,23-04-2022,1691.03,1989.45
ragi,haryana,21-05-2022,1751.54,2060.64
ragi,haryana,18-06-2022,1790.02,2105.91
ragi,haryana,16-07-2022,1733.09,2038.93
ragi,haryana,13-08-2022,1816.41,2136.95
ragi,haryana,10-09-2022,1808.86,2128.07
ragi,haryana,08-10-2022,1769.63,2081.92
ragi,haryana,05-11-2022,1817.33,2138.04
ragi,haryana,03-12-2022,1777.45,2091.12
ragi,haryana,31-12-2022,1531.78,1802.09
ragi,haryana,28-01-2023,1557.63,1832.51
ragi,haryana,25-02-2023,1707.46,2008.78
ragi,haryana,25-03-2023,1635.89,1924.58
ragi,haryana,22-04-2023,1717.94,2021.11
ragi,haryana,20-05-2023,1702.65,2003.12
ragi,haryana,17-06-2023,1665.48,1959.39
ragi,haryana,15-07-2023,1697.9,1997.53
ragi,haryana,12-08-2023,1750.86,2059.84
ragi,haryana,09-09-2023,1771.02,2083.55
ragi,haryana,07-10-2023,1805.89,2124.58
ragi,haryana,04-11-2023,1759.6,2070.12
ragi,haryana,02-12-2023,1818.34,2139.22
ragi,haryana,30-12-2023,1567.19,1843.75
ragi,haryana,27-01-2024,1607.15,1890.76
ragi,haryana,24-02-2024,1615.39,1900.46
ragi,haryana,23-03-2024,1678.18,1974.33
ragi,haryana,20-04-2024,1730.54,2035.93
ragi,haryana,18-05-2024,1726.94,2031.7
ragi,haryana,15-06-2024,1647.11,1937.78
ragi,haryana,13-07-2024,1671.21,1966.13
ragi,haryana,10-08-2024,1793.25,2109.71
ragi,haryana,07-09-2024,1743.35,2051.0
ragi,haryana,05-10-2024,1842.1,2167.18
ragi,haryana,02-11-2024,1850.3,2176.82
ragi,haryana,30-11-2024,1916.6,2254.82
ragi,haryana,28-12-2024,1661.76,1955.01
ragi,haryana,25-01-2025,1594.91,1876.37
ragi,haryana,22-02-2025,1655.51,1947.66
ragi,haryana,22-03-2025,1602.32,1885.08
ragi,haryana,19-04-2025,1656.63,1948.98
ragi,haryana,17-05-2025,1781.47,2095.85
ragi,haryana,14-06-2025,1756.03,2065.92
ragi,haryana,12-07-2025,1723.03,2027.09
ragi,haryana,09-08-2025,1778.57,2092.44
ragi,haryana,06-09-2025,1859.85,2188.06
ragi,haryana,04-10-2025,1767.48,2079.39
ragi,uttarpradesh,01-01-2022,1379.77,1623.26
ragi,uttarpradesh,29-01-2022,1399.91,1646.95
ragi,uttarpradesh,26-02-2022,1397.49,1644.11
ragi,uttarpradesh,26-03-2022,1436.59,1690.11
ragi,uttarpradesh,23-04-2022,1441.17,1695.5
ragi,uttarpradesh,21-05-2022,1450.69,1706.7
ragi,uttarpradesh,18-06-2022,1444.81,1699.78
ragi,uttarpradesh,16-07-2022,1479.02,1740.02
ragi,uttarpradesh,13-08-2022,1463.16,1721.37
ragi,uttarpradesh,10-09-2022,1470.58,1730.09
ragi,uttarpradesh,08-10-2022,1487.19,1749.63
ragi,uttarpradesh,05-11-2022,1475.88,1736.33
ragi,uttarpradesh,03-12-2022,1497.3,1761.53
ragi,uttarpradesh,31-12-2022,1400.69,1647.87
ragi,uttarpradesh,28-01-2023,1355.53,1594.74
ragi,uttarpradesh,25-02-2023,1336.54,1572.4
ragi,uttarpradesh,25-03-2023,1340.43,1576.98
ragi,uttarpradesh,22-04-2023,1348.05,1585.94
ragi,uttarpradesh,20-05-2023,1473.35,1733.35
ragi,uttarpradesh,17-06-2023,1383.54,1627.69
ragi,uttarpradesh,15-07-2023,1497.22,1761.44
ragi,uttarpradesh,12-08-2023,1523.87,1792.79
ragi,uttarpradesh,09-09-2023,1548.39,1821.64
ragi,uttarpradesh,07-10-2023,1438.2,1692.0
ragi,uttarpradesh,04-11-2023,1499.74,1764.4
ragi,uttarpradesh,02-12-2023,1582.4,1861.65
ragi,uttarpradesh,30-12-2023,1291.21,1519.07
ragi,uttarpradesh,27-01-2024,1340.66,1577.25
ragi,uttarpradesh,24-02-2024,1327.71,1562.01
ragi,uttarpradesh,23-03-2024,1436.92,1690.5
ragi,uttarpradesh,20-04-2024,1445.72,1700.85
ragi,uttarpradesh,18-05-2024,1468.31,1727.42
ragi,uttarpradesh,15-06-2024,1392.82,1638.61
ragi,uttarpradesh,13-07-2024,1448.65,1704.29
ragi,uttarpradesh,10-08-2024,1461.31,1719.19
ragi,uttarpradesh,07-09-2024,1517.48,1785.27
ragi,uttarpradesh,05-10-2024,1468.32,1727.44
ragi,uttarpradesh,02-11-2024,1516.12,1783.67
ragi,uttarpradesh,30-11-2024,1508.21,1774.36
ragi,uttarpradesh,28-12-2024,1373.99,1616.46
ragi,uttarpradesh,25-01-2025,1350.46,1588.78
ragi,uttarpradesh,22-02-2025,1378.79,1622.11
ragi,uttarpradesh,22-03-2025,1364.34,1605.11
ragi,uttarpradesh,19-04-2025,1451.0,1707.06
ragi,uttarpradesh,17-05-2025,1419.87,1670.44
ragi,uttarpradesh,14-06-2025,1489.3,1752.12
ragi,uttarpradesh,12-07-2025,1438.47,1692.32
ragi,uttarpradesh,09-08-2025,1540.39,1812.22
ragi,uttarpradesh,06-09-2025,1563.42,1839.32
ragi,uttarpradesh,04-10-2025,1502.13,1767.21
ragi,madhyapradesh,01-01-2022,1274.58,1499.5
ragi,madhyapradesh,29-01-2022,1309.48,1540.57
ragi,madhyapradesh,26-02-2022,1383.63,1627.8
ragi,madhyapradesh,26-03-2022,1380.48,1624.09
ragi,madhyapradesh,23-04-2022,1394.96,1641.13
ragi,madhyapradesh,21-05-2022,1320.7,1553.77
ragi,madhyapradesh,18-06-2022,1351.69,1590.22
ragi,madhyapradesh,16-07-2022,1422.23,1673.21
ragi,madhyapradesh,13-08-2022,1471.59,1731.28
ragi,madhyapradesh,10-09-2022,1442.43,1696.98
ragi,madhyapradesh,08-10-2022,1393.05,1638.88
ragi,madhyapradesh,05-11-2022,1517.52,1785.32
ragi,madhyapradesh,03-12-2022,1534.95,1805.82
ragi,madhyapradesh,31-12-2022,1262.09,1484.81
ragi,madhyapradesh,28-01-2023,1340.25,1576.77
ragi,madhyapradesh,25-02-2023,1291.95,1519.94
ragi,madhyapradesh,25-03-2023,1392.31,1638.01
ragi,madhyapradesh,22-04-2023,1306.41,1536.95
ragi,madhyapradesh,20-05-2023,1361.68,1601.98
ragi,madhyapradesh,17-06-2023,1448.23,1703.8
ragi,madhyapradesh,15-07-2023,1363.45,1604.06
ragi,madhyapradesh,12-08-2023,1411.59,1660.69
ragi,madhyapradesh,09-09-2023,1413.03,1662.39
ragi,madhyapradesh,07-10-2023,1382.03,1625.92
ragi,madhyapradesh,04-11-2023,1401.26,1648.54
ragi,madhyapradesh,02-12-2023,1483.17,1744.91
ragi,madhyapradesh,30-12-2023,1255.73,1477.33
ragi,madhyapradesh,27-01-2024,1370.48,1612.33
ragi,madhyapradesh,24-02-2024,1305.45,1535.82
ragi,madhyapradesh,23-03-2024,1274.94,1499.93
ragi,madhyapradesh,20-04-2024,1412.5,1661.77
ragi,madhyapradesh,18-05-2024,1416.73,1666.74
ragi,madhyapradesh,15-06-2024,1407.13,1655.45
ragi,madhyapradesh,13-07-2024,1443.3,1698.0
ragi,madhyapradesh,10-08-2024,1367.11,1608.37
ragi,madhyapradesh,07-09-2024,1404.04,1651.81
ragi,madhyapradesh,05-10-2024,1498.54,1762.99
ragi,madhyapradesh,02-11-2024,1495.55,1759.47
ragi,madhyapradesh,30-11-2024,1429.32,1681.55
ragi,madhyapradesh,28-12-2024,1316.32,1548.61
ragi,madhyapradesh,25-01-2025,1299.18,1528.45
ragi,madhyapradesh,22-02-2025,1256.58,1478.33
ragi,madhyapradesh,22-03-2025,1281.77,1507.97
ragi,madhyapradesh,19-04-2025,1321.11,1554.25
ragi,madhyapradesh,17-05-2025,1416.15,1666.06
ragi,madhyapradesh,14-06-2025,1393.11,1638.95
ragi,madhyapradesh,12-07-2025,1434.3,1687.41
ragi,madhyapradesh,09-08-2025,1422.46,1673.48
ragi,madhyapradesh,06-09-2025,1378.83,1622.15
ragi,madhyapradesh,04-10-2025,1419.96,1670.54
ragi,westbengal,01-01-2022,1241.39,1460.46
ragi,westbengal,29-01-2022,1305.86,1536.3
ragi,westbengal,26-02-2022,1371.8,1613.88
ragi,westbengal,26-03-2022,1343.07,1580.08
ragi,westbengal,23-04-2022,1311.95,1543.47
ragi,westbengal,21-05-2022,1437.25,1690.88
ragi,westbengal,18-06-2022,1411.03,1660.03
ragi,westbengal,16-07-2022,1345.36,1582.78
ragi,westbengal,13-08-2022,1432.14,1684.87
ragi,westbengal,10-09-2022,1408.84,1657.46
ragi,westbengal,08-10-2022,1410.26,1659.13
ragi,westbengal,05-11-2022,1468.14,1727.22
ragi,westbengal,03-12-2022,1511.98,1778.8
ragi,westbengal,31-12-2022,1266.47,1489.96
ragi,westbengal,28-01-2023,1305.43,1535.8
ragi,westbengal,25-02-2023,1354.53,1593.57
ragi,westbengal,25-03-2023,1292.95,1521.12
ragi,westbengal,22-04-2023,1429.86,1682.19
ragi,westbengal,20-05-2023,1321.57,1554.79
ragi,westbengal,17-06-2023,1401.15,1648.41
ragi,westbengal,15-07-2023,1414.76,1664.42
ragi,westbengal,12-08-2023,1499.77,1764.44
ragi,westbengal,09-09-2023,1453.99,1710.58
ragi,westbengal,07-10-2023,1446.36,1701.6
ragi,westbengal,04-11-2023,1474.18,1734.33
ragi,westbengal,02-12-2023,1515.1,1782.47
ragi,westbengal,30-12-2023,1362.74,1603.22
ragi,westbengal,27-01-2024,1283.98,1510.57
ragi,westbengal,24-02-2024,1268.17,1491.96
ragi,westbengal,23-03-2024,1387.77,1632.67
ragi,westbengal,20-04-2024,1343.88,1581.04
ragi,westbengal,18-05-2024,1413.47,1662.9
ragi,westbengal,15-06-2024,1415.43,1665.21
ragi,westbengal,13-07-2024,1452.11,1708.36
ragi,westbengal,10-08-2024,1463.57,1721.85
ragi,westbengal,07-09-2024,1421.94,1672.87
ragi,westbengal,05-10-2024,1395.74,1642.05
ragi,westbengal,02-11-2024,1485.4,1747.53
ragi,westbengal,30-11-2024,1541.68,1813.74
ragi,westbengal,28-12-2024,1257.95,1479.94
ragi,westbengal,25-01-2025,1353.16,1591.95
ragi,westbengal,22-02-2025,1327.91,1562.25
ragi,westbengal,22-03-2025,1375.21,1617.89
ragi,westbengal,19-04-2025,1383.05,1627.12
ragi,westbengal,17-05-2025,1424.31,1675.66
ragi,westbengal,14-06-2025,1336.45,1572.29
ragi,westbengal,12-07-2025,1452.77,1709.14
ragi,westbengal,09-08-2025,1423.89,1675.17
ragi,westbengal,06-09-2025,1416.29,1666.22
ragi,westbengal,04-10-2025,1395.67,1641.96
ragi,bihar,01-01-2022,1188.64,1398.4
ragi,bihar,29-01-2022,1315.9,1548.12
ragi,bihar,26-02-2022,1278.74,1504.4
ragi,bihar,26-03-2022,1355.53,1594.74
ragi,bihar,23-04-2022,1313.49,1545.28
ragi,bihar,21-05-2022,1290.75,1518.53
ragi,bihar,18-06-2022,1372.85,1615.12
ragi,bihar,16-07-2022,1312.64,1544.28
ragi,bihar,13-08-2022,1350.42,1588.73
ragi,bihar,10-09-2022,1424.46,1675.84
ragi,bihar,08-10-2022,1452.34,1708.64
ragi,bihar,05-11-2022,1392.82,1638.61
ragi,bihar,03-12-2022,1378.39,1621.63
ragi,bihar,31-12-2022,1229.26,1446.19
ragi,bihar,28-01-2023,1310.37,1541.61
ragi,bihar,25-02-2023,1307.84,1538.64
ragi,bihar,25-03-2023,1343.31,1580.37
ragi,bihar,22-04-2023,1293.03,1521.21
ragi,bihar,20-05-2023,1386.09,1630.69
ragi,bihar,17-06-2023,1338.43,1574.62
ragi,bihar,15-07-2023,1354.13,1593.1
ragi,bihar,12-08-2023,1428.14,1680.17
ragi,bihar,09-09-2023,1388.22,1633.2
ragi,bihar,07-10-2023,1443.28,1697.98
ragi,bihar,04-11-2023,1448.8,1704.47
ragi,bihar,02-12-2023,1371.87,1613.96
ragi,bihar,30-12-2023,1258.47,1480.55
ragi,bihar,27-01-2024,1301.89,1531.64
ragi,bihar,24-02-2024,1282.58,1508.92
ragi,bihar,23-03-2024,1269.21,1493.19
ragi,bihar,20-04-2024,1252.93,1474.04
ragi,bihar,18-05-2024,1344.69,1581.99
ragi,bihar,15-06-2024,1313.03,1544.74
ragi,bihar,13-07-2024,1368.37,1609.85
ragi,bihar,10-08-2024,1359.89,1599.87
ragi,bihar,07-09-2024,1411.84,1660.99
ragi,bihar,05-10-2024,1380.29,1623.87
ragi,bihar,02-11-2024,1351.8,1590.35
ragi,bihar,30-11-2024,1485.16,1747.25
ragi,bihar,28-12-2024,1227.33,1443.92
ragi,bihar,25-01-2025,1324.07,1557.73
ragi,bihar,22-02-2025,1248.0,1468.23
ragi,bihar,22-03-2025,1354.36,1593.36
ragi,bihar,19-04-2025,1366.43,1607.57
ragi,bihar,17-05-2025,1267.15,1490.77
ragi,bihar,14-06-2025,1357.35,1596.88
ragi,bihar,12-07-2025,1335.96,1571.72
ragi,bihar,09-08-2025,1411.26,1660.31
ragi,bihar,06-09-2025,1410.41,1659.31
ragi,bihar,04-10-2025,1464.53,1722.98
ragi,odisha,01-01-2022,1228.39,1445.17
ragi,odisha,29-01-2022,1265.1,1488.35
ragi,odisha,26-02-2022,1187.7,1397.29
ragi,odisha,26-03-2022,1206.23,1419.1
ragi,odisha,23-04-2022,1311.5,1542.94
ragi,odisha,21-05-2022,1273.86,1498.66
ragi,odisha,18-06-2022,1290.98,1518.8
ragi,odisha,16-07-2022,1330.33,1565.09
ragi,odisha,13-08-2022,1350.65,1589.0
ragi,odisha,10-09-2022,1375.96,1618.78
ragi,odisha,08-10-2022,1428.27,1680.32
ragi,odisha,05-11-2022,1364.39,1605.17
ragi,odisha,03-12-2022,1434.0,1687.06
ragi,odisha,31-12-2022,1224.31,1440.36
ragi,odisha,28-01-2023,1234.11,1451.89
ragi,odisha,25-02-2023,1232.94,1450.52
ragi,odisha,25-03-2023,1279.66,1505.48
ragi,odisha,22-04-2023,1244.01,1463.54
ragi,odisha,20-05-2023,1241.21,1460.25
ragi,odisha,17-06-2023,1337.07,1573.02
ragi,odisha,15-07-2023,1321.32,1554.49
ragi,odisha,12-08-2023,1321.49,1554.7
ragi,odisha,09-09-2023,1360.09,1600.11
ragi,odisha,07-10-2023,1334.36,1569.83
ragi,odisha,04-11-2023,1348.95,1587.0
ragi,odisha,02-12-2023,1389.73,1634.98
ragi,odisha,30-12-2023,1275.65,1500.76
ragi,odisha,27-01-2024,1204.09,1416.58
ragi,odisha,24-02-2024,1297.52,1526.49
ragi,odisha,23-03-2024,1259.69,1481.99
ragi,odisha,20-04-2024,1227.81,1444.48
ragi,odisha,18-05-2024,1336.68,1572.56
ragi,odisha,15-06-2024,1300.02,1529.43
ragi,odisha,13-07-2024,1374.13,1616.62
ragi,odisha,10-08-2024,1329.26,1563.84
ragi,odisha,07-09-2024,1296.04,1524.75
ragi,odisha,05-10-2024,1391.79,1637.4
ragi,odisha,02-11-2024,1429.84,1682.16
ragi,odisha,30-11-2024,1372.04,1614.16
ragi,odisha,28-12-2024,1196.77,1407.97
ragi,odisha,25-01-2025,1176.94,1384.64
ragi,odisha,22-02-2025,1250.89,1471.64
ragi,odisha,22-03-2025,1310.14,1541.34
ragi,odisha,19-04-2025,1320.79,1553.87
ragi,odisha,17-05-2025,1318.47,1551.14
ragi,odisha,14-06-2025,1362.1,1602.47
ragi,odisha,12-07-2025,1339.63,1576.04
ragi,odisha,09-08-2025,1375.85,1618.65
ragi,odisha,06-09-2025,1352.94,1591.7
ragi,odisha,04-10-2025,1315.16,1547.25
wheat,karnataka,01-01-2022,2646.25,3113.24
wheat,karnataka,29-01-2022,2860.36,3365.13
wheat,karnataka,26-02-2022,2680.59,3153.64
wheat,karnataka,26-03-2022,2863.52,3368.85
wheat,karnataka,23-04-2022,2844.6,3346.59
wheat,karnataka,21-05-2022,3005.19,3535.52
wheat,karnataka,18-06-2022,2966.12,3489.55
wheat,karnataka,16-07-2022,3018.54,3551.22
wheat,karnataka,13-08-2022,2894.43,3405.21
wheat,karnataka,10-09-2022,2995.37,3523.97
wheat,karnataka,08-10-2022,3242.13,3814.27
wheat,karnataka,05-11-2022,3190.44,3753.46
wheat,karnataka,03-12-2022,3164.47,3722.9
wheat,karnataka,31-12-2022,2819.3,3316.82
wheat,karnataka,28-01-2023,2869.52,3375.91
wheat,karnataka,25-02-2023,2693.95,3169.35
wheat,karnataka,25-03-2023,2982.68,3509.03
wheat,karnataka,22-04-2023,2923.41,3439.31
wheat,karnataka,20-05-2023,2902.04,3414.16
wheat,karnataka,17-06-2023,3004.02,3534.14
wheat,karnataka,15-07-2023,2938.7,3457.3
wheat,karnataka,12-08-2023,3133.48,3686.45
wheat,karnataka,09-09-2023,3139.19,3693.17
wheat,karnataka,07-10-2023,3131.03,3683.56
wheat,karnataka,04-11-2023,3022.81,3556.25
wheat,karnataka,02-12-2023,3303.52,3886.49
wheat,karnataka,30-12-2023,2726.9,3208.12
wheat,karnataka,27-01-2024,2893.81,3404.48
wheat,karnataka,24-02-2024,2688.79,3163.28
wheat,karnataka,23-03-2024,2741.09,3224.81
wheat,karnataka,20-04-2024,2782.36,3273.37
wheat,karnataka,18-05-2024,2818.82,3316.26
wheat,karnataka,15-06-2024,2898.54,3410.05
wheat,karnataka,13-07-2024,3047.61,3585.42
wheat,karnataka,10-08-2024,2972.88,3497.5
wheat,karnataka,07-09-2024,3188.25,3750.88
wheat,karnataka,05-10-2024,3209.8,3776.24
wheat,karnataka,02-11-2024,3230.11,3800.13
wheat,karnataka,30-11-2024,3077.64,3620.75
wheat,karnataka,28-12-2024,2782.47,3273.5
wheat,karnataka,25-01-2025,2793.78,3286.8
wheat,karnataka,22-02-2025,2708.41,3186.37
wheat,karnataka,22-03-2025,2791.98,3284.68
wheat,karnataka,19-04-2025,2892.03,3402.39
wheat,karnataka,17-05-2025,2917.38,3432.21
wheat,karnataka,14-06-2025,2853.09,3356.58
wheat,karnataka,12-07-2025,3116.94,3666.99
wheat,karnataka,09-08-2025,2914.96,3429.36
wheat,karnataka,06-09-2025,3102.08,3649.51
wheat,karnataka,04-10-2025,3155.99,3712.93
wheat,tamilnadu,01-01-2022,3332.81,3920.95
wheat,tamilnadu,29-01-2022,3283.39,3862.81
wheat,tamilnadu,26-02-2022,3410.24,4012.05
wheat,tamilnadu,26-03-2022,3185.36,3747.48
wheat,tamilnadu,23-04-2022,3229.44,3799.34
wheat,tamilnadu,21-05-2022,3471.84,4084.52
wheat,tamilnadu,18-06-2022,3490.2,4106.12
wheat,tamilnadu,16-07-2022,3556.77,4184.43
wheat,tamilnadu,13-08-2022,3638.62,4280.73
wheat,tamilnadu,10-09-2022,3554.31,4181.54
wheat,tamilnadu,08-10-2022,3674.78,4323.27
wheat,tamilnadu,05-11-2022,3663.87,4310.44
wheat,tamilnadu,03-12-2022,3751.91,4414.01
wheat,tamilnadu,31-12-2022,3154.66,3711.36
wheat,tamilnadu,28-01-2023,3411.62,4013.67
wheat,tamilnadu,25-02-2023,3297.19,3879.05
wheat,tamilnadu,25-03-2023,3444.88,4052.8
wheat,tamilnadu,22-04-2023,3445.81,4053.89
wheat,tamilnadu,20-05-2023,3354.07,3945.96
wheat,tamilnadu,17-06-2023,3315.71,3900.83
wheat,tamilnadu,15-07-2023,3349.61,3940.72
wheat,tamilnadu,12-08-2023,3522.6,4144.24
wheat,tamilnadu,09-09-2023,3578.56,4210.07
wheat,tamilnadu,07-10-2023,3517.13,4137.8
wheat,tamilnadu,04-11-2023,3703.68,4357.27
wheat,tamilnadu,02-12-2023,3635.36,4276.89
wheat,tamilnadu,30-12-2023,3292.8,3873.88
wheat,tamilnadu,27-01-2024,3339.04,3928.28
wheat,tamilnadu,24-02-2024,3421.99,4025.87
wheat,tamilnadu,23-03-2024,3501.94,4119.93
wheat,tamilnadu,20-04-2024,3258.3,3833.29
wheat,tamilnadu,18-05-2024,3379.1,3975.41
wheat,tamilnadu,15-06-2024,3484.97,4099.96
wheat,tamilnadu,13-07-2024,3440.43,4047.57
wheat,tamilnadu,10-08-2024,3532.12,4155.44
wheat,tamilnadu,07-09-2024,3500.86,4118.66
wheat,tamilnadu,05-10-2024,3533.03,4156.51
wheat,tamilnadu,02-11-2024,3516.84,4137.46
wheat,tamilnadu,30-11-2024,3627.07,4267.14
wheat,tamilnadu,28-12-2024,3185.1,3747.18
wheat,tamilnadu,25-01-2025,3300.27,3882.67
wheat,tamilnadu,22-02-2025,3219.68,3787.86
wheat,tamilnadu,22-03-2025,3465.14,4076.64
wheat,tamilnadu,19-04-2025,3268.09,3844.81
wheat,tamilnadu,17-05-2025,3364.34,3958.05
wheat,tamilnadu,14-06-2025,3490.53,4106.5
wheat,tamilnadu,12-07-2025,3438.19,4044.93
wheat,tamilnadu,09-08-2025,3637.26,4279.13
wheat,tamilnadu,06-09-2025,3583.58,4215.98
wheat,tamilnadu,04-10-2025,3629.74,4270.28
wheat,andhrapradesh,01-01-2022,3037.58,3573.62
wheat,andhrapradesh,29-01-2022,2985.99,3512.93
wheat,andhrapradesh,26-02-2022,3315.46,3900.54
wheat,andhrapradesh,26-03-2022,3214.51,3781.78
wheat,andhrapradesh,23-04-2022,3403.13,4003.68
wheat,andhrapradesh,21-05-2022,3196.31,3760.36
wheat,andhrapradesh,18-06-2022,3279.69,3858.46
wheat,andhrapradesh,16-07-2022,3215.94,3783.46
wheat,andhrapradesh,13-08-2022,3404.17,4004.91
wheat,andhrapradesh,10-09-2022,3576.25,4207.35
wheat,andhrapradesh,08-10-2022,3536.91,4161.07
wheat,andhrapradesh,05-11-2022,3511.45,4131.12
wheat,andhrapradesh,03-12-2022,3573.5,4204.12
wheat,andhrapradesh,31-12-2022,3204.39,3769.87
wheat,andhrapradesh,28-01-2023,3113.85,3663.35
wheat,andhrapradesh,25-02-2023,3295.53,3877.09
wheat,andhrapradesh,25-03-2023,3285.85,3865.71
wheat,andhrapradesh,22-04-2023,3337.18,3926.1
wheat,andhrapradesh,20-05-2023,3245.92,3818.73
wheat,andhrapradesh,17-06-2023,3295.56,3877.13
wheat,andhrapradesh,15-07-2023,3390.95,3989.35
wheat,andhrapradesh,12-08-2023,3301.92,3884.61
wheat,andhrapradesh,09-09-2023,3462.88,4073.98
wheat,andhrapradesh,07-10-2023,3334.63,3923.09
wheat,andhrapradesh,04-11-2023,3523.31,4145.07
wheat,andhrapradesh,02-12-2023,3654.57,4299.5
wheat,andhrapradesh,30-12-2023,3028.65,3563.12
wheat,andhrapradesh,27-01-2024,3288.85,3869.24
wheat,andhrapradesh,24-02-2024,3231.39,3801.64
wheat,andhrapradesh,23-03-2024,3090.29,3635.64
wheat,andhrapradesh,20-04-2024,3405.86,4006.9
wheat,andhrapradesh,18-05-2024,3255.12,3829.55
wheat,andhrapradesh,15-06-2024,3426.82,4031.55
wheat,andhrapradesh,13-07-2024,3313.1,3897.77
wheat,andhrapradesh,10-08-2024,3555.41,4182.84
wheat,andhrapradesh,07-09-2024,3532.37,4155.73
wheat,andhrapradesh,05-10-2024,3378.35,3974.53
wheat,andhrapradesh,02-11-2024,3525.02,4147.08
wheat,andhrapradesh,30-11-2024,3560.46,4188.78
wheat,andhrapradesh,28-12-2024,2956.06,3477.72
wheat,andhrapradesh,25-01-2025,3021.7,3554.94
wheat,andhrapradesh,22-02-2025,3121.14,3671.93
wheat,andhrapradesh,22-03-2025,3204.33,3769.8
wheat,andhrapradesh,19-04-2025,3237.41,3808.72
wheat,andhrapradesh,17-05-2025,3324.99,3911.75
wheat,andhrapradesh,14-06-2025,3333.82,3922.14
wheat,andhrapradesh,12-07-2025,3309.36,3893.36
wheat,andhrapradesh,09-08-2025,3444.43,4052.27
wheat,andhrapradesh,06-09-2025,3328.29,3915.64
wheat,andhrapradesh,04-10-2025,3654.06,4298.9
wheat,telangana,01-01-2022,3312.93,3897.57
wheat,telangana,29-01-2022,3366.97,3961.14
wheat,telangana,26-02-2022,3578.91,4210.48
wheat,telangana,26-03-2022,3518.67,4139.61
wheat,telangana,23-04-2022,3623.59,4263.05
wheat,telangana,21-05-2022,3519.76,4140.9
wheat,telangana,18-06-2022,3748.59,4410.1
wheat,telangana,16-07-2022,3627.62,4267.79
wheat,telangana,13-08-2022,3782.81,4450.37
wheat,telangana,10-09-2022,3940.82,4636.26
wheat,telangana,08-10-2022,3834.36,4511.01
wheat,telangana,05-11-2022,3958.8,4657.41
wheat,telangana,03-12-2022,3974.46,4675.83
wheat,telangana,31-12-2022,3444.39,4052.22
wheat,telangana,28-01-2023,3260.96,3836.42
wheat,telangana,25-02-2023,3456.35,4066.29
wheat,telangana,25-03-2023,3671.14,4318.99
wheat,telangana,22-04-2023,3649.92,4294.02
wheat,telangana,20-05-2023,3690.86,4342.19
wheat,telangana,17-06-2023,3662.05,4308.3
wheat,telangana,15-07-2023,3757.4,4420.47
wheat,telangana,12-08-2023,3749.24,4410.87
wheat,telangana,09-09-2023,3636.46,4278.19
wheat,telangana,07-10-2023,3851.6,4531.29
wheat,telangana,04-11-2023,3890.74,4577.34
wheat,telangana,02-12-2023,4019.48,4728.8
wheat,telangana,30-12-2023,3261.73,3837.33
wheat,telangana,27-01-2024,3484.85,4099.82
wheat,telangana,24-02-2024,3302.84,3885.69
wheat,telangana,23-03-2024,3664.53,4311.21
wheat,telangana,20-04-2024,3411.03,4012.98
wheat,telangana,18-05-2024,3418.89,4022.22
wheat,telangana,15-06-2024,3566.14,4195.46
wheat,telangana,13-07-2024,3547.88,4173.98
wheat,telangana,10-08-2024,3789.02,4457.67
wheat,telangana,07-09-2024,3726.66,4384.3
wheat,telangana,05-10-2024,3907.09,4596.58
wheat,telangana,02-11-2024,4006.38,4713.39
wheat,telangana,30-11-2024,4031.79,4743.28
wheat,telangana,28-12-2024,3460.54,4071.22
wheat,telangana,25-01-2025,3273.15,3850.77
wheat,telangana,22-02-2025,3339.74,3929.11
wheat,telangana,22-03-2025,3404.68,4005.51
wheat,telangana,19-04-2025,3487.4,4102.82
wheat,telangana,17-05-2025,3649.93,4294.04
wheat,telangana,14-06-2025,3643.1,4286.0
wheat,telangana,12-07-2025,3607.55,4244.18
wheat,telangana,09-08-2025,3596.67,4231.38
wheat,telangana,06-09-2025,3915.33,4606.27
wheat,telangana,04-10-2025,3742.58,4403.03
wheat,kerala,01-01-2022,3005.94,3536.4
wheat,kerala,29-01-2022,3028.31,3562.72
wheat,kerala,26-02-2022,3042.34,3579.22
wheat,kerala,26-03-2022,3094.54,3640.64
wheat,kerala,23-04-2022,3106.18,3654.33
wheat,kerala,21-05-2022,3013.19,3544.93
wheat,kerala,18-06-2022,3065.64,3606.63
wheat,kerala,16-07-2022,3200.35,3765.12
wheat,kerala,13-08-2022,3129.83,3682.15
wheat,kerala,10-09-2022,3408.81,4010.36
wheat,kerala,08-10-2022,3224.77,3793.85
wheat,kerala,05-11-2022,3257.67,3832.55
wheat,kerala,03-12-2022,3265.9,3842.24
wheat,kerala,31-12-2022,2986.34,3513.34
wheat,kerala,28-01-2023,2908.64,3421.93
wheat,kerala,25-02-2023,2954.01,3475.3
wheat,kerala,25-03-2023,3167.53,3726.5
wheat,kerala,22-04-2023,3163.12,3721.32
wheat,kerala,20-05-2023,3038.44,3574.63
wheat,kerala,17-06-2023,3026.43,3560.51
wheat,kerala,15-07-2023,3238.07,3809.49
wheat,kerala,12-08-2023,3179.65,3740.77
wheat,kerala,09-09-2023,3411.16,4013.13
wheat,kerala,07-10-2023,3396.17,3995.5
wheat,kerala,04-11-2023,3479.17,4093.14
wheat,kerala,02-12-2023,3466.87,4078.67
wheat,kerala,30-12-2023,2865.03,3370.62
wheat,kerala,27-01-2024,2899.93,3411.68
wheat,kerala,24-02-2024,3063.59,3604.22
wheat,kerala,23-03-2024,2989.22,3516.73
wheat,kerala,20-04-2024,3054.65,3593.71
wheat,kerala,18-05-2024,3033.15,3568.41
wheat,kerala,15-06-2024,3138.79,3692.69
wheat,kerala,13-07-2024,3087.07,3631.85
wheat,kerala,10-08-2024,3230.79,3800.93
wheat,kerala,07-09-2024,3395.82,3995.08
wheat,kerala,05-10-2024,3355.95,3948.18
wheat,kerala,02-11-2024,3207.18,3773.15
wheat,kerala,30-11-2024,3403.31,4003.89
wheat,kerala,28-12-2024,2951.76,3472.66
wheat,kerala,25-01-2025,2886.55,3395.94
wheat,kerala,22-02-2025,3050.29,3588.58
wheat,kerala,22-03-2025,3045.28,3582.68
wheat,kerala,19-04-2025,3114.74,3664.4
wheat,kerala,17-05-2025,2969.74,3493.81
wheat,kerala,14-06-2025,3118.1,3668.35
wheat,kerala,12-07-2025,3251.03,3824.74
wheat,kerala,09-08-2025,3089.82,3635.08
wheat,kerala,06-09-2025,3343.01,3932.95
wheat,kerala,04-10-2025,3128.52,3680.61
wheat,maharashtra,01-01-2022,3293.27,3874.43
wheat,maharashtra,29-01-2022,3167.4,3726.35
wheat,maharashtra,26-02-2022,3377.35,3973.35
wheat,maharashtra,26-03-2022,3399.9,3999.88
wheat,maharashtra,23-04-2022,3307.85,3891.59
wheat,maharashtra,21-05-2022,3253.89,3828.11
wheat,maharashtra,18-06-2022,3551.56,4178.31
wheat,maharashtra,16-07-2022,3372.09,3967.17
wheat,maharashtra,13-08-2022,3523.56,4145.36
wheat,maharashtra,10-09-2022,3655.56,4300.66
wheat,maharashtra,08-10-2022,3405.86,4006.89
wheat,maharashtra,05-11-2022,3617.68,4256.09
wheat,maharashtra,03-12-2022,3643.21,4286.13
wheat,maharashtra,31-12-2022,3228.22,3797.91
wheat,maharashtra,28-01-2023,3336.77,3925.61
wheat,maharashtra,25-02-2023,3370.29,3965.05
wheat,maharashtra,25-03-2023,3169.49,3728.81
wheat,maharashtra,22-04-2023,3442.06,4049.48
wheat,maharashtra,20-05-2023,3245.95,3818.77
wheat,maharashtra,17-06-2023,3536.54,4160.63
wheat,maharashtra,15-07-2023,3604.2,4240.24
wheat,maharashtra,12-08-2023,3437.12,4043.67
wheat,maharashtra,09-09-2023,3510.65,4130.18
wheat,maharashtra,07-10-2023,3706.74,4360.87
wheat,maharashtra,04-11-2023,3757.01,4420.01
wheat,maharashtra,02-12-2023,3785.12,4453.08
wheat,maharashtra,30-12-2023,3276.73,3854.98
wheat,maharashtra,27-01-2024,3040.26,3576.78
wheat,maharashtra,24-02-2024,3258.54,3833.58
wheat,maharashtra,23-03-2024,3147.29,3702.7
wheat,maharashtra,20-04-2024,3475.45,4088.77
wheat,maharashtra,18-05-2024,3282.44,3861.7
wheat,maharashtra,15-06-2024,3560.11,4188.37
wheat,maharashtra,13-07-2024,3448.36,4056.9
wheat,maharashtra,10-08-2024,3470.77,4083.26
wheat,maharashtra,07-09-2024,3666.31,4313.31
wheat,maharashtra,05-10-2024,3676.35,4325.12
wheat,maharashtra,02-11-2024,3579.57,4211.26
wheat,maharashtra,30-11-2024,3518.92,4139.91
wheat,maharashtra,28-12-2024,3035.45,3571.12
wheat,maharashtra,25-01-2025,3089.25,3634.41
wheat,maharashtra,22-02-2025,3223.25,3792.06
wheat,maharashtra,22-03-2025,3196.42,3760.49
wheat,maharashtra,19-04-2025,3211.29,3777.99
wheat,maharashtra,17-05-2025,3434.09,4040.11
wheat,maharashtra,14-06-2025,3492.79,4109.17
wheat,maharashtra,12-07-2025,3456.77,4066.79
wheat,maharashtra,09-08-2025,3562.24,4190.87
wheat,maharashtra,06-09-2025,3398.3,3998.0
wheat,maharashtra,04-10-2025,3678.16,4327.25
wheat,gujarat,01-01-2022,3683.61,4333.66
wheat,gujarat,29-01-2022,3616.99,4255.28
wheat,gujarat,26-02-2022,3504.87,4123.38
wheat,gujarat,26-03-2022,3763.09,4427.16
wheat,gujarat,23-04-2022,3626.9,4266.94
wheat,gujarat,21-05-2022,3653.26,4297.95
wheat,gujarat,18-06-2022,3766.31,4430.95
wheat,gujarat,16-07-2022,3780.71,4447.9
wheat,gujarat,13-08-2022,3829.09,4504.81
wheat,gujarat,10-09-2022,3862.49,4544.11
wheat,gujarat,08-10-2022,4113.72,4839.67
wheat,gujarat,05-11-2022,4240.59,4988.93
wheat,gujarat,03-12-2022,4019.68,4729.04
wheat,gujarat,31-12-2022,3646.47,4289.97
wheat,gujarat,28-01-2023,3435.02,4041.2
wheat,gujarat,25-02-2023,3712.15,4367.23
wheat,gujarat,25-03-2023,3771.79,4437.4
wheat,gujarat,22-04-2023,3580.96,4212.9
wheat,gujarat,20-05-2023,3644.77,4287.97
wheat,gujarat,17-06-2023,3759.87,4423.38
wheat,gujarat,15-07-2023,3841.75,4519.71
wheat,gujarat,12-08-2023,3923.91,4616.37
wheat,gujarat,09-09-2023,4124.18,4851.98
wheat,gujarat,07-10-2023,4093.58,4815.98
wheat,gujarat,04-11-2023,3979.73,4682.04
wheat,gujarat,02-12-2023,3944.01,4640.01
wheat,gujarat,30-12-2023,3715.41,4371.07
wheat,gujarat,27-01-2024,3537.44,4161.7
wheat,gujarat,24-02-2024,3697.87,4350.43
wheat,gujarat,23-03-2024,3596.52,4231.2
wheat,gujarat,20-04-2024,3607.72,4244.38
wheat,gujarat,18-05-2024,3658.03,4303.56
wheat,gujarat,15-06-2024,3928.92,4622.26
wheat,gujarat,13-07-2024,3919.44,4611.11
wheat,gujarat,10-08-2024,3889.91,4576.37
wheat,gujarat,07-09-2024,3986.96,4690.54
wheat,gujarat,05-10-2024,4000.21,4706.13
wheat,gujarat,02-11-2024,4071.63,4790.15
wheat,gujarat,30-11-2024,4168.2,4903.76
wheat,gujarat,28-12-2024,3466.53,4078.27
wheat,gujarat,25-01-2025,3520.27,4141.49
wheat,gujarat,22-02-2025,3749.09,4410.7
wheat,gujarat,22-03-2025,3838.53,4515.92
wheat,gujarat,19-04-2025,3588.36,4221.6
wheat,gujarat,17-05-2025,3769.27,4434.43
wheat,gujarat,14-06-2025,3912.07,4602.43
wheat,gujarat,12-07-2025,3714.81,4370.36
wheat,gujarat,09-08-2025,3948.11,4644.83
wheat,gujarat,06-09-2025,3793.55,4463.0
wheat,gujarat,04-10-2025,4031.03,4742.39
wheat,rajasthan,01-01-2022,3127.39,3679.28
wheat,rajasthan,29-01-2022,3033.47,3568.79
wheat,rajasthan,26-02-2022,3127.57,3679.5
wheat,rajasthan,26-03-2022,3227.55,3797.12
wheat,rajasthan,23-04-2022,3134.64,3687.81
wheat,rajasthan,21-05-2022,3201.29,3766.22
wheat,rajasthan,18-06-2022,3364.94,3958.75
wheat,rajasthan,16-07-2022,3237.82,3809.2
wheat,rajasthan,13-08-2022,3418.19,4021.4
wheat,rajasthan,10-09-2022,3559.98,4188.21
wheat,rajasthan,08-10-2022,3475.85,4089.23
wheat,rajasthan,05-11-2022,3535.52,4159.43
wheat,rajasthan,03-12-2022,3554.15,4181.35
wheat,rajasthan,31-12-2022,2967.49,3491.17
wheat,rajasthan,28-01-2023,3131.71,3684.37
wheat,rajasthan,25-02-2023,3279.94,3858.75
wheat,rajasthan,25-03-2023,3292.92,3874.02
wheat,rajasthan,22-04-2023,3225.81,3795.07
wheat,rajasthan,20-05-2023,3402.84,4003.34
wheat,rajasthan,17-06-2023,3419.22,4022.61
wheat,rajasthan,15-07-2023,3402.35,4002.77
wheat,rajasthan,12-08-2023,3259.38,3834.57
wheat,rajasthan,09-09-2023,3399.69,3999.63
wheat,rajasthan,07-10-2023,3339.77,3929.14
wheat,rajasthan,04-11-2023,3705.3,4359.18
wheat,rajasthan,02-12-2023,3724.69,4381.99
wheat,rajasthan,30-12-2023,2971.01,3495.3
wheat,rajasthan,27-01-2024,3279.9,3858.71
wheat,rajasthan,24-02-2024,3033.26,3568.54
wheat,rajasthan,23-03-2024,3191.65,3754.88
wheat,rajasthan,20-04-2024,3347.41,3938.13
wheat,rajasthan,18-05-2024,3386.14,3983.7
wheat,rajasthan,15-06-2024,3496.81,4113.9
wheat,rajasthan,13-07-2024,3425.17,4029.61
wheat,rajasthan,10-08-2024,3387.45,3985.24
wheat,rajasthan,07-09-2024,3623.58,4263.04
wheat,rajasthan,05-10-2024,3451.07,4060.08
wheat,rajasthan,02-11-2024,3661.34,4307.46
wheat,rajasthan,30-11-2024,3714.76,4370.31
wheat,rajasthan,28-12-2024,3066.2,3607.3
wheat,rajasthan,25-01-2025,3200.98,3765.86
wheat,rajasthan,22-02-2025,3233.76,3804.42
wheat,rajasthan,22-03-2025,3233.66,3804.31
wheat,rajasthan,19-04-2025,3309.78,3893.86
wheat,rajasthan,17-05-2025,3248.25,3821.47
wheat,rajasthan,14-06-2025,3229.89,3799.87
wheat,rajasthan,12-07-2025,3388.5,3986.47
wheat,rajasthan,09-08-2025,3424.5,4028.82
wheat,rajasthan,06-09-2025,3532.06,4155.37
wheat,rajasthan,04-10-2025,3395.27,3994.43
wheat,punjab,01-01-2022,2392.38,2814.56
wheat,punjab,29-01-2022,2492.33,2932.15
wheat,punjab,26-02-2022,2619.63,3081.92
wheat,punjab,26-03-2022,2617.87,3079.85
wheat,punjab,23-04-2022,2646.05,3113.0
wheat,punjab,21-05-2022,2755.28,3241.5
wheat,punjab,18-06-2022,2632.13,3096.62
wheat,punjab,16-07-2022,2689.62,3164.26
wheat,punjab,13-08-2022,2700.99,3177.64
wheat,punjab,10-09-2022,2916.55,3431.23
wheat,punjab,08-10-2022,2889.24,3399.11
wheat,punjab,05-11-2022,2746.38,3231.04
wheat,punjab,03-12-2022,2977.72,3503.2
wheat,punjab,31-12-2022,2491.99,2931.75
wheat,punjab,28-01-2023,2611.28,3072.1
wheat,punjab,25-02-2023,2673.77,3145.61
wheat,punjab,25-03-2023,2480.05,2917.71
wheat,punjab,22-04-2023,2560.11,3011.89
wheat,punjab,20-05-2023,2562.44,3014.64
wheat,punjab,17-06-2023,2574.36,3028.66
wheat,punjab,15-07-2023,2758.35,3245.12
wheat,punjab,12-08-2023,2819.15,3316.65
wheat,punjab,09-09-2023,2668.21,3139.07
wheat,punjab,07-10-2023,2893.63,3404.27
wheat,punjab,04-11-2023,2829.07,3328.32
wheat,punjab,02-12-2023,2811.6,3307.77
wheat,punjab,30-12-2023,2441.24,2872.05
wheat,punjab,27-01-2024,2636.13,3101.33
wheat,punjab,24-02-2024,2460.74,2894.99
wheat,punjab,23-03-2024,2607.31,3067.42
wheat,punjab,20-04-2024,2582.04,3037.7
wheat,punjab,18-05-2024,2753.25,3239.12
wheat,punjab,15-06-2024,2762.82,3250.38
wheat,punjab,13-07-2024,2682.17,3155.5
wheat,punjab,10-08-2024,2790.04,3282.4
wheat,punjab,07-09-2024,2842.53,3344.15
wheat,punjab,05-10-2024,2774.99,3264.69
wheat,punjab,02-11-2024,2800.36,3294.54
wheat,punjab,30-11-2024,2785.3,3276.82
wheat,punjab,28-12-2024,2552.52,3002.97
wheat,punjab,25-01-2025,2472.66,2909.01
wheat,punjab,22-02-2025,2523.58,2968.92
wheat,punjab,22-03-2025,2491.86,2931.6
wheat,punjab,19-04-2025,2755.93,3242.27
wheat,punjab,17-05-2025,2770.31,3259.19
wheat,punjab,14-06-2025,2811.44,3307.58
wheat,punjab,12-07-2025,2766.06,3254.19
wheat,punjab,09-08-2025,2742.86,3226.9
wheat,punjab,06-09-2025,2793.1,3286.0
wheat,punjab,04-10-2025,2959.11,3481.31
wheat,haryana,01-01-2022,3681.57,4331.26
wheat,haryana,29-01-2022,3769.44,4434.63
wheat,haryana,26-02-2022,3642.6,4285.41
wheat,haryana,26-03-2022,3723.58,4380.68
wheat,haryana,23-04-2022,3666.85,4313.94
wheat,haryana,21-05-2022,3797.79,4467.99
wheat,haryana,18-06-2022,3989.43,4693.45
wheat,haryana,16-07-2022,3925.18,4617.86
wheat,haryana,13-08-2022,4119.81,4846.84
wheat,haryana,10-09-2022,3945.68,4641.98
wheat,haryana,08-10-2022,4155.56,4888.89
wheat,haryana,05-11-2022,4242.07,4990.67
wheat,haryana,03-12-2022,4333.94,5098.75
wheat,haryana,31-12-2022,3642.13,4284.86
wheat,haryana,28-01-2023,3836.13,4513.09
wheat,haryana,25-02-2023,3731.1,4389.53
wheat,haryana,25-03-2023,3617.6,4256.0
wheat,haryana,22-04-2023,3702.43,4355.8
wheat,haryana,20-05-2023,3731.23,4389.68
wheat,haryana,17-06-2023,3947.53,4644.15
wheat,haryana,15-07-2023,4101.77,4825.61
wheat,haryana,12-08-2023,4118.94,4845.81
wheat,haryana,09-09-2023,3861.83,4543.33
wheat,haryana,07-10-2023,4162.48,4897.04
wheat,haryana,04-11-2023,3988.79,4692.7
wheat,haryana,02-12-2023,4065.0,4782.35
wheat,haryana,30-12-2023,3682.41,4332.25
wheat,haryana,27-01-2024,3702.41,4355.78
wheat,haryana,24-02-2024,3848.46,4527.6
wheat,haryana,23-03-2024,3637.91,4279.89
wheat,haryana,20-04-2024,3899.6,4587.76
wheat,haryana,18-05-2024,3931.56,4625.36
wheat,haryana,15-06-2024,3913.35,4603.94
wheat,haryana,13-07-2024,3927.49,4620.58
wheat,haryana,10-08-2024,4127.83,4856.27
wheat,haryana,07-09-2024,3958.65,4657.24
wheat,haryana,05-10-2024,4257.11,5008.36
wheat,haryana,02-11-2024,3916.71,4607.89
wheat,haryana,30-11-2024,4343.27,5109.73
wheat,haryana,28-12-2024,3786.8,4455.06
wheat,haryana,25-01-2025,3524.46,4146.42
wheat,haryana,22-02-2025,3895.18,4582.57
wheat,haryana,22-03-2025,3747.08,4408.33
wheat,haryana,19-04-2025,3702.33,4355.68
wheat,haryana,17-05-2025,3885.44,4571.11
wheat,haryana,14-06-2025,3775.5,4441.76
wheat,haryana,12-07-2025,4098.98,4822.33
wheat,haryana,09-08-2025,4001.49,4707.63
wheat,haryana,06-09-2025,4136.82,4866.85
wheat,haryana,04-10-2025,4022.47,4732.32
wheat,uttarpradesh,01-01-2022,3093.89,3639.87
wheat,uttarpradesh,29-01-2022,3101.44,3648.75
wheat,uttarpradesh,26-02-2022,3220.46,3788.78
wheat,uttarpradesh,26-03-2022,3254.6,3828.94
wheat,uttarpradesh,23-04-2022,3162.38,3720.45
wheat,uttarpradesh,21-05-2022,3494.24,4110.87
wheat,uttarpradesh,18-06-2022,3362.63,3956.03
wheat,uttarpradesh,16-07-2022,3527.98,4150.57
wheat,uttarpradesh,13-08-2022,3594.2,4228.47
wheat,uttarpradesh,10-09-2022,3445.22,4053.2
wheat,uttarpradesh,08-10-2022,3499.12,4116.61
wheat,uttarpradesh,05-11-2022,3590.95,4224.65
wheat,uttarpradesh,03-12-2022,3507.23,4126.15
wheat,uttarpradesh,31-12-2022,3026.94,3561.11
wheat,uttarpradesh,28-01-2023,3101.19,3648.46
wheat,uttarpradesh,25-02-2023,3356.17,3948.44
wheat,uttarpradesh,25-03-2023,3281.26,3860.3
wheat,uttarpradesh,22-04-2023,3267.48,3844.09
wheat,uttarpradesh,20-05-2023,3217.9,3785.76
wheat,uttarpradesh,17-06-2023,3315.54,3900.63
wheat,uttarpradesh,15-07-2023,3371.07,3965.96
wheat,uttarpradesh,12-08-2023,3566.26,4195.6
wheat,uttarpradesh,09-09-2023,3490.11,4106.01
wheat,uttarpradesh,07-10-2023,3584.07,4216.55
wheat,uttarpradesh,04-11-2023,3634.61,4276.01
wheat,uttarpradesh,02-12-2023,3520.23,4141.45
wheat,uttarpradesh,30-12-2023,3238.97,3810.55
wheat,uttarpradesh,27-01-2024,3325.42,3912.26
wheat,uttarpradesh,24-02-2024,3261.92,3837.55
wheat,uttarpradesh,23-03-2024,3252.42,3826.38
wheat,uttarpradesh,20-04-2024,3185.32,3747.44
wheat,uttarpradesh,18-05-2024,3432.11,4037.78
wheat,uttarpradesh,15-06-2024,3261.36,3836.9
wheat,uttarpradesh,13-07-2024,3487.24,4102.63
wheat,uttarpradesh,10-08-2024,3447.17,4055.5
wheat,uttarpradesh,07-09-2024,3635.87,4277.49
wheat,uttarpradesh,05-10-2024,3544.36,4169.84
wheat,uttarpradesh,02-11-2024,3619.25,4257.94
wheat,uttarpradesh,30-11-2024,3448.59,4057.16
wheat,uttarpradesh,28-12-2024,2991.76,3519.72
wheat,uttarpradesh,25-01-2025,3287.35,3867.47
wheat,uttarpradesh,22-02-2025,3359.53,3952.39
wheat,uttarpradesh,22-03-2025,3310.25,3894.41
wheat,uttarpradesh,19-04-2025,3381.72,3978.49
wheat,uttarpradesh,17-05-2025,3304.57,3887.73
wheat,uttarpradesh,14-06-2025,3488.46,4104.07
wheat,uttarpradesh,12-07-2025,3320.42,3906.38
wheat,uttarpradesh,09-08-2025,3522.71,4144.36
wheat,uttarpradesh,06-09-2025,3319.02,3904.73
wheat,uttarpradesh,04-10-2025,3531.52,4154.73
wheat,madhyapradesh,01-01-2022,2983.41,3509.9
wheat,madhyapradesh,29-01-2022,3035.24,3570.87
wheat,madhyapradesh,26-02-2022,3057.45,3597.0
wheat,madhyapradesh,26-03-2022,3053.88,3592.8
wheat,madhyapradesh,23-04-2022,3092.04,3637.69
wheat,madhyapradesh,21-05-2022,2978.03,3503.56
wheat,madhyapradesh,18-06-2022,3185.73,3747.92
wheat,madhyapradesh,16-07-2022,3049.64,3587.81
wheat,madhyapradesh,13-08-2022,3252.47,3826.43
wheat,madhyapradesh,10-09-2022,3205.83,3771.56
wheat,madhyapradesh,08-10-2022,3474.84,4088.05
wheat,madhyapradesh,05-11-2022,3191.36,3754.54
wheat,madhyapradesh,03-12-2022,3496.22,4113.2
wheat,madhyapradesh,31-12-2022,2999.99,3529.4
wheat,madhyapradesh,28-01-2023,3076.86,3619.83
wheat,madhyapradesh,25-02-2023,3146.08,3701.27
wheat,madhyapradesh,25-03-2023,2938.81,3457.42
wheat,madhyapradesh,22-04-2023,2970.83,3495.09
wheat,madhyapradesh,20-05-2023,3022.59,3555.99
wheat,madhyapradesh,17-06-2023,3071.72,3613.79
wheat,madhyapradesh,15-07-2023,3214.62,3781.91
wheat,madhyapradesh,12-08-2023,3345.15,3935.47
wheat,madhyapradesh,09-09-2023,3203.39,3768.7
wheat,madhyapradesh,07-10-2023,3282.29,3861.52
wheat,madhyapradesh,04-11-2023,3310.7,3894.94
wheat,madhyapradesh,02-12-2023,3358.2,3950.82
wheat,madhyapradesh,30-12-2023,2967.84,3491.58
wheat,madhyapradesh,27-01-2024,3131.81,3684.48
wheat,madhyapradesh,24-02-2024,2939.38,3458.1
wheat,madhyapradesh,23-03-2024,3115.32,3665.08
wheat,madhyapradesh,20-04-2024,3203.49,3768.81
wheat,madhyapradesh,18-05-2024,3180.74,3742.05
wheat,madhyapradesh,15-06-2024,3282.9,3862.23
wheat,madhyapradesh,13-07-2024,3289.37,3869.85
wheat,madhyapradesh,10-08-2024,3111.1,3660.12
wheat,madhyapradesh,07-09-2024,3240.11,3811.89
wheat,madhyapradesh,05-10-2024,3333.97,3922.32
wheat,madhyapradesh,02-11-2024,3204.42,3769.91
wheat,madhyapradesh,30-11-2024,3223.75,3792.65
wheat,madhyapradesh,28-12-2024,2851.78,3355.03
wheat,madhyapradesh,25-01-2025,2985.41,3512.25
wheat,madhyapradesh,22-02-2025,3002.26,3532.07
wheat,madhyapradesh,22-03-2025,3146.01,3701.19
wheat,madhyapradesh,19-04-2025,3116.18,3666.1
wheat,madhyapradesh,17-05-2025,3244.71,3817.31
wheat,madhyapradesh,14-06-2025,3041.12,3577.79
wheat,madhyapradesh,12-07-2025,3215.18,3782.56
wheat,madhyapradesh,09-08-2025,3094.58,3640.68
wheat,madhyapradesh,06-09-2025,3185.06,3747.13
wheat,madhyapradesh,04-10-2025,3438.57,4045.38
wheat,westbengal,01-01-2022,3547.06,4173.01
wheat,westbengal,29-01-2022,3436.88,4043.39
wheat,westbengal,26-02-2022,3489.35,4105.12
wheat,westbengal,26-03-2022,3845.82,4524.5
wheat,westbengal,23-04-2022,3882.26,4567.37
wheat,westbengal,21-05-2022,3801.54,4472.4
wheat,westbengal,18-06-2022,3643.38,4286.33
wheat,westbengal,16-07-2022,4032.03,4743.56
wheat,westbengal,13-08-2022,3838.06,4515.37
wheat,westbengal,10-09-2022,4137.48,4867.62
wheat,westbengal,08-10-2022,4034.13,4746.04
wheat,westbengal,05-11-2022,4145.68,4877.27
wheat,westbengal,03-12-2022,4174.99,4911.75
wheat,westbengal,31-12-2022,3519.61,4140.72
wheat,westbengal,28-01-2023,3447.82,4056.26
wheat,westbengal,25-02-2023,3521.46,4142.9
wheat,westbengal,25-03-2023,3593.1,4227.18
wheat,westbengal,22-04-2023,3858.12,4538.97
wheat,westbengal,20-05-2023,3735.67,4394.91
wheat,westbengal,17-06-2023,3973.45,4674.65
wheat,westbengal,15-07-2023,3801.2,4472.0
wheat,westbengal,12-08-2023,4010.57,4718.32
wheat,westbengal,09-09-2023,3812.56,4485.37
wheat,westbengal,07-10-2023,4194.68,4934.92
wheat,westbengal,04-11-2023,4134.32,4863.91
wheat,westbengal,02-12-2023,4088.36,4809.83
wheat,westbengal,30-12-2023,3724.43,4381.68
wheat,westbengal,27-01-2024,3439.46,4046.42
wheat,westbengal,24-02-2024,3621.55,4260.65
wheat,westbengal,23-03-2024,3813.77,4486.79
wheat,westbengal,20-04-2024,3673.68,4321.98
wheat,westbengal,18-05-2024,3879.16,4563.72
wheat,westbengal,15-06-2024,3995.75,4700.88
wheat,westbengal,13-07-2024,3826.32,4501.55
wheat,westbengal,10-08-2024,4017.58,4726.57
wheat,westbengal,07-09-2024,3768.93,4434.04
wheat,westbengal,05-10-2024,3908.67,4598.43
wheat,westbengal,02-11-2024,4242.86,4991.6
wheat,westbengal,30-11-2024,4084.19,4804.93
wheat,westbengal,28-12-2024,3504.51,4122.95
wheat,westbengal,25-01-2025,3758.95,4422.29
wheat,westbengal,22-02-2025,3619.65,4258.41
wheat,westbengal,22-03-2025,3755.12,4417.79
wheat,westbengal,19-04-2025,3793.18,4462.56
wheat,westbengal,17-05-2025,3621.04,4260.05
wheat,westbengal,14-06-2025,3867.24,4549.69
wheat,westbengal,12-07-2025,3981.49,4684.11
wheat,westbengal,09-08-2025,3993.95,4698.76
wheat,westbengal,06-09-2025,3789.67,4458.43
wheat,westbengal,04-10-2025,3861.03,4542.39
wheat,bihar,01-01-2022,3393.01,3991.78
wheat,bihar,29-01-2022,3471.19,4083.75
wheat,bihar,26-02-2022,3368.81,3963.3
wheat,bihar,26-03-2022,3336.81,3925.66
wheat,bihar,23-04-2022,3341.31,3930.95
wheat,bihar,21-05-2022,3488.81,4104.48
wheat,bihar,18-06-2022,3548.36,4174.54
wheat,bihar,16-07-2022,3556.72,4184.38
wheat,bihar,13-08-2022,3546.98,4172.92
wheat,bihar,10-09-2022,3607.66,4244.3
wheat,bihar,08-10-2022,3746.57,4407.73
wheat,bihar,05-11-2022,3828.44,4504.05
wheat,bihar,03-12-2022,3813.97,4487.02
wheat,bihar,31-12-2022,3189.57,3752.43
wheat,bihar,28-01-2023,3340.42,3929.91
wheat,bihar,25-02-2023,3292.07,3873.02
wheat,bihar,25-03-2023,3507.53,4126.51
wheat,bihar,22-04-2023,3453.52,4062.97
wheat,bihar,20-05-2023,3516.19,4136.69
wheat,bihar,17-06-2023,3523.86,4145.72
wheat,bihar,15-07-2023,3599.69,4234.93
wheat,bihar,12-08-2023,3529.38,4152.21
wheat,bihar,09-09-2023,3873.46,4557.01
wheat,bihar,07-10-2023,3918.43,4609.92
wheat,bihar,04-11-2023,3989.67,4693.73
wheat,bihar,02-12-2023,3877.06,4561.25
wheat,bihar,30-12-2023,3237.56,3808.89
wheat,bihar,27-01-2024,3349.52,3940.61
wheat,bihar,24-02-2024,3307.78,3891.5
wheat,bihar,23-03-2024,3404.4,4005.18
wheat,bihar,20-04-2024,3512.83,4132.74
wheat,bihar,18-05-2024,3401.67,4001.96
wheat,bihar,15-06-2024,3575.26,4206.19
wheat,bihar,13-07-2024,3611.82,4249.2
wheat,bihar,10-08-2024,3676.5,4325.29
wheat,bihar,07-09-2024,3566.51,4195.9
wheat,bihar,05-10-2024,3672.33,4320.39
wheat,bihar,02-11-2024,3711.11,4366.01
wheat,bihar,30-11-2024,3897.5,4585.29
wheat,bihar,28-12-2024,3379.59,3975.99
wheat,bihar,25-01-2025,3286.74,3866.75
wheat,bihar,22-02-2025,3296.84,3878.63
wheat,bihar,22-03-2025,3405.63,4006.62
wheat,bihar,19-04-2025,3673.02,4321.2
wheat,bihar,17-05-2025,3497.32,4114.5
wheat,bihar,14-06-2025,3642.03,4284.74
wheat,bihar,12-07-2025,3751.24,4413.22
wheat,bihar,09-08-2025,3619.54,4258.28
wheat,bihar,06-09-2025,3662.52,4308.85
wheat,bihar,04-10-2025,3884.64,4570.16
wheat,odisha,01-01-2022,3689.72,4340.85
wheat,odisha,29-01-2022,3436.83,4043.33
wheat,odisha,26-02-2022,3545.8,4171.53
wheat,odisha,26-03-2022,3817.95,4491.71
wheat,odisha,23-04-2022,3587.8,4220.94
wheat,odisha,21-05-2022,3672.84,4320.99
wheat,odisha,18-06-2022,3962.22,4661.44
wheat,odisha,16-07-2022,4009.8,4717.41
wheat,odisha,13-08-2022,3793.41,4462.83
wheat,odisha,10-09-2022,3994.53,4699.45
wheat,odisha,08-10-2022,3958.53,4657.09
wheat,odisha,05-11-2022,4036.43,4748.74
wheat,odisha,03-12-2022,3945.66,4641.95
wheat,odisha,31-12-2022,3479.01,4092.95
wheat,odisha,28-01-2023,3679.5,4328.82
wheat,odisha,25-02-2023,3571.9,4202.23
wheat,odisha,25-03-2023,3513.39,4133.4
wheat,odisha,22-04-2023,3722.06,4378.89
wheat,odisha,20-05-2023,3776.9,4443.41
wheat,odisha,17-06-2023,3803.6,4474.82
wheat,odisha,15-07-2023,3899.87,4588.08
wheat,odisha,12-08-2023,3893.61,4580.72
wheat,odisha,09-09-2023,4095.64,4818.4
wheat,odisha,07-10-2023,3946.88,4643.39
wheat,odisha,04-11-2023,4089.5,4811.18
wheat,odisha,02-12-2023,4025.05,4735.35
wheat,odisha,30-12-2023,3449.16,4057.84
wheat,odisha,27-01-2024,3635.39,4276.93
wheat,odisha,24-02-2024,3725.72,4383.2
wheat,odisha,23-03-2024,3762.54,4426.52
wheat,odisha,20-04-2024,3664.83,4311.57
wheat,odisha,18-05-2024,3742.12,4402.49
wheat,odisha,15-06-2024,3836.81,4513.89
wheat,odisha,13-07-2024,3731.45,4389.94
wheat,odisha,10-08-2024,3935.68,4630.21
wheat,odisha,07-09-2024,4002.48,4708.8
wheat,odisha,05-10-2024,4076.63,4796.03
wheat,odisha,02-11-2024,3835.36,4512.19
wheat,odisha,30-11-2024,4248.71,4998.48
wheat,odisha,28-12-2024,3515.35,4135.71
wheat,odisha,25-01-2025,3531.23,4154.39
wheat,odisha,22-02-2025,3612.94,4250.52
wheat,odisha,22-03-2025,3808.13,4480.15
wheat,odisha,19-04-2025,3769.34,4434.52
wheat,odisha,17-05-2025,3758.72,4422.02
wheat,odisha,14-06-2025,3896.4,4584.0
wheat,odisha,12-07-2025,3776.46,4442.89
wheat,odisha,09-08-2025,4027.43,4738.15
wheat,odisha,06-09-2025,3932.61,4626.6
wheat,odisha,04-10-2025,4016.84,4725.69
coconut,karnataka,01-01-2022,2502.35,2943.94
coconut,karnataka,29-01-2022,2506.09,2948.34
coconut,karnataka,26-02-2022,2461.39,2895.75
coconut,karnataka,26-03-2022,2565.16,3017.83
coconut,karnataka,23-04-2022,2441.81,2872.72
coconut,karnataka,21-05-2022,2713.99,3192.93
coconut,karnataka,18-06-2022,2665.67,3136.08
coconut,karnataka,16-07-2022,2622.99,3085.87
coconut,karnataka,13-08-2022,2747.7,3232.59
coconut,karnataka,10-09-2022,2836.6,3337.18
coconut,karnataka,08-10-2022,2721.72,3202.02
coconut,karnataka,05-11-2022,2635.54,3100.63
coconut,karnataka,03-12-2022,2733.97,3216.44
coconut,karnataka,31-12-2022,2439.41,2869.89
coconut,karnataka,28-01-2023,2471.84,2908.05
coconut,karnataka,25-02-2023,2517.71,2962.01
coconut,karnataka,25-03-2023,2547.02,2996.49
coconut,karnataka,22-04-2023,2544.53,2993.56
coconut,karnataka,20-05-2023,2560.61,3012.48
coconut,karnataka,17-06-2023,2690.52,3165.32
coconut,karnataka,15-07-2023,2673.05,3144.77
coconut,karnataka,12-08-2023,2680.11,3153.07
coconut,karnataka,09-09-2023,2668.36,3139.25
coconut,karnataka,07-10-2023,2610.47,3071.14
coconut,karnataka,04-11-2023,2661.59,3131.28
coconut,karnataka,02-12-2023,2778.03,3268.27
coconut,karnataka,30-12-2023,2549.32,2999.2
coconut,karnataka,27-01-2024,2372.48,2791.15
coconut,karnataka,24-02-2024,2607.66,3067.84
coconut,karnataka,23-03-2024,2437.42,2867.55
coconut,karnataka,20-04-2024,2510.27,2953.26
coconut,karnataka,18-05-2024,2577.23,3032.03
coconut,karnataka,15-06-2024,2542.41,2991.07
coconut,karnataka,13-07-2024,2645.06,3111.84
coconut,karnataka,10-08-2024,2673.59,3145.4
coconut,karnataka,07-09-2024,2693.62,3168.96
coconut,karnataka,05-10-2024,2794.71,3287.89
coconut,karnataka,02-11-2024,2720.99,3201.16
coconut,karnataka,30-11-2024,2745.61,3230.13
coconut,karnataka,28-12-2024,2512.4,2955.76
coconut,karnataka,25-01-2025,2372.24,2790.87
coconut,karnataka,22-02-2025,2584.82,3040.96
coconut,karnataka,22-03-2025,2565.4,3018.12
coconut,karnataka,19-04-2025,2603.71,3063.19
coconut,karnataka,17-05-2025,2501.9,2943.41
coconut,karnataka,14-06-2025,2745.93,3230.51
coconut,karnataka,12-07-2025,2581.73,3037.33
coconut,karnataka,09-08-2025,2592.74,3050.28
coconut,karnataka,06-09-2025,2618.26,3080.31
coconut,karnataka,04-10-2025,2757.18,3243.74
coconut,tamilnadu,01-01-2022,3308.77,3892.67
coconut,tamilnadu,29-01-2022,3409.66,4011.37
coconut,tamilnadu,26-02-2022,3374.8,3970.35
coconut,tamilnadu,26-03-2022,3576.72,4207.91
coconut,tamilnadu,23-04-2022,3545.36,4171.01
coconut,tamilnadu,21-05-2022,3441.94,4049.34
coconut,tamilnadu,18-06-2022,3696.11,4348.36
coconut,tamilnadu,16-07-2022,3584.93,4217.56
coconut,tamilnadu,13-08-2022,3773.7,4439.65
coconut,tamilnadu,10-09-2022,3739.6,4399.53
coconut,tamilnadu,08-10-2022,3902.34,4590.99
coconut,tamilnadu,05-11-2022,3752.7,4414.94
coconut,tamilnadu,03-12-2022,4007.5,4714.71
coconut,tamilnadu,31-12-2022,3504.91,4123.42
coconut,tamilnadu,28-01-2023,3291.77,3872.67
coconut,tamilnadu,25-02-2023,3345.98,3936.45
coconut,tamilnadu,25-03-2023,3658.37,4303.97
coconut,tamilnadu,22-04-2023,3457.84,4068.05
coconut,tamilnadu,20-05-2023,3549.14,4175.46
coconut,tamilnadu,17-06-2023,3638.89,4281.05
coconut,tamilnadu,15-07-2023,3608.96,4245.84
coconut,tamilnadu,12-08-2023,3874.83,4558.62
coconut,tamilnadu,09-09-2023,3792.12,4461.32
coconut,tamilnadu,07-10-2023,3877.24,4561.46
coconut,tamilnadu,04-11-2023,3903.96,4592.89
coconut,tamilnadu,02-12-2023,3952.38,4649.86
coconut,tamilnadu,30-12-2023,3429.52,4034.73
coconut,tamilnadu,27-01-2024,3390.0,3988.24
coconut,tamilnadu,24-02-2024,3605.16,4241.37
coconut,tamilnadu,23-03-2024,3568.57,4198.32
coconut,tamilnadu,20-04-2024,3681.57,4331.26
coconut,tamilnadu,18-05-2024,3686.4,4336.94
coconut,tamilnadu,15-06-2024,3580.39,4212.22
coconut,tamilnadu,13-07-2024,3739.14,4398.99
coconut,tamilnadu,10-08-2024,3583.96,4216.42
coconut,tamilnadu,07-09-2024,3643.21,4286.13
coconut,tamilnadu,05-10-2024,3677.92,4326.96
coconut,tamilnadu,02-11-2024,3791.21,4460.25
coconut,tamilnadu,30-11-2024,3784.97,4452.91
coconut,tamilnadu,28-12-2024,3465.7,4077.3
coconut,tamilnadu,25-01-2025,3446.08,4054.21
coconut,tamilnadu,22-02-2025,3456.27,4066.2
coconut,tamilnadu,22-03-2025,3399.44,3999.34
coconut,tamilnadu,19-04-2025,3528.07,4150.67
coconut,tamilnadu,17-05-2025,3498.49,4115.87
coconut,tamilnadu,14-06-2025,3703.93,4357.56
coconut,tamilnadu,12-07-2025,3768.32,4433.32
coconut,tamilnadu,09-08-2025,3793.54,4462.99
coconut,tamilnadu,06-09-2025,3970.68,4671.39
coconut,tamilnadu,04-10-2025,3845.05,4523.59
coconut,andhrapradesh,01-01-2022,2779.3,3269.76
coconut,andhrapradesh,29-01-2022,2864.84,3370.4
coconut,andhrapradesh,26-02-2022,2940.45,3459.35
coconut,andhrapradesh,26-03-2022,2857.38,3361.62
coconut,andhrapradesh,23-04-2022,2984.19,3510.81
coconut,andhrapradesh,21-05-2022,2912.61,3426.6
coconut,andhrapradesh,18-06-2022,2986.14,3513.11
coconut,andhrapradesh,16-07-2022,3233.55,3804.18
coconut,andhrapradesh,13-08-2022,3317.77,3903.26
coconut,andhrapradesh,10-09-2022,3208.41,3774.6
coconut,andhrapradesh,08-10-2022,3241.0,3812.94
coconut,andhrapradesh,05-11-2022,3339.14,3928.4
coconut,andhrapradesh,03-12-2022,3286.58,3866.57
coconut,andhrapradesh,31-12-2022,2980.99,3507.05
coconut,andhrapradesh,28-01-2023,2915.66,3430.19
coconut,andhrapradesh,25-02-2023,2831.61,3331.3
coconut,andhrapradesh,25-03-2023,2850.58,3353.62
coconut,andhrapradesh,22-04-2023,3105.87,3653.96
coconut,andhrapradesh,20-05-2023,2999.13,3528.39
coconut,andhrapradesh,17-06-2023,3029.01,3563.54
coconut,andhrapradesh,15-07-2023,3146.53,3701.8
coconut,andhrapradesh,12-08-2023,3065.5,3606.47
coconut,andhrapradesh,09-09-2023,3192.98,3756.45
coconut,andhrapradesh,07-10-2023,3321.26,3907.37
coconut,andhrapradesh,04-11-2023,3365.77,3959.73
coconut,andhrapradesh,02-12-2023,3331.03,3918.86
coconut,andhrapradesh,30-12-2023,2771.49,3260.58
coconut,andhrapradesh,27-01-2024,2806.35,3301.59
coconut,andhrapradesh,24-02-2024,3036.22,3572.02
coconut,andhrapradesh,23-03-2024,3087.58,3632.45
coconut,andhrapradesh,20-04-2024,2986.55,3513.59
coconut,andhrapradesh,18-05-2024,3161.63,3719.56
coconut,andhrapradesh,15-06-2024,2956.73,3478.51
coconut,andhrapradesh,13-07-2024,3203.39,3768.69
coconut,andhrapradesh,10-08-2024,3185.4,3747.53
coconut,andhrapradesh,07-09-2024,3363.72,3957.32
coconut,andhrapradesh,05-10-2024,3113.7,3663.18
coconut,andhrapradesh,02-11-2024,3386.81,3984.48
coconut,andhrapradesh,30-11-2024,3397.86,3997.48
coconut,andhrapradesh,28-12-2024,2824.68,3323.15
coconut,andhrapradesh,25-01-2025,3064.71,3605.54
coconut,andhrapradesh,22-02-2025,2940.07,3458.91
coconut,andhrapradesh,22-03-2025,2945.6,3465.41
coconut,andhrapradesh,19-04-2025,3122.72,3673.79
coconut,andhrapradesh,17-05-2025,3044.16,3581.36
coconut,andhrapradesh,14-06-2025,3251.84,3825.7
coconut,andhrapradesh,12-07-2025,3221.14,3789.58
coconut,andhrapradesh,09-08-2025,3087.29,3632.11
coconut,andhrapradesh,06-09-2025,3306.3,3889.76
coconut,andhrapradesh,04-10-2025,3271.14,3848.4
coconut,telangana,01-01-2022,2787.25,3279.12
coconut,telangana,29-01-2022,2800.47,3294.67
coconut,telangana,26-02-2022,2704.37,3181.61
coconut,telangana,26-03-2022,2729.71,3211.42
coconut,telangana,23-04-2022,2781.85,3272.76
coconut,telangana,21-05-2022,2814.99,3311.75
coconut,telangana,18-06-2022,2804.74,3299.69
coconut,telangana,16-07-2022,2923.8,3439.76
coconut,telangana,13-08-2022,2936.41,3454.6
coconut,telangana,10-09-2022,3047.95,3585.82
coconut,telangana,08-10-2022,3016.09,3548.34
coconut,telangana,05-11-2022,3167.62,3726.61
coconut,telangana,03-12-2022,3072.21,3614.37
coconut,telangana,31-12-2022,2666.21,3136.72
coconut,telangana,28-01-2023,2862.72,3367.91
coconut,telangana,25-02-2023,2933.66,3451.36
coconut,telangana,25-03-2023,2882.65,3391.35
coconut,telangana,22-04-2023,2749.92,3235.2
coconut,telangana,20-05-2023,3034.18,3569.62
coconut,telangana,17-06-2023,3017.85,3550.41
coconut,telangana,15-07-2023,3092.37,3638.08
coconut,telangana,12-08-2023,3149.98,3705.86
coconut,telangana,09-09-2023,3147.62,3703.08
coconut,telangana,07-10-2023,2955.67,3477.26
coconut,telangana,04-11-2023,3217.92,3785.79
coconut,telangana,02-12-2023,3059.77,3599.73
coconut,telangana,30-12-2023,2787.43,3279.33
coconut,telangana,27-01-2024,2854.56,3358.3
coconut,telangana,24-02-2024,2870.98,3377.62
coconut,telangana,23-03-2024,2881.78,3390.33
coconut,telangana,20-04-2024,2862.9,3368.12
coconut,telangana,18-05-2024,2922.43,3438.15
coconut,telangana,15-06-2024,2866.17,3371.96
coconut,telangana,13-07-2024,2942.61,3461.9
coconut,telangana,10-08-2024,2987.72,3514.96
coconut,telangana,07-09-2024,3076.74,3619.7
coconut,telangana,05-10-2024,3186.94,3749.34
coconut,telangana,02-11-2024,2977.97,3503.49
coconut,telangana,30-11-2024,3143.23,3697.92
coconut,telangana,28-12-2024,2669.19,3140.22
coconut,telangana,25-01-2025,2884.36,3393.37
coconut,telangana,22-02-2025,2761.19,3248.46
coconut,telangana,22-03-2025,2959.38,3481.62
coconut,telangana,19-04-2025,2816.42,3313.44
coconut,telangana,17-05-2025,2755.69,3241.99
coconut,telangana,14-06-2025,3014.46,3546.42
coconut,telangana,12-07-2025,3037.15,3573.12
coconut,telangana,09-08-2025,3071.46,3613.48
coconut,telangana,06-09-2025,3023.56,3557.13
coconut,telangana,04-10-2025,3120.62,3671.32
coconut,kerala,01-01-2022,2618.53,3080.62
coconut,kerala,29-01-2022,2781.79,3272.7
coconut,kerala,26-02-2022,2727.22,3208.49
coconut,kerala,26-03-2022,2820.57,3318.32
coconut,kerala,23-04-2022,2791.88,3284.56
coconut,kerala,21-05-2022,2841.54,3342.99
coconut,kerala,18-06-2022,3039.66,3576.07
coconut,kerala,16-07-2022,2928.88,3445.74
coconut,kerala,13-08-2022,3034.81,3570.36
coconut,kerala,10-09-2022,3065.64,3606.63
coconut,kerala,08-10-2022,3075.13,3617.8
coconut,kerala,05-11-2022,3065.14,3606.05
coconut,kerala,03-12-2022,3205.42,3771.08
coconut,kerala,31-12-2022,2614.45,3075.82
coconut,kerala,28-01-2023,2661.24,3130.87
coconut,kerala,25-02-2023,2886.07,3395.38
coconut,kerala,25-03-2023,2829.08,3328.33
coconut,kerala,22-04-2023,2766.69,3254.93
coconut,kerala,20-05-2023,3012.9,3544.59
coconut,kerala,17-06-2023,2925.74,3442.05
coconut,kerala,15-07-2023,2828.52,3327.67
coconut,kerala,12-08-2023,3149.26,3705.01
coconut,kerala,09-09-2023,2954.83,3476.27
coconut,kerala,07-10-2023,3137.72,3691.44
coconut,kerala,04-11-2023,2999.18,3528.45
coconut,kerala,02-12-2023,3195.18,3759.03
coconut,kerala,30-12-2023,2644.72,3111.43
coconut,kerala,27-01-2024,2892.21,3402.6
coconut,kerala,24-02-2024,2742.98,3227.04
coconut,kerala,23-03-2024,2884.47,3393.49
coconut,kerala,20-04-2024,2802.96,3297.6
coconut,kerala,18-05-2024,2871.59,3378.34
coconut,kerala,15-06-2024,3061.86,3602.19
coconut,kerala,13-07-2024,2877.6,3385.41
coconut,kerala,10-08-2024,2980.12,3506.02
coconut,kerala,07-09-2024,2986.25,3513.24
coconut,kerala,05-10-2024,3141.06,3695.37
coconut,kerala,02-11-2024,3031.01,3565.9
coconut,kerala,30-11-2024,3196.9,3761.06
coconut,kerala,28-12-2024,2793.86,3286.9
coconut,kerala,25-01-2025,2633.94,3098.75
coconut,kerala,22-02-2025,2799.89,3293.99
coconut,kerala,22-03-2025,2736.23,3219.09
coconut,kerala,19-04-2025,2796.0,3289.41
coconut,kerala,17-05-2025,2961.22,3483.79
coconut,kerala,14-06-2025,2798.61,3292.48
coconut,kerala,12-07-2025,3035.41,3571.07
coconut,kerala,09-08-2025,3106.83,3655.09
coconut,kerala,06-09-2025,3194.16,3757.83
coconut,kerala,04-10-2025,3055.72,3594.96
coconut,maharashtra,01-01-2022,2382.03,2802.39
coconut,maharashtra,29-01-2022,2490.42,2929.91
coconut,maharashtra,26-02-2022,2609.81,3070.36
coconut,maharashtra,26-03-2022,2479.33,2916.86
coconut,maharashtra,23-04-2022,2564.25,3016.77
coconut,maharashtra,21-05-2022,2744.81,3229.19
coconut,maharashtra,18-06-2022,2578.05,3033.0
coconut,maharashtra,16-07-2022,2780.17,3270.79
coconut,maharashtra,13-08-2022,2806.5,3301.77
coconut,maharashtra,10-09-2022,2666.7,3137.3
coconut,maharashtra,08-10-2022,2937.29,3455.64
coconut,maharashtra,05-11-2022,2729.26,3210.9
coconut,maharashtra,03-12-2022,2870.13,3376.62
coconut,maharashtra,31-12-2022,2366.51,2784.13
coconut,maharashtra,28-01-2023,2557.69,3009.05
coconut,maharashtra,25-02-2023,2535.66,2983.13
coconut,maharashtra,25-03-2023,2639.41,3105.19
coconut,maharashtra,22-04-2023,2646.49,3113.52
coconut,maharashtra,20-05-2023,2551.9,3002.23
coconut,maharashtra,17-06-2023,2651.5,3119.41
coconut,maharashtra,15-07-2023,2756.65,3243.12
coconut,maharashtra,12-08-2023,2835.74,3336.17
coconut,maharashtra,09-09-2023,2653.84,3122.17
coconut,maharashtra,07-10-2023,2687.46,3161.72
coconut,maharashtra,04-11-2023,2901.8,3413.88
coconut,maharashtra,02-12-2023,2887.03,3396.5
coconut,maharashtra,30-12-2023,2459.98,2894.1
coconut,maharashtra,27-01-2024,2636.62,3101.91
coconut,maharashtra,24-02-2024,2503.62,2945.43
coconut,maharashtra,23-03-2024,2488.99,2928.22
coconut,maharashtra,20-04-2024,2554.75,3005.59
coconut,maharashtra,18-05-2024,2534.15,2981.35
coconut,maharashtra,15-06-2024,2689.41,3164.01
coconut,maharashtra,13-07-2024,2733.23,3215.56
coconut,maharashtra,10-08-2024,2766.66,3254.9
coconut,maharashtra,07-09-2024,2845.49,3347.63
coconut,maharashtra,05-10-2024,2852.63,3356.03
coconut,maharashtra,02-11-2024,2928.81,3445.66
coconut,maharashtra,30-11-2024,2906.72,3419.67
coconut,maharashtra,28-12-2024,2439.47,2869.97
coconut,maharashtra,25-01-2025,2524.36,2969.84
coconut,maharashtra,22-02-2025,2553.37,3003.96
coconut,maharashtra,22-03-2025,2645.97,3112.91
coconut,maharashtra,19-04-2025,2559.61,3011.3
coconut,maharashtra,17-05-2025,2526.3,2972.12
coconut,maharashtra,14-06-2025,2781.57,3272.43
coconut,maharashtra,12-07-2025,2829.21,3328.48
coconut,maharashtra,09-08-2025,2735.81,3218.6
coconut,maharashtra,06-09-2025,2661.05,3130.65
coconut,maharashtra,04-10-2025,2799.19,3293.16
coconut,gujarat,01-01-2022,3006.48,3537.03
coconut,gujarat,29-01-2022,3180.39,3741.63
coconut,gujarat,26-02-2022,3222.39,3791.05
coconut,gujarat,26-03-2022,3245.14,3817.81
coconut,gujarat,23-04-2022,3031.75,3566.76
coconut,gujarat,21-05-2022,3299.9,3882.23
coconut,gujarat,18-06-2022,3244.41,3816.95
coconut,gujarat,16-07-2022,3215.9,3783.41
coconut,gujarat,13-08-2022,3357.49,3949.99
coconut,gujarat,10-09-2022,3422.18,4026.09
coconut,gujarat,08-10-2022,3525.2,4147.3
coconut,gujarat,05-11-2022,3501.54,4119.46
coconut,gujarat,03-12-2022,3280.17,3859.02
coconut,gujarat,31-12-2022,2868.34,3374.52
coconut,gujarat,28-01-2023,2963.2,3486.12
coconut,gujarat,25-02-2023,2931.39,3448.69
coconut,gujarat,25-03-2023,2973.48,3498.21
coconut,gujarat,22-04-2023,3238.64,3810.16
coconut,gujarat,20-05-2023,3187.08,3749.51
coconut,gujarat,17-06-2023,3263.8,3839.77
coconut,gujarat,15-07-2023,3260.12,3835.43
coconut,gujarat,12-08-2023,3269.29,3846.22
coconut,gujarat,09-09-2023,3401.86,4002.19
coconut,gujarat,07-10-2023,3231.16,3801.36
coconut,gujarat,04-11-2023,3421.83,4025.68
coconut,gujarat,02-12-2023,3486.75,4102.06
coconut,gujarat,30-12-2023,2931.28,3448.56
coconut,gujarat,27-01-2024,2977.69,3503.16
coconut,gujarat,24-02-2024,3076.26,3619.13
coconut,gujarat,23-03-2024,3017.87,3550.44
coconut,gujarat,20-04-2024,3244.54,3817.11
coconut,gujarat,18-05-2024,3196.57,3760.67
coconut,gujarat,15-06-2024,3187.16,3749.6
coconut,gujarat,13-07-2024,3303.55,3886.53
coconut,gujarat,10-08-2024,3407.47,4008.79
coconut,gujarat,07-09-2024,3394.94,3994.05
coconut,gujarat,05-10-2024,3225.66,3794.89
coconut,gujarat,02-11-2024,3477.09,4090.7
coconut,gujarat,30-11-2024,3526.02,4148.26
coconut,gujarat,28-12-2024,3101.86,3649.25
coconut,gujarat,25-01-2025,2901.19,3413.17
coconut,gujarat,22-02-2025,2945.64,3465.46
coconut,gujarat,22-03-2025,3089.81,3635.07
coconut,gujarat,19-04-2025,3132.9,3685.77
coconut,gujarat,17-05-2025,3219.64,3787.81
coconut,gujarat,14-06-2025,3160.92,3718.73
coconut,gujarat,12-07-2025,3338.56,3927.72
coconut,gujarat,09-08-2025,3376.51,3972.37
coconut,gujarat,06-09-2025,3207.67,3773.73
coconut,gujarat,04-10-2025,3442.07,4049.49
coconut,rajasthan,01-01-2022,3011.83,3543.33
coconut,rajasthan,29-01-2022,3298.42,3880.5
coconut,rajasthan,26-02-2022,3201.7,3766.71
coconut,rajasthan,26-03-2022,3324.73,3911.45
coconut,rajasthan,23-04-2022,3344.34,3934.52
coconut,rajasthan,21-05-2022,3200.72,3765.55
coconut,rajasthan,18-06-2022,3224.89,3793.99
coconut,rajasthan,16-07-2022,3484.01,4098.83
coconut,rajasthan,13-08-2022,3348.35,3939.24
coconut,rajasthan,10-09-2022,3600.44,4235.81
coconut,rajasthan,08-10-2022,3600.51,4235.9
coconut,rajasthan,05-11-2022,3377.44,3973.46
coconut,rajasthan,03-12-2022,3693.16,4344.9
coconut,rajasthan,31-12-2022,3045.54,3582.99
coconut,rajasthan,28-01-2023,3017.86,3550.42
coconut,rajasthan,25-02-2023,3262.18,3837.86
coconut,rajasthan,25-03-2023,3258.02,3832.96
coconut,rajasthan,22-04-2023,3133.72,3686.73
coconut,rajasthan,20-05-2023,3296.16,3877.83
coconut,rajasthan,17-06-2023,3303.01,3885.89
coconut,rajasthan,15-07-2023,3388.61,3986.6
coconut,rajasthan,12-08-2023,3450.54,4059.46
coconut,rajasthan,09-09-2023,3420.63,4024.27
coconut,rajasthan,07-10-2023,3419.52,4022.97
coconut,rajasthan,04-11-2023,3403.5,4004.12
coconut,rajasthan,02-12-2023,3609.6,4246.59
coconut,rajasthan,30-12-2023,3186.04,3748.28
coconut,rajasthan,27-01-2024,3069.78,3611.5
coconut,rajasthan,24-02-2024,3197.17,3761.38
coconut,rajasthan,23-03-2024,3085.81,3630.36
coconut,rajasthan,20-04-2024,3390.86,3989.25
coconut,rajasthan,18-05-2024,3226.4,3795.77
coconut,rajasthan,15-06-2024,3340.41,3929.89
coconut,rajasthan,13-07-2024,3349.09,3940.1
coconut,rajasthan,10-08-2024,3307.68,3891.39
coconut,rajasthan,07-09-2024,3615.95,4254.06
coconut,rajasthan,05-10-2024,3630.68,4271.39
coconut,rajasthan,02-11-2024,3562.98,4191.74
coconut,rajasthan,30-11-2024,3731.44,4389.93
coconut,rajasthan,28-12-2024,3191.61,3754.83
coconut,rajasthan,25-01-2025,3130.04,3682.4
coconut,rajasthan,22-02-2025,3137.43,3691.1
coconut,rajasthan,22-03-2025,3206.16,3771.95
coconut,rajasthan,19-04-2025,3344.19,3934.34
coconut,rajasthan,17-05-2025,3235.25,3806.18
coconut,rajasthan,14-06-2025,3208.46,3774.66
coconut,rajasthan,12-07-2025,3345.63,3936.04
coconut,rajasthan,09-08-2025,3428.31,4033.31
coconut,rajasthan,06-09-2025,3605.83,4242.15
coconut,rajasthan,04-10-2025,3392.97,3991.73
coconut,punjab,01-01-2022,3385.49,3982.93
coconut,punjab,29-01-2022,3418.78,4022.1
coconut,punjab,26-02-2022,3167.86,3726.9
coconut,punjab,26-03-2022,3339.17,3928.44
coconut,punjab,23-04-2022,3317.34,3902.75
coconut,punjab,21-05-2022,3549.79,4176.22
coconut,punjab,18-06-2022,3411.79,4013.87
coconut,punjab,16-07-2022,3530.68,4153.74
coconut,punjab,13-08-2022,3377.54,3973.58
coconut,punjab,10-09-2022,3485.08,4100.09
coconut,punjab,08-10-2022,3656.09,4301.28
coconut,punjab,05-11-2022,3601.17,4236.67
coconut,punjab,03-12-2022,3759.06,4422.42
coconut,punjab,31-12-2022,3218.35,3786.29
coconut,punjab,28-01-2023,3300.27,3882.67
coconut,punjab,25-02-2023,3308.38,3892.21
coconut,punjab,25-03-2023,3442.22,4049.67
coconut,punjab,22-04-2023,3287.88,3868.09
coconut,punjab,20-05-2023,3568.86,4198.66
coconut,punjab,17-06-2023,3562.17,4190.79
coconut,punjab,15-07-2023,3422.53,4026.5
coconut,punjab,12-08-2023,3376.97,3972.91
coconut,punjab,09-09-2023,3560.29,4188.58
coconut,punjab,07-10-2023,3535.91,4159.89
coconut,punjab,04-11-2023,3616.78,4255.04
coconut,punjab,02-12-2023,3839.59,4517.16
coconut,punjab,30-12-2023,3351.83,3943.33
coconut,punjab,27-01-2024,3417.77,4020.91
coconut,punjab,24-02-2024,3145.54,3700.63
coconut,punjab,23-03-2024,3403.58,4004.21
coconut,punjab,20-04-2024,3509.51,4128.84
coconut,punjab,18-05-2024,3509.42,4128.73
coconut,punjab,15-06-2024,3334.24,3922.64
coconut,punjab,13-07-2024,3522.5,4144.12
coconut,punjab,10-08-2024,3459.31,4069.78
coconut,punjab,07-09-2024,3589.75,4223.24
coconut,punjab,05-10-2024,3473.02,4085.91
coconut,punjab,02-11-2024,3855.74,4536.17
coconut,punjab,30-11-2024,3792.09,4461.28
coconut,punjab,28-12-2024,3098.55,3645.35
coconut,punjab,25-01-2025,3408.06,4009.48
coconut,punjab,22-02-2025,3442.1,4049.53
coconut,punjab,22-03-2025,3357.49,3949.99
coconut,punjab,19-04-2025,3459.27,4069.73
coconut,punjab,17-05-2025,3387.7,3985.53
coconut,punjab,14-06-2025,3636.5,4278.23
coconut,punjab,12-07-2025,3366.25,3960.29
coconut,punjab,09-08-2025,3408.66,4010.19
coconut,punjab,06-09-2025,3460.95,4071.71
coconut,punjab,04-10-2025,3749.15,4410.76
coconut,haryana,01-01-2022,2442.07,2873.02
coconut,haryana,29-01-2022,2439.91,2870.48
coconut,haryana,26-02-2022,2601.54,3060.63
coconut,haryana,26-03-2022,2450.15,2882.53
coconut,haryana,23-04-2022,2485.77,2924.44
coconut,haryana,21-05-2022,2529.23,2975.56
coconut,haryana,18-06-2022,2685.58,3159.51
coconut,haryana,16-07-2022,2690.35,3165.12
coconut,haryana,13-08-2022,2730.45,3212.3
coconut,haryana,10-09-2022,2648.84,3116.28
coconut,haryana,08-10-2022,2665.97,3136.44
coconut,haryana,05-11-2022,2641.12,3107.2
coconut,haryana,03-12-2022,2705.8,3183.29
coconut,haryana,31-12-2022,2493.52,2933.55
coconut,haryana,28-01-2023,2476.68,2913.74
coconut,haryana,25-02-2023,2400.46,2824.07
coconut,haryana,25-03-2023,2431.93,2861.09
coconut,haryana,22-04-2023,2538.0,2985.88
coconut,haryana,20-05-2023,2552.81,3003.31
coconut,haryana,17-06-2023,2616.52,3078.26
coconut,haryana,15-07-2023,2759.96,3247.01
coconut,haryana,12-08-2023,2589.68,3046.68
coconut,haryana,09-09-2023,2646.21,3113.19
coconut,haryana,07-10-2023,2664.08,3134.21
coconut,haryana,04-11-2023,2653.6,3121.88
coconut,haryana,02-12-2023,2693.22,3168.49
coconut,haryana,30-12-2023,2470.75,2906.76
coconut,haryana,27-01-2024,2536.03,2983.56
coconut,haryana,24-02-2024,2535.07,2982.44
coconut,haryana,23-03-2024,2400.71,2824.37
coconut,haryana,20-04-2024,2632.19,3096.7
coconut,haryana,18-05-2024,2532.52,2979.44
coconut,haryana,15-06-2024,2500.58,2941.86
coconut,haryana,13-07-2024,2571.01,3024.72
coconut,haryana,10-08-2024,2629.19,3093.16
coconut,haryana,07-09-2024,2701.56,3178.31
coconut,haryana,05-10-2024,2776.53,3266.5
coconut,haryana,02-11-2024,2692.29,3167.4
coconut,haryana,30-11-2024,2925.54,3441.81
coconut,haryana,28-12-2024,2311.87,2719.85
coconut,haryana,25-01-2025,2432.39,2861.64
coconut,haryana,22-02-2025,2474.25,2910.88
coconut,haryana,22-03-2025,2578.82,3033.9
coconut,haryana,19-04-2025,2482.94,2921.11
coconut,haryana,17-05-2025,2567.12,3020.14
coconut,haryana,14-06-2025,2686.39,3160.46
coconut,haryana,12-07-2025,2542.41,2991.07
coconut,haryana,09-08-2025,2537.48,2985.27
coconut,haryana,06-09-2025,2787.07,3278.9
coconut,haryana,04-10-2025,2859.84,3364.52
coconut,uttarpradesh,01-01-2022,2567.74,3020.87
coconut,uttarpradesh,29-01-2022,2486.09,2924.81
coconut,uttarpradesh,26-02-2022,2582.5,3038.24
coconut,uttarpradesh,26-03-2022,2617.64,3079.58
coconut,uttarpradesh,23-04-2022,2632.83,3097.45
coconut,uttarpradesh,21-05-2022,2578.64,3033.69
coconut,uttarpradesh,18-06-2022,2757.0,3243.53
coconut,uttarpradesh,16-07-2022,2575.09,3029.52
coconut,uttarpradesh,13-08-2022,2616.31,3078.01
coconut,uttarpradesh,10-09-2022,2877.82,3385.67
coconut,uttarpradesh,08-10-2022,2781.67,3272.55
coconut,uttarpradesh,05-11-2022,2723.52,3204.14
coconut,uttarpradesh,03-12-2022,2975.38,3500.45
coconut,uttarpradesh,31-12-2022,2569.15,3022.53
coconut,uttarpradesh,28-01-2023,2475.84,2912.75
coconut,uttarpradesh,25-02-2023,2432.71,2862.01
coconut,uttarpradesh,25-03-2023,2570.25,3023.82
coconut,uttarpradesh,22-04-2023,2524.64,2970.16
coconut,uttarpradesh,20-05-2023,2661.89,3131.63
coconut,uttarpradesh,17-06-2023,2759.39,3246.34
coconut,uttarpradesh,15-07-2023,2676.02,3148.26
coconut,uttarpradesh,12-08-2023,2606.74,3066.75
coconut,uttarpradesh,09-09-2023,2817.16,3314.3
coconut,uttarpradesh,07-10-2023,2705.96,3183.48
coconut,uttarpradesh,04-11-2023,2747.83,3232.74
coconut,uttarpradesh,02-12-2023,2770.08,3258.92
coconut,uttarpradesh,30-12-2023,2432.48,2861.74
coconut,uttarpradesh,27-01-2024,2614.82,3076.26
coconut,uttarpradesh,24-02-2024,2430.65,2859.59
coconut,uttarpradesh,23-03-2024,2611.06,3071.84
coconut,uttarpradesh,20-04-2024,2544.95,2994.06
coconut,uttarpradesh,18-05-2024,2588.22,3044.97
coconut,uttarpradesh,15-06-2024,2649.86,3117.48
coconut,uttarpradesh,13-07-2024,2718.12,3197.79
coconut,uttarpradesh,10-08-2024,2615.35,3076.88
coconut,uttarpradesh,07-09-2024,2705.54,3182.99
coconut,uttarpradesh,05-10-2024,2696.01,3171.78
coconut,uttarpradesh,02-11-2024,2743.51,3227.66
coconut,uttarpradesh,30-11-2024,2969.53,3493.57
coconut,uttarpradesh,28-12-2024,2493.65,2933.71
coconut,uttarpradesh,25-01-2025,2551.19,3001.4
coconut,uttarpradesh,22-02-2025,2626.32,3089.79
coconut,uttarpradesh,22-03-2025,2656.39,3125.17
coconut,uttarpradesh,19-04-2025,2739.14,3222.52
coconut,uttarpradesh,17-05-2025,2716.86,3196.3
coconut,uttarpradesh,14-06-2025,2635.72,3100.85
coconut,uttarpradesh,12-07-2025,2716.46,3195.83
coconut,uttarpradesh,09-08-2025,2731.25,3213.24
coconut,uttarpradesh,06-09-2025,2880.63,3388.98
coconut,uttarpradesh,04-10-2025,2798.17,3291.96
coconut,madhyapradesh,01-01-2022,2682.62,3156.02
coconut,madhyapradesh,29-01-2022,2755.1,3241.29
coconut,madhyapradesh,26-02-2022,2760.67,3247.85
coconut,madhyapradesh,26-03-2022,2988.84,3516.28
coconut,madhyapradesh,23-04-2022,2990.67,3518.44
coconut,madhyapradesh,21-05-2022,2814.24,3310.87
coconut,madhyapradesh,18-06-2022,3125.18,3676.68
coconut,madhyapradesh,16-07-2022,3022.21,3555.54
coconut,madhyapradesh,13-08-2022,3129.23,3681.45
coconut,madhyapradesh,10-09-2022,3236.48,3807.62
coconut,madhyapradesh,08-10-2022,3264.79,3840.93
coconut,madhyapradesh,05-11-2022,3025.59,3559.52
coconut,madhyapradesh,03-12-2022,3236.16,3807.25
coconut,madhyapradesh,31-12-2022,2706.65,3184.29
coconut,madhyapradesh,28-01-2023,2894.67,3405.49
coconut,madhyapradesh,25-02-2023,2959.01,3481.19
coconut,madhyapradesh,25-03-2023,2747.38,3232.21
coconut,madhyapradesh,22-04-2023,3054.06,3593.01
coconut,madhyapradesh,20-05-2023,2861.58,3366.57
coconut,madhyapradesh,17-06-2023,3081.98,3625.86
coconut,madhyapradesh,15-07-2023,3102.95,3650.53
coconut,madhyapradesh,12-08-2023,3003.65,3533.71
coconut,madhyapradesh,09-09-2023,3187.04,3749.46
coconut,madhyapradesh,07-10-2023,3224.65,3793.71
coconut,madhyapradesh,04-11-2023,3049.54,3587.69
coconut,madhyapradesh,02-12-2023,3215.66,3783.13
coconut,madhyapradesh,30-12-2023,2856.21,3360.25
coconut,madhyapradesh,27-01-2024,2861.37,3366.32
coconut,madhyapradesh,24-02-2024,2958.08,3480.09
coconut,madhyapradesh,23-03-2024,2739.41,3222.84
coconut,madhyapradesh,20-04-2024,2967.98,3491.74
coconut,madhyapradesh,18-05-2024,3075.96,3618.78
coconut,madhyapradesh,15-06-2024,2997.71,3526.72
coconut,madhyapradesh,13-07-2024,3032.35,3567.47
coconut,madhyapradesh,10-08-2024,2952.88,3473.98
coconut,madhyapradesh,07-09-2024,3232.9,3803.41
coconut,madhyapradesh,05-10-2024,3236.0,3807.06
coconut,madhyapradesh,02-11-2024,3149.16,3704.9
coconut,madhyapradesh,30-11-2024,3125.35,3676.88
coconut,madhyapradesh,28-12-2024,2768.7,3257.29
coconut,madhyapradesh,25-01-2025,2690.95,3165.82
coconut,madhyapradesh,22-02-2025,2764.54,3252.4
coconut,madhyapradesh,22-03-2025,2794.21,3287.31
coconut,madhyapradesh,19-04-2025,2917.32,3432.14
coconut,madhyapradesh,17-05-2025,2797.19,3290.81
coconut,madhyapradesh,14-06-2025,3103.25,3650.88
coconut,madhyapradesh,12-07-2025,2923.38,3439.27
coconut,madhyapradesh,09-08-2025,2935.28,3453.27
coconut,madhyapradesh,06-09-2025,3149.34,3705.11
coconut,madhyapradesh,04-10-2025,3247.58,3820.68
coconut,westbengal,01-01-2022,3216.28,3783.86
coconut,westbengal,29-01-2022,3156.4,3713.41
coconut,westbengal,26-02-2022,3384.78,3982.1
coconut,westbengal,26-03-2022,3538.28,4162.68
coconut,westbengal,23-04-2022,3531.72,4154.96
coconut,westbengal,21-05-2022,3598.76,4233.83
coconut,westbengal,18-06-2022,3646.01,4289.42
coconut,westbengal,16-07-2022,3723.88,4381.04
coconut,westbengal,13-08-2022,3555.25,4182.65
coconut,westbengal,10-09-2022,3802.53,4473.57
coconut,westbengal,08-10-2022,3644.0,4287.06
coconut,westbengal,05-11-2022,3574.74,4205.58
coconut,westbengal,03-12-2022,3689.51,4340.6
coconut,westbengal,31-12-2022,3155.01,3711.78
coconut,westbengal,28-01-2023,3201.35,3766.29
coconut,westbengal,25-02-2023,3506.29,4125.05
coconut,westbengal,25-03-2023,3495.69,4112.58
coconut,westbengal,22-04-2023,3595.76,4230.3
coconut,westbengal,20-05-2023,3530.14,4153.1
coconut,westbengal,17-06-2023,3404.44,4005.22
coconut,westbengal,15-07-2023,3726.79,4384.46
coconut,westbengal,12-08-2023,3670.46,4318.19
coconut,westbengal,09-09-2023,3797.77,4467.97
coconut,westbengal,07-10-2023,3788.13,4456.62
coconut,westbengal,04-11-2023,3620.24,4259.11
coconut,westbengal,02-12-2023,3797.61,4467.78
coconut,westbengal,30-12-2023,3167.75,3726.77
coconut,westbengal,27-01-2024,3250.85,3824.53
coconut,westbengal,24-02-2024,3418.98,4022.33
coconut,westbengal,23-03-2024,3269.99,3847.05
coconut,westbengal,20-04-2024,3516.06,4136.54
coconut,westbengal,18-05-2024,3634.34,4275.7
coconut,westbengal,15-06-2024,3676.99,4325.87
coconut,westbengal,13-07-2024,3521.34,4142.75
coconut,westbengal,10-08-2024,3778.74,4445.58
coconut,westbengal,07-09-2024,3811.01,4483.54
coconut,westbengal,05-10-2024,3510.25,4129.71
coconut,westbengal,02-11-2024,3761.41,4425.19
coconut,westbengal,30-11-2024,3922.61,4614.84
coconut,westbengal,28-12-2024,3427.11,4031.9
coconut,westbengal,25-01-2025,3222.37,3791.02
coconut,westbengal,22-02-2025,3377.72,3973.79
coconut,westbengal,22-03-2025,3544.89,4170.46
coconut,westbengal,19-04-2025,3313.88,3898.68
coconut,westbengal,17-05-2025,3563.58,4192.45
coconut,westbengal,14-06-2025,3426.89,4031.63
coconut,westbengal,12-07-2025,3731.65,4390.18
coconut,westbengal,09-08-2025,3481.18,4095.51
coconut,westbengal,06-09-2025,3781.92,4449.32
coconut,westbengal,04-10-2025,3530.99,4154.11
coconut,bihar,01-01-2022,3168.31,3727.42
coconut,bihar,29-01-2022,3286.14,3866.05
coconut,bihar,26-02-2022,3185.7,3747.88
coconut,bihar,26-03-2022,3165.66,3724.31
coconut,bihar,23-04-2022,3198.58,3763.04
coconut,bihar,21-05-2022,3176.25,3736.77
coconut,bihar,18-06-2022,3276.98,3855.27
coconut,bihar,16-07-2022,3264.51,3840.6
coconut,bihar,13-08-2022,3265.28,3841.5
coconut,bihar,10-09-2022,3436.01,4042.36
coconut,bihar,08-10-2022,3596.38,4231.03
coconut,bihar,05-11-2022,3720.31,4376.83
coconut,bihar,03-12-2022,3730.74,4389.11
coconut,bihar,31-12-2022,3122.67,3673.73
coconut,bihar,28-01-2023,3125.44,3676.99
coconut,bihar,25-02-2023,3217.53,3785.33
coconut,bihar,25-03-2023,3112.56,3661.84
coconut,bihar,22-04-2023,3274.02,3851.79
coconut,bihar,20-05-2023,3440.59,4047.75
coconut,bihar,17-06-2023,3409.42,4011.08
coconut,bihar,15-07-2023,3461.28,4072.1
coconut,bihar,12-08-2023,3320.74,3906.75
coconut,bihar,09-09-2023,3327.49,3914.69
coconut,bihar,07-10-2023,3636.15,4277.82
coconut,bihar,04-11-2023,3480.72,4094.97
coconut,bihar,02-12-2023,3527.46,4149.95
coconut,bihar,30-12-2023,3265.97,3842.32
coconut,bihar,27-01-2024,3029.1,3563.65
coconut,bihar,24-02-2024,3097.14,3643.69
coconut,bihar,23-03-2024,3201.4,3766.35
coconut,bihar,20-04-2024,3356.86,3949.25
coconut,bihar,18-05-2024,3335.35,3923.94
coconut,bihar,15-06-2024,3492.43,4108.74
coconut,bihar,13-07-2024,3259.44,3834.64
coconut,bihar,10-08-2024,3468.99,4081.16
coconut,bihar,07-09-2024,3515.15,4135.47
coconut,bihar,05-10-2024,3508.56,4127.72
coconut,bihar,02-11-2024,3386.94,3984.64
coconut,bihar,30-11-2024,3751.53,4413.57
coconut,bihar,28-12-2024,3020.15,3553.12
coconut,bihar,25-01-2025,3287.13,3867.21
coconut,bihar,22-02-2025,3092.97,3638.79
coconut,bihar,22-03-2025,3112.51,3661.78
coconut,bihar,19-04-2025,3184.15,3746.06
coconut,bihar,17-05-2025,3216.82,3784.49
coconut,bihar,14-06-2025,3424.95,4029.35
coconut,bihar,12-07-2025,3473.13,4086.04
coconut,bihar,09-08-2025,3515.7,4136.12
coconut,bihar,06-09-2025,3394.07,3993.02
coconut,bihar,04-10-2025,3437.84,4044.52
coconut,odisha,01-01-2022,2487.71,2926.72
coconut,odisha,29-01-2022,2656.45,3125.24
coconut,odisha,26-02-2022,2760.77,3247.96
coconut,odisha,26-03-2022,2608.91,3069.3
coconut,odisha,23-04-2022,2696.95,3172.88
coconut,odisha,21-05-2022,2747.47,3232.32
coconut,odisha,18-06-2022,2742.47,3226.44
coconut,odisha,16-07-2022,2878.39,3386.34
coconut,odisha,13-08-2022,2893.71,3404.36
coconut,odisha,10-09-2022,2810.47,3306.44
coconut,odisha,08-10-2022,2791.03,3283.56
coconut,odisha,05-11-2022,2864.97,3370.55
coconut,odisha,03-12-2022,2932.63,3450.15
coconut,odisha,31-12-2022,2496.13,2936.62
coconut,odisha,28-01-2023,2728.2,3209.65
coconut,odisha,25-02-2023,2618.85,3081.0
coconut,odisha,25-03-2023,2674.81,3146.83
coconut,odisha,22-04-2023,2732.04,3214.16
coconut,odisha,20-05-2023,2812.08,3308.33
coconut,odisha,17-06-2023,2685.52,3159.44
coconut,odisha,15-07-2023,2845.0,3347.06
coconut,odisha,12-08-2023,2774.71,3264.37
coconut,odisha,09-09-2023,3009.19,3540.22
coconut,odisha,07-10-2023,2891.72,3402.02
coconut,odisha,04-11-2023,2946.41,3466.37
coconut,odisha,02-12-2023,2924.09,3440.1
coconut,odisha,30-12-2023,2595.93,3054.04
coconut,odisha,27-01-2024,2565.33,3018.03
coconut,odisha,24-02-2024,2608.22,3068.5
coconut,odisha,23-03-2024,2584.05,3040.06
coconut,odisha,20-04-2024,2804.0,3298.82
coconut,odisha,18-05-2024,2813.86,3310.42
coconut,odisha,15-06-2024,2684.0,3157.65
coconut,odisha,13-07-2024,2788.26,3280.3
coconut,odisha,10-08-2024,2876.87,3384.55
coconut,odisha,07-09-2024,3033.88,3569.27
coconut,odisha,05-10-2024,2956.27,3477.97
coconut,odisha,02-11-2024,2978.36,3503.95
coconut,odisha,30-11-2024,3097.04,3643.58
coconut,odisha,28-12-2024,2687.98,3162.33
coconut,odisha,25-01-2025,2616.07,3077.73
coconut,odisha,22-02-2025,2679.51,3152.36
coconut,odisha,22-03-2025,2801.68,3296.09
coconut,odisha,19-04-2025,2728.13,3209.56
coconut,odisha,17-05-2025,2873.14,3380.16
coconut,odisha,14-06-2025,2793.36,3286.3
coconut,odisha,12-07-2025,2713.24,3192.05
coconut,odisha,09-08-2025,2980.39,3506.34
coconut,odisha,06-09-2025,2959.58,3481.86
coconut,odisha,04-10-2025,2930.6,3447.77
onion,karnataka,01-01-2022,3261.75,3837.35
onion,karnataka,29-01-2022,3263.03,3838.86
onion,karnataka,26-02-2022,3284.65,3864.29
onion,karnataka,26-03-2022,3160.37,3718.08
onion,karnataka,23-04-2022,3410.11,4011.9
onion,karnataka,21-05-2022,3254.06,3828.31
onion,karnataka,18-06-2022,3568.47,4198.2
onion,karnataka,16-07-2022,3605.68,4241.98
onion,karnataka,13-08-2022,3590.03,4223.57
onion,karnataka,10-09-2022,3390.45,3988.77
onion,karnataka,08-10-2022,3534.33,4158.03
onion,karnataka,05-11-2022,3776.95,4443.47
onion,karnataka,03-12-2022,3617.09,4255.4
onion,karnataka,31-12-2022,3324.08,3910.68
onion,karnataka,28-01-2023,3246.9,3819.88
onion,karnataka,25-02-2023,3354.05,3945.94
onion,karnataka,25-03-2023,3205.57,3771.26
onion,karnataka,22-04-2023,3461.19,4071.99
onion,karnataka,20-05-2023,3503.44,4121.7
onion,karnataka,17-06-2023,3256.24,3830.87
onion,karnataka,15-07-2023,3404.58,4005.39
onion,karnataka,12-08-2023,3446.87,4055.14
onion,karnataka,09-09-2023,3460.88,4071.62
onion,karnataka,07-10-2023,3481.91,4096.36
onion,karnataka,04-11-2023,3586.05,4218.88
onion,karnataka,02-12-2023,3776.58,4443.03
onion,karnataka,30-12-2023,3257.35,3832.18
onion,karnataka,27-01-2024,3245.56,3818.31
onion,karnataka,24-02-2024,3252.93,3826.98
onion,karnataka,23-03-2024,3258.7,3833.76
onion,karnataka,20-04-2024,3296.16,3877.84
onion,karnataka,18-05-2024,3245.76,3818.54
onion,karnataka,15-06-2024,3433.54,4039.46
onion,karnataka,13-07-2024,3532.07,4155.38
onion,karnataka,10-08-2024,3635.73,4277.33
onion,karnataka,07-09-2024,3671.78,4319.74
onion,karnataka,05-10-2024,3583.94,4216.4
onion,karnataka,02-11-2024,3457.43,4067.56
onion,karnataka,30-11-2024,3562.74,4191.46
onion,karnataka,28-12-2024,3177.89,3738.7
onion,karnataka,25-01-2025,3156.05,3713.0
onion,karnataka,22-02-2025,3216.69,3784.34
onion,karnataka,22-03-2025,3246.69,3819.64
onion,karnataka,19-04-2025,3319.82,3905.67
onion,karnataka,17-05-2025,3400.76,4000.9
onion,karnataka,14-06-2025,3246.18,3819.04
onion,karnataka,12-07-2025,3365.79,3959.75
onion,karnataka,09-08-2025,3358.58,3951.27
onion,karnataka,06-09-2025,3560.39,4188.69
onion,karnataka,04-10-2025,3630.59,4271.28
onion,tamilnadu,01-01-2022,2352.96,2768.19
onion,tamilnadu,29-01-2022,2254.34,2652.17
onion,tamilnadu,26-02-2022,2260.32,2659.2
onion,tamilnadu,26-03-2022,2407.23,2832.03
onion,tamilnadu,23-04-2022,2477.8,2915.06
onion,tamilnadu,21-05-2022,2501.52,2942.96
onion,tamilnadu,18-06-2022,2317.45,2726.41
onion,tamilnadu,16-07-2022,2540.64,2988.99
onion,tamilnadu,13-08-2022,2441.68,2872.57
onion,tamilnadu,10-09-2022,2463.66,2898.42
onion,tamilnadu,08-10-2022,2545.1,2994.24
onion,tamilnadu,05-11-2022,2626.02,3089.43
onion,tamilnadu,03-12-2022,2499.13,2940.15
onion,tamilnadu,31-12-2022,2348.28,2762.68
onion,tamilnadu,28-01-2023,2209.15,2599.0
onion,tamilnadu,25-02-2023,2431.31,2860.37
onion,tamilnadu,25-03-2023,2336.12,2748.38
onion,tamilnadu,22-04-2023,2455.21,2888.48
onion,tamilnadu,20-05-2023,2350.51,2765.31
onion,tamilnadu,17-06-2023,2413.97,2839.97
onion,tamilnadu,15-07-2023,2498.33,2939.21
onion,tamilnadu,12-08-2023,2413.01,2838.84
onion,tamilnadu,09-09-2023,2446.29,2877.99
onion,tamilnadu,07-10-2023,2629.76,3093.84
onion,tamilnadu,04-11-2023,2637.54,3102.99
onion,tamilnadu,02-12-2023,2671.3,3142.71
onion,tamilnadu,30-12-2023,2347.9,2762.23
onion,tamilnadu,27-01-2024,2366.6,2784.23
onion,tamilnadu,24-02-2024,2324.78,2735.04
onion,tamilnadu,23-03-2024,2269.36,2669.84
onion,tamilnadu,20-04-2024,2332.82,2744.5
onion,tamilnadu,18-05-2024,2407.62,2832.5
onion,tamilnadu,15-06-2024,2345.55,2759.47
onion,tamilnadu,13-07-2024,2549.0,2998.82
onion,tamilnadu,10-08-2024,2585.22,3041.44
onion,tamilnadu,07-09-2024,2400.33,2823.92
onion,tamilnadu,05-10-2024,2468.98,2904.68
onion,tamilnadu,02-11-2024,2661.24,3130.87
onion,tamilnadu,30-11-2024,2691.48,3166.45
onion,tamilnadu,28-12-2024,2208.0,2597.65
onion,tamilnadu,25-01-2025,2283.0,2685.88
onion,tamilnadu,22-02-2025,2418.28,2845.03
onion,tamilnadu,22-03-2025,2397.57,2820.67
onion,tamilnadu,19-04-2025,2323.99,2734.11
onion,tamilnadu,17-05-2025,2483.82,2922.14
onion,tamilnadu,14-06-2025,2435.49,2865.28
onion,tamilnadu,12-07-2025,2495.83,2936.27
onion,tamilnadu,09-08-2025,2397.06,2820.07
onion,tamilnadu,06-09-2025,2400.74,2824.4
onion,tamilnadu,04-10-2025,2514.75,2958.53
onion,andhrapradesh,01-01-2022,2754.14,3240.17
onion,andhrapradesh,29-01-2022,2988.15,3515.47
onion,andhrapradesh,26-02-2022,2942.24,3461.46
onion,andhrapradesh,26-03-2022,2908.05,3421.23
onion,andhrapradesh,23-04-2022,2887.36,3396.9
onion,andhrapradesh,21-05-2022,3142.67,3697.26
onion,andhrapradesh,18-06-2022,3135.06,3688.3
onion,andhrapradesh,16-07-2022,3152.84,3709.22
onion,andhrapradesh,13-08-2022,3062.63,3603.1
onion,andhrapradesh,10-09-2022,3129.5,3681.76
onion,andhrapradesh,08-10-2022,3093.01,3638.83
onion,andhrapradesh,05-11-2022,3259.78,3835.04
onion,andhrapradesh,03-12-2022,3424.02,4028.26
onion,andhrapradesh,31-12-2022,2947.54,3467.69
onion,andhrapradesh,28-01-2023,2923.87,3439.85
onion,andhrapradesh,25-02-2023,2968.74,3492.63
onion,andhrapradesh,25-03-2023,2884.23,3393.21
onion,andhrapradesh,22-04-2023,2960.86,3483.37
onion,andhrapradesh,20-05-2023,2878.3,3386.23
onion,andhrapradesh,17-06-2023,3144.64,3699.58
onion,andhrapradesh,15-07-2023,3177.2,3737.88
onion,andhrapradesh,12-08-2023,2976.19,3501.4
onion,andhrapradesh,09-09-2023,3295.66,3877.25
onion,andhrapradesh,07-10-2023,3248.07,3821.26
onion,andhrapradesh,04-11-2023,3269.13,3846.04
onion,andhrapradesh,02-12-2023,3111.08,3660.09
onion,andhrapradesh,30-12-2023,2775.44,3265.22
onion,andhrapradesh,27-01-2024,2969.31,3493.31
onion,andhrapradesh,24-02-2024,2860.16,3364.89
onion,andhrapradesh,23-03-2024,3090.29,3635.63
onion,andhrapradesh,20-04-2024,3030.56,3565.36
onion,andhrapradesh,18-05-2024,3000.36,3529.84
onion,andhrapradesh,15-06-2024,3021.12,3554.26
onion,andhrapradesh,13-07-2024,3047.59,3585.4
onion,andhrapradesh,10-08-2024,3052.28,3590.92
onion,andhrapradesh,07-09-2024,3154.86,3711.6
onion,andhrapradesh,05-10-2024,3257.62,3832.49
onion,andhrapradesh,02-11-2024,3341.36,3931.01
onion,andhrapradesh,30-11-2024,3238.25,3809.71
onion,andhrapradesh,28-12-2024,2732.72,3214.97
onion,andhrapradesh,25-01-2025,2884.72,3393.79
onion,andhrapradesh,22-02-2025,2964.26,3487.37
onion,andhrapradesh,22-03-2025,3053.75,3592.65
onion,andhrapradesh,19-04-2025,2950.32,3470.97
onion,andhrapradesh,17-05-2025,3067.95,3609.35
onion,andhrapradesh,14-06-2025,3092.26,3637.95
onion,andhrapradesh,12-07-2025,3032.04,3567.11
onion,andhrapradesh,09-08-2025,3007.24,3537.93
onion,andhrapradesh,06-09-2025,3027.33,3561.57
onion,andhrapradesh,04-10-2025,3357.22,3949.67
onion,telangana,01-01-2022,2999.27,3528.55
onion,telangana,29-01-2022,2860.73,3365.57
onion,telangana,26-02-2022,3029.47,3564.08
onion,telangana,26-03-2022,3120.78,3671.5
onion,telangana,23-04-2022,2977.91,3503.42
onion,telangana,21-05-2022,2967.51,3491.19
onion,telangana,18-06-2022,3193.87,3757.49
onion,telangana,16-07-2022,3273.18,3850.8
onion,telangana,13-08-2022,3280.72,3859.67
onion,telangana,10-09-2022,3316.95,3902.29
onion,telangana,08-10-2022,3288.27,3868.55
onion,telangana,05-11-2022,3344.66,3934.89
onion,telangana,03-12-2022,3388.07,3985.97
onion,telangana,31-12-2022,2958.68,3480.8
onion,telangana,28-01-2023,2976.28,3501.5
onion,telangana,25-02-2023,3114.43,3664.04
onion,telangana,25-03-2023,2930.71,3447.89
onion,telangana,22-04-2023,3014.31,3546.25
onion,telangana,20-05-2023,3040.81,3577.42
onion,telangana,17-06-2023,2966.7,3490.23
onion,telangana,15-07-2023,3212.86,3779.84
onion,telangana,12-08-2023,3206.42,3772.26
onion,telangana,09-09-2023,3119.76,3670.31
onion,telangana,07-10-2023,3329.46,3917.01
onion,telangana,04-11-2023,3200.42,3765.2
onion,telangana,02-12-2023,3339.45,3928.76
onion,telangana,30-12-2023,2977.09,3502.46
onion,telangana,27-01-2024,3049.88,3588.09
onion,telangana,24-02-2024,3017.83,3550.39
onion,telangana,23-03-2024,3005.15,3535.47
onion,telangana,20-04-2024,3144.03,3698.86
onion,telangana,18-05-2024,3179.92,3741.08
onion,telangana,15-06-2024,3228.41,3798.13
onion,telangana,13-07-2024,3047.02,3584.73
onion,telangana,10-08-2024,3055.38,3594.57
onion,telangana,07-09-2024,3099.81,3646.83
onion,telangana,05-10-2024,3177.13,3737.8
onion,telangana,02-11-2024,3393.31,3992.13
onion,telangana,30-11-2024,3415.41,4018.13
onion,telangana,28-12-2024,2802.88,3297.51
onion,telangana,25-01-2025,2983.41,3509.89
onion,telangana,22-02-2025,2918.08,3433.03
onion,telangana,22-03-2025,2879.62,3387.79
onion,telangana,19-04-2025,2995.08,3523.62
onion,telangana,17-05-2025,3150.26,3706.19
onion,telangana,14-06-2025,3051.25,3589.71
onion,telangana,12-07-2025,3238.05,3809.47
onion,telangana,09-08-2025,3129.78,3682.1
onion,telangana,06-09-2025,3142.5,3697.06
onion,telangana,04-10-2025,3188.65,3751.35
onion,kerala,01-01-2022,3105.89,3653.99
onion,kerala,29-01-2022,3269.49,3846.46
onion,kerala,26-02-2022,3219.47,3787.61
onion,kerala,26-03-2022,3375.23,3970.86
onion,kerala,23-04-2022,3130.27,3682.67
onion,kerala,21-05-2022,3438.23,4044.98
onion,kerala,18-06-2022,3348.38,3939.27
onion,kerala,16-07-2022,3511.55,4131.23
onion,kerala,13-08-2022,3385.39,3982.81
onion,kerala,10-09-2022,3394.93,3994.03
onion,kerala,08-10-2022,3347.4,3938.12
onion,kerala,05-11-2022,3668.0,4315.29
onion,kerala,03-12-2022,3451.49,4060.58
onion,kerala,31-12-2022,3021.72,3554.96
onion,kerala,28-01-2023,3125.29,3676.81
onion,kerala,25-02-2023,3214.95,3782.29
onion,kerala,25-03-2023,3363.05,3956.53
onion,kerala,22-04-2023,3256.62,3831.32
onion,kerala,20-05-2023,3248.6,3821.88
onion,kerala,17-06-2023,3420.43,4024.03
onion,kerala,15-07-2023,3481.56,4095.95
onion,kerala,12-08-2023,3421.67,4025.5
onion,kerala,09-09-2023,3510.19,4129.63
onion,kerala,07-10-2023,3390.42,3988.73
onion,kerala,04-11-2023,3590.15,4223.71
onion,kerala,02-12-2023,3403.98,4004.68
onion,kerala,30-12-2023,3044.52,3581.79
onion,kerala,27-01-2024,3236.31,3807.42
onion,kerala,24-02-2024,3086.98,3631.74
onion,kerala,23-03-2024,3317.12,3902.49
onion,kerala,20-04-2024,3267.09,3843.64
onion,kerala,18-05-2024,3396.58,3995.98
onion,kerala,15-06-2024,3210.28,3776.8
onion,kerala,13-07-2024,3425.85,4030.41
onion,kerala,10-08-2024,3471.66,4084.31
onion,kerala,07-09-2024,3431.31,4036.84
onion,kerala,05-10-2024,3666.68,4313.74
onion,kerala,02-11-2024,3501.17,4119.02
onion,kerala,30-11-2024,3415.8,4018.59
onion,kerala,28-12-2024,3021.44,3554.63
onion,kerala,25-01-2025,3113.91,3663.42
onion,kerala,22-02-2025,3037.64,3573.7
onion,kerala,22-03-2025,3174.19,3734.34
onion,kerala,19-04-2025,3379.48,3975.86
onion,kerala,17-05-2025,3206.96,3772.89
onion,kerala,14-06-2025,3407.39,4008.7
onion,kerala,12-07-2025,3429.99,4035.28
onion,kerala,09-08-2025,3339.88,3929.27
onion,kerala,06-09-2025,3531.84,4155.11
onion,kerala,04-10-2025,3449.11,4057.78
onion,maharashtra,01-01-2022,2331.62,2743.08
onion,maharashtra,29-01-2022,2409.7,2834.94
onion,maharashtra,26-02-2022,2337.43,2749.92
onion,maharashtra,26-03-2022,2526.62,2972.5
onion,maharashtra,23-04-2022,2426.82,2855.08
onion,maharashtra,21-05-2022,2453.81,2886.83
onion,maharashtra,18-06-2022,2593.43,3051.09
onion,maharashtra,16-07-2022,2589.8,3046.82
onion,maharashtra,13-08-2022,2552.43,3002.86
onion,maharashtra,10-09-2022,2725.74,3206.75
onion,maharashtra,08-10-2022,2784.83,3276.27
onion,maharashtra,05-11-2022,2640.6,3106.59
onion,maharashtra,03-12-2022,2821.08,3318.92
onion,maharashtra,31-12-2022,2325.89,2736.34
onion,maharashtra,28-01-2023,2314.1,2722.47
onion,maharashtra,25-02-2023,2526.28,2972.1
onion,maharashtra,25-03-2023,2549.72,2999.67
onion,maharashtra,22-04-2023,2452.87,2885.73
onion,maharashtra,20-05-2023,2438.17,2868.43
onion,maharashtra,17-06-2023,2593.26,3050.89
onion,maharashtra,15-07-2023,2470.48,2906.45
onion,maharashtra,12-08-2023,2655.24,3123.81
onion,maharashtra,09-09-2023,2647.47,3114.67
onion,maharashtra,07-10-2023,2565.53,3018.27
onion,maharashtra,04-11-2023,2647.0,3114.12
onion,maharashtra,02-12-2023,2753.05,3238.88
onion,maharashtra,30-12-2023,2249.95,2647.0
onion,maharashtra,27-01-2024,2478.46,2915.83
onion,maharashtra,24-02-2024,2358.89,2775.17
onion,maharashtra,23-03-2024,2455.87,2889.26
onion,maharashtra,20-04-2024,2365.0,2782.35
onion,maharashtra,18-05-2024,2630.21,3094.36
onion,maharashtra,15-06-2024,2576.72,3031.44
onion,maharashtra,13-07-2024,2604.48,3064.09
onion,maharashtra,10-08-2024,2469.9,2905.77
onion,maharashtra,07-09-2024,2673.73,3145.56
onion,maharashtra,05-10-2024,2631.28,3095.62
onion,maharashtra,02-11-2024,2650.67,3118.43
onion,maharashtra,30-11-2024,2725.04,3205.93
onion,maharashtra,28-12-2024,2353.05,2768.29
onion,maharashtra,25-01-2025,2305.67,2712.55
onion,maharashtra,22-02-2025,2465.14,2900.17
onion,maharashtra,22-03-2025,2479.26,2916.78
onion,maharashtra,19-04-2025,2427.54,2855.93
onion,maharashtra,17-05-2025,2546.74,2996.17
onion,maharashtra,14-06-2025,2576.85,3031.59
onion,maharashtra,12-07-2025,2506.08,2948.33
onion,maharashtra,09-08-2025,2621.92,3084.61
onion,maharashtra,06-09-2025,2528.73,2974.98
onion,maharashtra,04-10-2025,2741.1,3224.82
onion,gujarat,01-01-2022,2385.01,2805.9
onion,gujarat,29-01-2022,2272.74,2673.81
onion,gujarat,26-02-2022,2299.84,2705.7
onion,gujarat,26-03-2022,2325.96,2736.42
onion,gujarat,23-04-2022,2376.57,2795.96
onion,gujarat,21-05-2022,2405.07,2829.5
onion,gujarat,18-06-2022,2449.18,2881.39
onion,gujarat,16-07-2022,2543.62,2992.5
onion,gujarat,13-08-2022,2490.29,2929.75
onion,gujarat,10-09-2022,2648.79,3116.22
onion,gujarat,08-10-2022,2571.37,3025.14
onion,gujarat,05-11-2022,2531.95,2978.77
onion,gujarat,03-12-2022,2682.34,3155.69
onion,gujarat,31-12-2022,2265.73,2665.57
onion,gujarat,28-01-2023,2465.42,2900.49
onion,gujarat,25-02-2023,2351.66,2766.66
onion,gujarat,25-03-2023,2300.89,2706.93
onion,gujarat,22-04-2023,2492.46,2932.31
onion,gujarat,20-05-2023,2580.4,3035.77
onion,gujarat,17-06-2023,2592.73,3050.27
onion,gujarat,15-07-2023,2580.64,3036.05
onion,gujarat,12-08-2023,2476.81,2913.89
onion,gujarat,09-09-2023,2489.57,2928.9
onion,gujarat,07-10-2023,2628.17,3091.96
onion,gujarat,04-11-2023,2713.54,3192.4
onion,gujarat,02-12-2023,2576.33,3030.98
onion,gujarat,30-12-2023,2276.98,2678.8
onion,gujarat,27-01-2024,2299.54,2705.34
onion,gujarat,24-02-2024,2509.08,2951.86
onion,gujarat,23-03-2024,2371.91,2790.48
onion,gujarat,20-04-2024,2441.65,2872.53
onion,gujarat,18-05-2024,2380.3,2800.35
onion,gujarat,15-06-2024,2427.03,2855.33
onion,gujarat,13-07-2024,2420.87,2848.08
onion,gujarat,10-08-2024,2513.1,2956.59
onion,gujarat,07-09-2024,2674.27,3146.2
onion,gujarat,05-10-2024,2575.92,3030.5
onion,gujarat,02-11-2024,2717.52,3197.08
onion,gujarat,30-11-2024,2574.64,3028.99
onion,gujarat,28-12-2024,2394.22,2816.73
onion,gujarat,25-01-2025,2255.76,2653.83
onion,gujarat,22-02-2025,2476.38,2913.39
onion,gujarat,22-03-2025,2460.84,2895.11
onion,gujarat,19-04-2025,2369.67,2787.85
onion,gujarat,17-05-2025,2444.19,2875.52
onion,gujarat,14-06-2025,2493.01,2932.95
onion,gujarat,12-07-2025,2568.66,3021.95
onion,gujarat,09-08-2025,2664.01,3134.13
onion,gujarat,06-09-2025,2490.3,2929.77
onion,gujarat,04-10-2025,2707.77,3185.61
onion,rajasthan,01-01-2022,2391.58,2813.62
onion,rajasthan,29-01-2022,2558.75,3010.29
onion,rajasthan,26-02-2022,2419.32,2846.26
onion,rajasthan,26-03-2022,2477.3,2914.47
onion,rajasthan,23-04-2022,2625.0,3088.24
onion,rajasthan,21-05-2022,2643.16,3109.6
onion,rajasthan,18-06-2022,2634.98,3099.98
onion,rajasthan,16-07-2022,2704.44,3181.7
onion,rajasthan,13-08-2022,2553.8,3004.47
onion,rajasthan,10-09-2022,2739.43,3222.86
onion,rajasthan,08-10-2022,2596.95,3055.24
onion,rajasthan,05-11-2022,2868.54,3374.75
onion,rajasthan,03-12-2022,2682.53,3155.92
onion,rajasthan,31-12-2022,2395.26,2817.95
onion,rajasthan,28-01-2023,2467.87,2903.38
onion,rajasthan,25-02-2023,2550.65,3000.76
onion,rajasthan,25-03-2023,2550.65,3000.76
onion,rajasthan,22-04-2023,2455.23,2888.51
onion,rajasthan,20-05-2023,2535.35,2982.76
onion,rajasthan,17-06-2023,2559.62,3011.32
onion,rajasthan,15-07-2023,2502.71,2944.37
onion,rajasthan,12-08-2023,2705.6,3183.06
onion,rajasthan,09-09-2023,2777.68,3267.86
onion,rajasthan,07-10-2023,2845.49,3347.63
onion,rajasthan,04-11-2023,2645.53,3112.39
onion,rajasthan,02-12-2023,2893.88,3404.56
onion,rajasthan,30-12-2023,2322.05,2731.82
onion,rajasthan,27-01-2024,2423.98,2851.74
onion,rajasthan,24-02-2024,2363.4,2780.47
onion,rajasthan,23-03-2024,2446.2,2877.88
onion,rajasthan,20-04-2024,2488.96,2928.19
onion,rajasthan,18-05-2024,2618.7,3080.82
onion,rajasthan,15-06-2024,2642.53,3108.86
onion,rajasthan,13-07-2024,2696.74,3172.63
onion,rajasthan,10-08-2024,2676.96,3149.37
onion,rajasthan,07-09-2024,2704.2,3181.41
onion,rajasthan,05-10-2024,2846.7,3349.06
onion,rajasthan,02-11-2024,2793.65,3286.65
onion,rajasthan,30-11-2024,2732.21,3214.37
onion,rajasthan,28-12-2024,2421.12,2848.38
onion,rajasthan,25-01-2025,2494.73,2934.98
onion,rajasthan,22-02-2025,2375.6,2794.82
onion,rajasthan,22-03-2025,2546.46,2995.84
onion,rajasthan,19-04-2025,2472.31,2908.6
onion,rajasthan,17-05-2025,2526.62,2972.49
onion,rajasthan,14-06-2025,2642.11,3108.36
onion,rajasthan,12-07-2025,2596.23,3054.39
onion,rajasthan,09-08-2025,2746.66,3231.37
onion,rajasthan,06-09-2025,2702.41,3179.3
onion,rajasthan,04-10-2025,2849.39,3352.22
onion,punjab,01-01-2022,2313.97,2722.32
onion,punjab,29-01-2022,2230.48,2624.09
onion,punjab,26-02-2022,2419.74,2846.75
onion,punjab,26-03-2022,2449.9,2882.24
onion,punjab,23-04-2022,2483.56,2921.83
onion,punjab,21-05-2022,2320.51,2730.01
onion,punjab,18-06-2022,2449.95,2882.29
onion,punjab,16-07-2022,2416.18,2842.57
onion,punjab,13-08-2022,2626.87,3090.43
onion,punjab,10-09-2022,2423.27,2850.91
onion,punjab,08-10-2022,2494.67,2934.91
onion,punjab,05-11-2022,2631.46,3095.83
onion,punjab,03-12-2022,2597.36,3055.72
onion,punjab,31-12-2022,2220.8,2612.71
onion,punjab,28-01-2023,2300.26,2706.19
onion,punjab,25-02-2023,2408.61,2833.66
onion,punjab,25-03-2023,2354.34,2769.81
onion,punjab,22-04-2023,2480.49,2918.22
onion,punjab,20-05-2023,2410.71,2836.13
onion,punjab,17-06-2023,2358.5,2774.71
onion,punjab,15-07-2023,2479.8,2917.41
onion,punjab,12-08-2023,2547.39,2996.93
onion,punjab,09-09-2023,2436.54,2866.52
onion,punjab,07-10-2023,2543.33,2992.15
onion,punjab,04-11-2023,2609.1,3069.53
onion,punjab,02-12-2023,2491.64,2931.34
onion,punjab,30-12-2023,2187.93,2574.03
onion,punjab,27-01-2024,2333.78,2745.62
onion,punjab,24-02-2024,2366.01,2783.54
onion,punjab,23-03-2024,2320.38,2729.86
onion,punjab,20-04-2024,2397.08,2820.09
onion,punjab,18-05-2024,2352.49,2767.64
onion,punjab,15-06-2024,2494.04,2934.16
onion,punjab,13-07-2024,2592.16,3049.6
onion,punjab,10-08-2024,2474.62,2911.32
onion,punjab,07-09-2024,2424.27,2852.08
onion,punjab,05-10-2024,2494.72,2934.97
onion,punjab,02-11-2024,2582.46,3038.19
onion,punjab,30-11-2024,2638.51,3104.13
onion,punjab,28-12-2024,2308.57,2715.97
onion,punjab,25-01-2025,2303.51,2710.01
onion,punjab,22-02-2025,2374.92,2794.02
onion,punjab,22-03-2025,2417.72,2844.38
onion,punjab,19-04-2025,2302.63,2708.98
onion,punjab,17-05-2025,2486.39,2925.16
onion,punjab,14-06-2025,2383.77,2804.43
onion,punjab,12-07-2025,2441.1,2871.88
onion,punjab,09-08-2025,2591.68,3049.03
onion,punjab,06-09-2025,2655.2,3123.77
onion,punjab,04-10-2025,2512.45,2955.82
onion,haryana,01-01-2022,2826.47,3325.26
onion,haryana,29-01-2022,2677.63,3150.15
onion,haryana,26-02-2022,2744.23,3228.51
onion,haryana,26-03-2022,2770.82,3259.79
onion,haryana,23-04-2022,2971.8,3496.23
onion,haryana,21-05-2022,3008.49,3539.4
onion,haryana,18-06-2022,2860.79,3365.64
onion,haryana,16-07-2022,3045.79,3583.28
onion,haryana,13-08-2022,2951.75,3472.65
onion,haryana,10-09-2022,3214.09,3781.28
onion,haryana,08-10-2022,3082.69,3626.7
onion,haryana,05-11-2022,3137.09,3690.7
onion,haryana,03-12-2022,3274.83,3852.74
onion,haryana,31-12-2022,2830.54,3330.05
onion,haryana,28-01-2023,2695.02,3170.61
onion,haryana,25-02-2023,2815.31,3312.13
onion,haryana,25-03-2023,2996.78,3525.62
onion,haryana,22-04-2023,3006.88,3537.5
onion,haryana,20-05-2023,2969.42,3493.43
onion,haryana,17-06-2023,3058.88,3598.68
onion,haryana,15-07-2023,2997.48,3526.45
onion,haryana,12-08-2023,3095.23,3641.45
onion,haryana,09-09-2023,3222.09,3790.69
onion,haryana,07-10-2023,3002.23,3532.03
onion,haryana,04-11-2023,3150.26,3706.19
onion,haryana,02-12-2023,3194.86,3758.66
onion,haryana,30-12-2023,2645.41,3112.25
onion,haryana,27-01-2024,2927.14,3443.7
onion,haryana,24-02-2024,2935.82,3453.9
onion,haryana,23-03-2024,2869.25,3375.59
onion,haryana,20-04-2024,2911.14,3424.87
onion,haryana,18-05-2024,3067.24,3608.52
onion,haryana,15-06-2024,2881.71,3390.25
onion,haryana,13-07-2024,3036.06,3571.84
onion,haryana,10-08-2024,3117.19,3667.28
onion,haryana,07-09-2024,2967.0,3490.59
onion,haryana,05-10-2024,3080.99,3624.69
onion,haryana,02-11-2024,3182.31,3743.89
onion,haryana,30-11-2024,3307.09,3890.69
onion,haryana,28-12-2024,2771.62,3260.73
onion,haryana,25-01-2025,2772.69,3261.99
onion,haryana,22-02-2025,2975.76,3500.89
onion,haryana,22-03-2025,2993.7,3522.0
onion,haryana,19-04-2025,2985.04,3511.81
onion,haryana,17-05-2025,2876.64,3384.28
onion,haryana,14-06-2025,3115.89,3665.75
onion,haryana,12-07-2025,3154.13,3710.74
onion,haryana,09-08-2025,3032.59,3567.75
onion,haryana,06-09-2025,2968.54,3492.4
onion,haryana,04-10-2025,3088.88,3633.98
onion,uttarpradesh,01-01-2022,3030.28,3565.03
onion,uttarpradesh,29-01-2022,2933.5,3451.18
onion,uttarpradesh,26-02-2022,3091.65,3637.23
onion,uttarpradesh,26-03-2022,3178.12,3738.96
onion,uttarpradesh,23-04-2022,3170.13,3729.56
onion,uttarpradesh,21-05-2022,3278.04,3856.52
onion,uttarpradesh,18-06-2022,3220.26,3788.54
onion,uttarpradesh,16-07-2022,3118.84,3669.22
onion,uttarpradesh,13-08-2022,3292.26,3873.25
onion,uttarpradesh,10-09-2022,3219.89,3788.11
onion,uttarpradesh,08-10-2022,3274.2,3852.0
onion,uttarpradesh,05-11-2022,3420.49,4024.11
onion,uttarpradesh,03-12-2022,3563.05,4191.82
onion,uttarpradesh,31-12-2022,3001.2,3530.82
onion,uttarpradesh,28-01-2023,3130.91,3683.42
onion,uttarpradesh,25-02-2023,3031.76,3566.78
onion,uttarpradesh,25-03-2023,3127.07,3678.91
onion,uttarpradesh,22-04-2023,3049.21,3587.31
onion,uttarpradesh,20-05-2023,3020.42,3553.44
onion,uttarpradesh,17-06-2023,3131.16,3683.72
onion,uttarpradesh,15-07-2023,3208.69,3774.93
onion,uttarpradesh,12-08-2023,3274.85,3852.77
onion,uttarpradesh,09-09-2023,3343.75,3933.82
onion,uttarpradesh,07-10-2023,3298.2,3880.24
onion,uttarpradesh,04-11-2023,3445.88,4053.98
onion,uttarpradesh,02-12-2023,3515.47,4135.85
onion,uttarpradesh,30-12-2023,2893.52,3404.14
onion,uttarpradesh,27-01-2024,3097.67,3644.32
onion,uttarpradesh,24-02-2024,3124.02,3675.32
onion,uttarpradesh,23-03-2024,3074.44,3616.99
onion,uttarpradesh,20-04-2024,2956.98,3478.8
onion,uttarpradesh,18-05-2024,3029.82,3564.5
onion,uttarpradesh,15-06-2024,3232.23,3802.62
onion,uttarpradesh,13-07-2024,3118.52,3668.85
onion,uttarpradesh,10-08-2024,3333.24,3921.46
onion,uttarpradesh,07-09-2024,3177.26,3737.95
onion,uttarpradesh,05-10-2024,3254.68,3829.04
onion,uttarpradesh,02-11-2024,3278.66,3857.25
onion,uttarpradesh,30-11-2024,3514.79,4135.05
onion,uttarpradesh,28-12-2024,3013.17,3544.91
onion,uttarpradesh,25-01-2025,2932.37,3449.85
onion,uttarpradesh,22-02-2025,3107.44,3655.81
onion,uttarpradesh,22-03-2025,2924.01,3440.01
onion,uttarpradesh,19-04-2025,3201.84,3766.87
onion,uttarpradesh,17-05-2025,3016.36,3548.66
onion,uttarpradesh,14-06-2025,3295.08,3876.57
onion,uttarpradesh,12-07-2025,3292.0,3872.94
onion,uttarpradesh,09-08-2025,3370.53,3965.33
onion,uttarpradesh,06-09-2025,3368.49,3962.93
onion,uttarpradesh,04-10-2025,3346.03,3936.5
onion,madhyapradesh,01-01-2022,2543.13,2991.92
onion,madhyapradesh,29-01-2022,2578.48,3033.51
onion,madhyapradesh,26-02-2022,2480.69,2918.46
onion,madhyapradesh,26-03-2022,2607.56,3067.72
onion,madhyapradesh,23-04-2022,2706.94,3184.63
onion,madhyapradesh,21-05-2022,2597.51,3055.9
onion,madhyapradesh,18-06-2022,2779.29,3269.75
onion,madhyapradesh,16-07-2022,2816.69,3313.75
onion,madhyapradesh,13-08-2022,2668.64,3139.58
onion,madhyapradesh,10-09-2022,2764.78,3252.68
onion,madhyapradesh,08-10-2022,2645.83,3112.74
onion,madhyapradesh,05-11-2022,2742.2,3226.12
onion,madhyapradesh,03-12-2022,2877.25,3385.0
onion,madhyapradesh,31-12-2022,2542.29,2990.93
onion,madhyapradesh,28-01-2023,2596.33,3054.51
onion,madhyapradesh,25-02-2023,2618.15,3080.18
onion,madhyapradesh,25-03-2023,2670.92,3142.26
onion,madhyapradesh,22-04-2023,2649.33,3116.86
onion,madhyapradesh,20-05-2023,2665.84,3136.28
onion,madhyapradesh,17-06-2023,2725.7,3206.71
onion,madhyapradesh,15-07-2023,2701.28,3177.98
onion,madhyapradesh,12-08-2023,2747.71,3232.6
onion,madhyapradesh,09-09-2023,2826.39,3325.17
onion,madhyapradesh,07-10-2023,2910.42,3424.02
onion,madhyapradesh,04-11-2023,2754.26,3240.3
onion,madhyapradesh,02-12-2023,2751.27,3236.79
onion,madhyapradesh,30-12-2023,2517.99,2962.34
onion,madhyapradesh,27-01-2024,2425.3,2853.29
onion,madhyapradesh,24-02-2024,2451.84,2884.52
onion,madhyapradesh,23-03-2024,2568.91,3022.25
onion,madhyapradesh,20-04-2024,2564.33,3016.86
onion,madhyapradesh,18-05-2024,2608.28,3068.56
onion,madhyapradesh,15-06-2024,2672.94,3144.64
onion,madhyapradesh,13-07-2024,2589.28,3046.21
onion,madhyapradesh,10-08-2024,2742.43,3226.39
onion,madhyapradesh,07-09-2024,2683.06,3156.54
onion,madhyapradesh,05-10-2024,2734.16,3216.66
onion,madhyapradesh,02-11-2024,2871.1,3377.76
onion,madhyapradesh,30-11-2024,2744.84,3229.22
onion,madhyapradesh,28-12-2024,2387.19,2808.46
onion,madhyapradesh,25-01-2025,2459.26,2893.25
onion,madhyapradesh,22-02-2025,2420.68,2847.86
onion,madhyapradesh,22-03-2025,2676.28,3148.57
onion,madhyapradesh,19-04-2025,2626.22,3089.67
onion,madhyapradesh,17-05-2025,2669.59,3140.69
onion,madhyapradesh,14-06-2025,2655.39,3123.99
onion,madhyapradesh,12-07-2025,2708.29,3186.22
onion,madhyapradesh,09-08-2025,2681.0,3154.12
onion,madhyapradesh,06-09-2025,2828.56,3327.72
onion,madhyapradesh,04-10-2025,2730.62,3212.5
onion,westbengal,01-01-2022,2376.78,2796.21
onion,westbengal,29-01-2022,2377.68,2797.27
onion,westbengal,26-02-2022,2516.89,2961.05
onion,westbengal,26-03-2022,2524.81,2970.37
onion,westbengal,23-04-2022,2586.37,3042.79
onion,westbengal,21-05-2022,2501.05,2942.41
onion,westbengal,18-06-2022,2564.52,3017.08
onion,westbengal,16-07-2022,2592.19,3049.63
onion,westbengal,13-08-2022,2653.91,3122.25
onion,westbengal,10-09-2022,2691.91,3166.95
onion,westbengal,08-10-2022,2682.8,3156.24
onion,westbengal,05-11-2022,2861.66,3366.66
onion,westbengal,03-12-2022,2830.36,3329.84
onion,westbengal,31-12-2022,2576.26,3030.89
onion,westbengal,28-01-2023,2565.42,3018.14
onion,westbengal,25-02-2023,2636.63,3101.92
onion,westbengal,25-03-2023,2421.15,2848.41
onion,westbengal,22-04-2023,2620.36,3082.78
onion,westbengal,20-05-2023,2593.28,3050.92
onion,westbengal,17-06-2023,2744.77,3229.14
onion,westbengal,15-07-2023,2699.02,3175.32
onion,westbengal,12-08-2023,2731.99,3214.11
onion,westbengal,09-09-2023,2855.18,3359.04
onion,westbengal,07-10-2023,2810.92,3306.97
onion,westbengal,04-11-2023,2741.16,3224.9
onion,westbengal,02-12-2023,2939.12,3457.79
onion,westbengal,30-12-2023,2563.58,3015.98
onion,westbengal,27-01-2024,2456.63,2890.15
onion,westbengal,24-02-2024,2525.72,2971.44
onion,westbengal,23-03-2024,2490.92,2930.49
onion,westbengal,20-04-2024,2682.83,3156.27
onion,westbengal,18-05-2024,2691.44,3166.4
onion,westbengal,15-06-2024,2605.08,3064.8
onion,westbengal,13-07-2024,2749.49,3234.7
onion,westbengal,10-08-2024,2684.6,3158.35
onion,westbengal,07-09-2024,2605.39,3065.16
onion,westbengal,05-10-2024,2870.48,3377.03
onion,westbengal,02-11-2024,2705.32,3182.73
onion,westbengal,30-11-2024,2825.68,3324.33
onion,westbengal,28-12-2024,2564.37,3016.91
onion,westbengal,25-01-2025,2402.33,2826.27
onion,westbengal,22-02-2025,2630.38,3094.57
onion,westbengal,22-03-2025,2555.88,3006.92
onion,westbengal,19-04-2025,2449.88,2882.21
onion,westbengal,17-05-2025,2494.15,2934.29
onion,westbengal,14-06-2025,2683.0,3156.47
onion,westbengal,12-07-2025,2741.69,3225.52
onion,westbengal,09-08-2025,2797.81,3291.54
onion,westbengal,06-09-2025,2709.22,3187.32
onion,westbengal,04-10-2025,2651.19,3119.05
onion,bihar,01-01-2022,2843.49,3345.28
onion,bihar,29-01-2022,2956.13,3477.8
onion,bihar,26-02-2022,2935.13,3453.1
onion,bihar,26-03-2022,2933.66,3451.36
onion,bihar,23-04-2022,3054.72,3593.79
onion,bihar,21-05-2022,3033.91,3569.31
onion,bihar,18-06-2022,2891.85,3402.18
onion,bihar,16-07-2022,3017.98,3550.57
onion,bihar,13-08-2022,3013.52,3545.32
onion,bihar,10-09-2022,2972.01,3496.48
onion,bihar,08-10-2022,2994.92,3523.43
onion,bihar,05-11-2022,3262.65,3838.41
onion,bihar,03-12-2022,3222.78,3791.5
onion,bihar,31-12-2022,2807.88,3303.39
onion,bihar,28-01-2023,2744.91,3229.3
onion,bihar,25-02-2023,2787.57,3279.5
onion,bihar,25-03-2023,2858.91,3363.42
onion,bihar,22-04-2023,2964.15,3487.23
onion,bihar,20-05-2023,2940.98,3459.98
onion,bihar,17-06-2023,2850.86,3353.95
onion,bihar,15-07-2023,3082.86,3626.89
onion,bihar,12-08-2023,3075.78,3618.57
onion,bihar,09-09-2023,3143.71,3698.48
onion,bihar,07-10-2023,3171.73,3731.45
onion,bihar,04-11-2023,3250.53,3824.15
onion,bihar,02-12-2023,3231.6,3801.88
onion,bihar,30-12-2023,2842.97,3344.67
onion,bihar,27-01-2024,2701.15,3177.82
onion,bihar,24-02-2024,2978.79,3504.46
onion,bihar,23-03-2024,2777.41,3267.54
onion,bihar,20-04-2024,3009.99,3541.17
onion,bihar,18-05-2024,2901.99,3414.11
onion,bihar,15-06-2024,2871.71,3378.48
onion,bihar,13-07-2024,3110.73,3659.68
onion,bihar,10-08-2024,3046.0,3583.53
onion,bihar,07-09-2024,3067.36,3608.66
onion,bihar,05-10-2024,3185.02,3747.08
onion,bihar,02-11-2024,3161.16,3719.01
onion,bihar,30-11-2024,3214.89,3782.22
onion,bihar,28-12-2024,2685.65,3159.59
onion,bihar,25-01-2025,2790.99,3283.52
onion,bihar,22-02-2025,2941.49,3460.58
onion,bihar,22-03-2025,2904.5,3417.06
onion,bihar,19-04-2025,3060.69,3600.81
onion,bihar,17-05-2025,2855.43,3359.33
onion,bihar,14-06-2025,3048.69,3586.69
onion,bihar,12-07-2025,3155.85,3712.76
onion,bihar,09-08-2025,3155.53,3712.39
onion,bihar,06-09-2025,3170.96,3730.54
onion,bihar,04-10-2025,3094.87,3641.02
onion,odisha,01-01-2022,3235.13,3806.04
onion,odisha,29-01-2022,3275.99,3854.11
onion,odisha,26-02-2022,3173.93,3734.03
onion,odisha,26-03-2022,3173.09,3733.05
onion,odisha,23-04-2022,3411.13,4013.09
onion,odisha,21-05-2022,3431.31,4036.83
onion,odisha,18-06-2022,3613.35,4251.0
onion,odisha,16-07-2022,3430.55,4035.94
onion,odisha,13-08-2022,3626.9,4266.94
onion,odisha,10-09-2022,3723.6,4380.71
onion,odisha,08-10-2022,3562.79,4191.52
onion,odisha,05-11-2022,3627.49,4267.63
onion,odisha,03-12-2022,3753.57,4415.97
onion,odisha,31-12-2022,3221.95,3790.53
onion,odisha,28-01-2023,3147.58,3703.04
onion,odisha,25-02-2023,3206.1,3771.88
onion,odisha,25-03-2023,3450.08,4058.92
onion,odisha,22-04-2023,3275.19,3853.17
onion,odisha,20-05-2023,3309.68,3893.74
onion,odisha,17-06-2023,3562.39,4191.05
onion,odisha,15-07-2023,3622.14,4261.34
onion,odisha,12-08-2023,3663.39,4309.87
onion,odisha,09-09-2023,3733.92,4392.85
onion,odisha,07-10-2023,3798.22,4468.49
onion,odisha,04-11-2023,3645.28,4288.56
onion,odisha,02-12-2023,3717.97,4374.08
onion,odisha,30-12-2023,3150.54,3706.52
onion,odisha,27-01-2024,3117.09,3667.17
onion,odisha,24-02-2024,3165.66,3724.31
onion,odisha,23-03-2024,3413.63,4016.04
onion,odisha,20-04-2024,3374.14,3969.58
onion,odisha,18-05-2024,3360.78,3953.86
onion,odisha,15-06-2024,3330.16,3917.83
onion,odisha,13-07-2024,3553.29,4180.34
onion,odisha,10-08-2024,3397.48,3997.04
onion,odisha,07-09-2024,3621.94,4261.11
onion,odisha,05-10-2024,3764.12,4428.38
onion,odisha,02-11-2024,3592.77,4226.79
onion,odisha,30-11-2024,3681.33,4330.98
onion,odisha,28-12-2024,3255.35,3829.82
onion,odisha,25-01-2025,3194.73,3758.51
onion,odisha,22-02-2025,3325.95,3912.88
onion,odisha,22-03-2025,3360.21,3953.19
onion,odisha,19-04-2025,3332.69,3920.81
onion,odisha,17-05-2025,3355.82,3948.02
onion,odisha,14-06-2025,3433.95,4039.94
onion,odisha,12-07-2025,3325.63,3912.51
onion,odisha,09-08-2025,3449.2,4057.88
onion,odisha,06-09-2025,3479.5,4093.53
onion,odisha,04-10-2025,3706.11,4360.13
tomato,karnataka,01-01-2022,2201.27,2589.73
tomato,karnataka,29-01-2022,2076.6,2443.06
tomato,karnataka,26-02-2022,2232.81,2626.84
tomato,karnataka,26-03-2022,2291.99,2696.46
tomato,karnataka,23-04-2022,2226.79,2619.75
tomato,karnataka,21-05-2022,2229.69,2623.17
tomato,karnataka,18-06-2022,2243.69,2639.63
tomato,karnataka,16-07-2022,2326.71,2737.31
tomato,karnataka,13-08-2022,2265.39,2665.17
tomato,karnataka,10-09-2022,2393.12,2815.43
tomato,karnataka,08-10-2022,2476.26,2913.25
tomato,karnataka,05-11-2022,2507.82,2950.38
tomato,karnataka,03-12-2022,2359.42,2775.79
tomato,karnataka,31-12-2022,2137.09,2514.22
tomato,karnataka,28-01-2023,2104.39,2475.75
tomato,karnataka,25-02-2023,2266.28,2666.21
tomato,karnataka,25-03-2023,2115.0,2488.23
tomato,karnataka,22-04-2023,2140.19,2517.87
tomato,karnataka,20-05-2023,2152.78,2532.68
tomato,karnataka,17-06-2023,2289.84,2693.93
tomato,karnataka,15-07-2023,2206.23,2595.57
tomato,karnataka,12-08-2023,2360.48,2777.04
tomato,karnataka,09-09-2023,2345.41,2759.3
tomato,karnataka,07-10-2023,2415.98,2842.33
tomato,karnataka,04-11-2023,2519.34,2963.93
tomato,karnataka,02-12-2023,2460.16,2894.31
tomato,karnataka,30-12-2023,2138.12,2515.44
tomato,karnataka,27-01-2024,2262.92,2662.26
tomato,karnataka,24-02-2024,2175.89,2559.87
tomato,karnataka,23-03-2024,2269.31,2669.78
tomato,karnataka,20-04-2024,2205.1,2594.23
tomato,karnataka,18-05-2024,2199.07,2587.14
tomato,karnataka,15-06-2024,2350.47,2765.26
tomato,karnataka,13-07-2024,2368.74,2786.75
tomato,karnataka,10-08-2024,2292.37,2696.91
tomato,karnataka,07-09-2024,2359.51,2775.89
tomato,karnataka,05-10-2024,2396.91,2819.9
tomato,karnataka,02-11-2024,2395.99,2818.81
tomato,karnataka,30-11-2024,2448.06,2880.07
tomato,karnataka,28-12-2024,2163.5,2545.29
tomato,karnataka,25-01-2025,2230.43,2624.03
tomato,karnataka,22-02-2025,2248.86,2645.72
tomato,karnataka,22-03-2025,2233.72,2627.9
tomato,karnataka,19-04-2025,2160.4,2541.65
tomato,karnataka,17-05-2025,2264.84,2664.52
tomato,karnataka,14-06-2025,2275.89,2677.52
tomato,karnataka,12-07-2025,2240.48,2635.86
tomato,karnataka,09-08-2025,2446.37,2878.08
tomato,karnataka,06-09-2025,2405.61,2830.13
tomato,karnataka,04-10-2025,2506.42,2948.73
tomato,tamilnadu,01-01-2022,2374.14,2793.11
tomato,tamilnadu,29-01-2022,2373.73,2792.62
tomato,tamilnadu,26-02-2022,2368.86,2786.89
tomato,tamilnadu,26-03-2022,2464.01,2898.83
tomato,tamilnadu,23-04-2022,2387.58,2808.92
tomato,tamilnadu,21-05-2022,2493.4,2933.41
tomato,tamilnadu,18-06-2022,2439.19,2869.63
tomato,tamilnadu,16-07-2022,2509.89,2952.81
tomato,tamilnadu,13-08-2022,2722.01,3202.37
tomato,tamilnadu,10-09-2022,2608.34,3068.64
tomato,tamilnadu,08-10-2022,2666.59,3137.17
tomato,tamilnadu,05-11-2022,2692.1,3167.18
tomato,tamilnadu,03-12-2022,2610.03,3070.62
tomato,tamilnadu,31-12-2022,2492.35,2932.18
tomato,tamilnadu,28-01-2023,2365.37,2782.79
tomato,tamilnadu,25-02-2023,2487.05,2925.94
tomato,tamilnadu,25-03-2023,2472.33,2908.62
tomato,tamilnadu,22-04-2023,2579.03,3034.15
tomato,tamilnadu,20-05-2023,2610.99,3071.75
tomato,tamilnadu,17-06-2023,2495.55,2935.94
tomato,tamilnadu,15-07-2023,2597.18,3055.51
tomato,tamilnadu,12-08-2023,2530.08,2976.56
tomato,tamilnadu,09-09-2023,2685.69,3159.63
tomato,tamilnadu,07-10-2023,2638.67,3104.32
tomato,tamilnadu,04-11-2023,2745.83,3230.39
tomato,tamilnadu,02-12-2023,2825.75,3324.41
tomato,tamilnadu,30-12-2023,2382.02,2802.38
tomato,tamilnadu,27-01-2024,2377.95,2797.59
tomato,tamilnadu,24-02-2024,2536.66,2984.3
tomato,tamilnadu,23-03-2024,2471.09,2907.17
tomato,tamilnadu,20-04-2024,2459.99,2894.11
tomato,tamilnadu,18-05-2024,2619.28,3081.51
tomato,tamilnadu,15-06-2024,2552.69,3003.16
tomato,tamilnadu,13-07-2024,2581.08,3036.57
tomato,tamilnadu,10-08-2024,2642.63,3108.98
tomato,tamilnadu,07-09-2024,2645.52,3112.38
tomato,tamilnadu,05-10-2024,2578.13,3033.1
tomato,tamilnadu,02-11-2024,2613.94,3075.22
tomato,tamilnadu,30-11-2024,2618.41,3080.48
tomato,tamilnadu,28-12-2024,2412.18,2837.86
tomato,tamilnadu,25-01-2025,2338.26,2750.9
tomato,tamilnadu,22-02-2025,2361.08,2777.74
tomato,tamilnadu,22-03-2025,2433.07,2862.43
tomato,tamilnadu,19-04-2025,2550.98,3001.15
tomato,tamilnadu,17-05-2025,2429.96,2858.78
tomato,tamilnadu,14-06-2025,2487.13,2926.03
tomato,tamilnadu,12-07-2025,2666.17,3136.67
tomato,tamilnadu,09-08-2025,2672.98,3144.68
tomato,tamilnadu,06-09-2025,2640.15,3106.06
tomato,tamilnadu,04-10-2025,2669.03,3140.04
tomato,andhrapradesh,01-01-2022,1875.72,2206.73
tomato,andhrapradesh,29-01-2022,2031.24,2389.69
tomato,andhrapradesh,26-02-2022,1894.9,2229.29
tomato,andhrapradesh,26-03-2022,1922.13,2261.33
tomato,andhrapradesh,23-04-2022,2053.34,2415.7
tomato,andhrapradesh,21-05-2022,1992.69,2344.34
tomato,andhrapradesh,18-06-2022,2113.83,2486.86
tomato,andhrapradesh,16-07-2022,2013.74,2369.11
tomato,andhrapradesh,13-08-2022,2150.67,2530.2
tomato,andhrapradesh,10-09-2022,2063.55,2427.71
tomato,andhrapradesh,08-10-2022,2130.88,2506.92
tomato,andhrapradesh,05-11-2022,2137.25,2514.41
tomato,andhrapradesh,03-12-2022,2334.4,2746.35
tomato,andhrapradesh,31-12-2022,1960.78,2306.8
tomato,andhrapradesh,28-01-2023,1978.21,2327.31
tomato,andhrapradesh,25-02-2023,1894.14,2228.4
tomato,andhrapradesh,25-03-2023,2058.37,2421.61
tomato,andhrapradesh,22-04-2023,2071.33,2436.86
tomato,andhrapradesh,20-05-2023,2017.92,2374.02
tomato,andhrapradesh,17-06-2023,2000.36,2353.36
tomato,andhrapradesh,15-07-2023,2100.3,2470.94
tomato,andhrapradesh,12-08-2023,2240.46,2635.83
tomato,andhrapradesh,09-09-2023,2238.77,2633.85
tomato,andhrapradesh,07-10-2023,2111.74,2484.4
tomato,andhrapradesh,04-11-2023,2280.83,2683.33
tomato,andhrapradesh,02-12-2023,2254.62,2652.49
tomato,andhrapradesh,30-12-2023,1998.69,2351.4
tomato,andhrapradesh,27-01-2024,2028.7,2386.71
tomato,andhrapradesh,24-02-2024,1926.63,2266.62
tomato,andhrapradesh,23-03-2024,2046.3,2407.41
tomato,andhrapradesh,20-04-2024,1990.37,2341.61
tomato,andhrapradesh,18-05-2024,2108.82,2480.97
tomato,andhrapradesh,15-06-2024,2053.97,2416.44
tomato,andhrapradesh,13-07-2024,2101.2,2472.0
tomato,andhrapradesh,10-08-2024,2154.58,2534.8
tomato,andhrapradesh,07-09-2024,2101.11,2471.89
tomato,andhrapradesh,05-10-2024,2158.66,2539.6
tomato,andhrapradesh,02-11-2024,2121.47,2495.85
tomato,andhrapradesh,30-11-2024,2165.67,2547.85
tomato,andhrapradesh,28-12-2024,2011.3,2366.24
tomato,andhrapradesh,25-01-2025,1966.57,2313.61
tomato,andhrapradesh,22-02-2025,1973.97,2322.32
tomato,andhrapradesh,22-03-2025,1943.56,2286.54
tomato,andhrapradesh,19-04-2025,1956.08,2301.27
tomato,andhrapradesh,17-05-2025,2057.6,2420.71
tomato,andhrapradesh,14-06-2025,2110.75,2483.23
tomato,andhrapradesh,12-07-2025,2013.71,2369.07
tomato,andhrapradesh,09-08-2025,2195.85,2583.35
tomato,andhrapradesh,06-09-2025,2160.17,2541.38
tomato,andhrapradesh,04-10-2025,2100.15,2470.77
tomato,telangana,01-01-2022,2087.08,2455.39
tomato,telangana,29-01-2022,2216.94,2608.16
tomato,telangana,26-02-2022,2294.02,2698.85
tomato,telangana,26-03-2022,2337.55,2750.06
tomato,telangana,23-04-2022,2337.87,2750.44
tomato,telangana,21-05-2022,2336.73,2749.09
tomato,telangana,18-06-2022,2334.53,2746.51
tomato,telangana,16-07-2022,2325.89,2736.34
tomato,telangana,13-08-2022,2274.65,2676.06
tomato,telangana,10-09-2022,2417.69,2844.34
tomato,telangana,08-10-2022,2371.6,2790.12
tomato,telangana,05-11-2022,2539.08,2987.15
tomato,telangana,03-12-2022,2563.75,3016.18
tomato,telangana,31-12-2022,2141.46,2519.37
tomato,telangana,28-01-2023,2213.77,2604.44
tomato,telangana,25-02-2023,2274.89,2676.34
tomato,telangana,25-03-2023,2307.1,2714.24
tomato,telangana,22-04-2023,2320.09,2729.52
tomato,telangana,20-05-2023,2209.74,2599.7
tomato,telangana,17-06-2023,2244.12,2640.14
tomato,telangana,15-07-2023,2351.05,2765.94
tomato,telangana,12-08-2023,2319.72,2729.08
tomato,telangana,09-09-2023,2497.05,2937.71
tomato,telangana,07-10-2023,2384.71,2805.54
tomato,telangana,04-11-2023,2557.43,3008.74
tomato,telangana,02-12-2023,2468.84,2904.52
tomato,telangana,30-12-2023,2099.81,2470.36
tomato,telangana,27-01-2024,2240.12,2635.44
tomato,telangana,24-02-2024,2285.56,2688.89
tomato,telangana,23-03-2024,2265.84,2665.69
tomato,telangana,20-04-2024,2188.38,2574.56
tomato,telangana,18-05-2024,2188.9,2575.18
tomato,telangana,15-06-2024,2365.41,2782.83
tomato,telangana,13-07-2024,2400.68,2824.33
tomato,telangana,10-08-2024,2339.59,2752.46
tomato,telangana,07-09-2024,2377.31,2796.83
tomato,telangana,05-10-2024,2353.39,2768.69
tomato,telangana,02-11-2024,2501.92,2943.44
tomato,telangana,30-11-2024,2430.22,2859.08
tomato,telangana,28-12-2024,2244.13,2640.15
tomato,telangana,25-01-2025,2177.46,2561.72
tomato,telangana,22-02-2025,2191.43,2578.15
tomato,telangana,22-03-2025,2197.84,2585.69
tomato,telangana,19-04-2025,2316.43,2725.21
tomato,telangana,17-05-2025,2361.07,2777.73
tomato,telangana,14-06-2025,2309.19,2716.69
tomato,telangana,12-07-2025,2423.31,2850.95
tomato,telangana,09-08-2025,2379.29,2799.17
tomato,telangana,06-09-2025,2379.22,2799.08
tomato,telangana,04-10-2025,2450.92,2883.44
tomato,kerala,01-01-2022,1939.06,2281.25
tomato,kerala,29-01-2022,1970.8,2318.59
tomato,kerala,26-02-2022,2068.27,2433.26
tomato,kerala,26-03-2022,2099.65,2470.18
tomato,kerala,23-04-2022,2149.65,2529.0
tomato,kerala,21-05-2022,2134.08,2510.68
tomato,kerala,18-06-2022,2177.95,2562.3
tomato,kerala,16-07-2022,2138.46,2515.84
tomato,kerala,13-08-2022,2217.96,2609.36
tomato,kerala,10-09-2022,2124.9,2499.88
tomato,kerala,08-10-2022,2160.44,2541.7
tomato,kerala,05-11-2022,2226.25,2619.12
tomato,kerala,03-12-2022,2236.55,2631.23
tomato,kerala,31-12-2022,1987.3,2338.0
tomato,kerala,28-01-2023,2041.41,2401.66
tomato,kerala,25-02-2023,2068.53,2433.57
tomato,kerala,25-03-2023,1981.7,2331.41
tomato,kerala,22-04-2023,2172.4,2555.76
tomato,kerala,20-05-2023,1996.7,2349.06
tomato,kerala,17-06-2023,2038.38,2398.09
tomato,kerala,15-07-2023,2073.69,2439.64
tomato,kerala,12-08-2023,2267.22,2667.32
tomato,kerala,09-09-2023,2185.07,2570.67
tomato,kerala,07-10-2023,2127.0,2502.35
tomato,kerala,04-11-2023,2186.05,2571.82
tomato,kerala,02-12-2023,2177.8,2562.12
tomato,kerala,30-12-2023,1885.89,2218.7
tomato,kerala,27-01-2024,1978.8,2328.0
tomato,kerala,24-02-2024,2124.8,2499.77
tomato,kerala,23-03-2024,2074.67,2440.79
tomato,kerala,20-04-2024,2080.32,2447.43
tomato,kerala,18-05-2024,2145.07,2523.61
tomato,kerala,15-06-2024,2146.0,2524.71
tomato,kerala,13-07-2024,2245.78,2642.09
tomato,kerala,10-08-2024,2244.26,2640.3
tomato,kerala,07-09-2024,2230.14,2623.69
tomato,kerala,05-10-2024,2210.37,2600.44
tomato,kerala,02-11-2024,2181.53,2566.51
tomato,kerala,30-11-2024,2308.94,2716.4
tomato,kerala,28-12-2024,2037.39,2396.93
tomato,kerala,25-01-2025,1959.12,2304.85
tomato,kerala,22-02-2025,1932.11,2273.07
tomato,kerala,22-03-2025,2071.7,2437.3
tomato,kerala,19-04-2025,2079.24,2446.16
tomato,kerala,17-05-2025,2044.25,2405.0
tomato,kerala,14-06-2025,2055.04,2417.69
tomato,kerala,12-07-2025,2050.21,2412.01
tomato,kerala,09-08-2025,2117.91,2491.66
tomato,kerala,06-09-2025,2089.38,2458.09
tomato,kerala,04-10-2025,2147.76,2526.78
tomato,maharashtra,01-01-2022,2667.5,3138.24
tomato,maharashtra,29-01-2022,2588.71,3045.54
tomato,maharashtra,26-02-2022,2631.78,3096.21
tomato,maharashtra,26-03-2022,2715.21,3194.36
tomato,maharashtra,23-04-2022,2729.24,3210.87
tomato,maharashtra,21-05-2022,2822.09,3320.1
tomato,maharashtra,18-06-2022,2668.82,3139.79
tomato,maharashtra,16-07-2022,2705.87,3183.38
tomato,maharashtra,13-08-2022,2792.38,3285.15
tomato,maharashtra,10-09-2022,2981.43,3507.56
tomato,maharashtra,08-10-2022,3039.74,3576.17
tomato,maharashtra,05-11-2022,2906.16,3419.01
tomato,maharashtra,03-12-2022,3121.57,3672.44
tomato,maharashtra,31-12-2022,2536.94,2984.63
tomato,maharashtra,28-01-2023,2655.24,3123.81
tomato,maharashtra,25-02-2023,2578.42,3033.44
tomato,maharashtra,25-03-2023,2807.71,3303.19
tomato,maharashtra,22-04-2023,2744.81,3229.19
tomato,maharashtra,20-05-2023,2690.91,3165.78
tomato,maharashtra,17-06-2023,2763.24,3250.87
tomato,maharashtra,15-07-2023,2710.47,3188.79
tomato,maharashtra,12-08-2023,2731.85,3213.94
tomato,maharashtra,09-09-2023,2826.86,3325.72
tomato,maharashtra,07-10-2023,3049.09,3587.16
tomato,maharashtra,04-11-2023,3040.39,3576.93
tomato,maharashtra,02-12-2023,3119.61,3670.13
tomato,maharashtra,30-12-2023,2692.53,3167.68
tomato,maharashtra,27-01-2024,2709.57,3187.73
tomato,maharashtra,24-02-2024,2679.58,3152.45
tomato,maharashtra,23-03-2024,2744.31,3228.6
tomato,maharashtra,20-04-2024,2851.38,3354.56
tomato,maharashtra,18-05-2024,2774.19,3263.75
tomato,maharashtra,15-06-2024,2864.44,3369.93
tomato,maharashtra,13-07-2024,2894.16,3404.89
tomato,maharashtra,10-08-2024,2985.51,3512.37
tomato,maharashtra,07-09-2024,2874.38,3381.62
tomato,maharashtra,05-10-2024,2907.15,3420.18
tomato,maharashtra,02-11-2024,2976.61,3501.9
tomato,maharashtra,30-11-2024,2842.35,3343.94
tomato,maharashtra,28-12-2024,2495.35,2935.71
tomato,maharashtra,25-01-2025,2513.68,2957.27
tomato,maharashtra,22-02-2025,2695.21,3170.84
tomato,maharashtra,22-03-2025,2825.08,3323.62
tomato,maharashtra,19-04-2025,2772.61,3261.89
tomato,maharashtra,17-05-2025,2682.32,3155.67
tomato,maharashtra,14-06-2025,2737.75,3220.88
tomato,maharashtra,12-07-2025,2950.02,3470.61
tomato,maharashtra,09-08-2025,2858.59,3363.05
tomato,maharashtra,06-09-2025,2744.74,3229.11
tomato,maharashtra,04-10-2025,3015.57,3547.73
tomato,gujarat,01-01-2022,1892.42,2226.38
tomato,gujarat,29-01-2022,2032.01,2390.6
tomato,gujarat,26-02-2022,2086.84,2455.11
tomato,gujarat,26-03-2022,1959.76,2305.6
tomato,gujarat,23-04-2022,2160.49,2541.75
tomato,gujarat,21-05-2022,2090.83,2459.8
tomato,gujarat,18-06-2022,2089.3,2458.0
tomato,gujarat,16-07-2022,2229.54,2622.99
tomato,gujarat,13-08-2022,2119.47,2493.49
tomato,gujarat,10-09-2022,2292.28,2696.8
tomato,gujarat,08-10-2022,2259.41,2658.13
tomato,gujarat,05-11-2022,2335.35,2747.47
tomato,gujarat,03-12-2022,2267.77,2667.97
tomato,gujarat,31-12-2022,1913.46,2251.13
tomato,gujarat,28-01-2023,2044.33,2405.1
tomato,gujarat,25-02-2023,2097.29,2467.4
tomato,gujarat,25-03-2023,1986.52,2337.08
tomato,gujarat,22-04-2023,2009.58,2364.21
tomato,gujarat,20-05-2023,2043.29,2403.87
tomato,gujarat,17-06-2023,2145.5,2524.12
tomato,gujarat,15-07-2023,2071.17,2436.67
tomato,gujarat,12-08-2023,2084.23,2452.04
tomato,gujarat,09-09-2023,2286.37,2689.85
tomato,gujarat,07-10-2023,2257.8,2656.23
tomato,gujarat,04-11-2023,2280.06,2682.42
tomato,gujarat,02-12-2023,2293.82,2698.61
tomato,gujarat,30-12-2023,2024.84,2382.16
tomato,gujarat,27-01-2024,2005.6,2359.53
tomato,gujarat,24-02-2024,1929.37,2269.85
tomato,gujarat,23-03-2024,2042.91,2403.42
tomato,gujarat,20-04-2024,2096.13,2466.03
tomato,gujarat,18-05-2024,2094.14,2463.69
tomato,gujarat,15-06-2024,2223.27,2615.61
tomato,gujarat,13-07-2024,2230.12,2623.67
tomato,gujarat,10-08-2024,2249.58,2646.56
tomato,gujarat,07-09-2024,2192.16,2579.01
tomato,gujarat,05-10-2024,2326.26,2736.78
tomato,gujarat,02-11-2024,2336.72,2749.08
tomato,gujarat,30-11-2024,2218.16,2609.6
tomato,gujarat,28-12-2024,1917.88,2256.33
tomato,gujarat,25-01-2025,2012.63,2367.8
tomato,gujarat,22-02-2025,1931.78,2272.68
tomato,gujarat,22-03-2025,2107.78,2479.74
tomato,gujarat,19-04-2025,2066.65,2431.35
tomato,gujarat,17-05-2025,2104.29,2475.63
tomato,gujarat,14-06-2025,2120.88,2495.15
tomato,gujarat,12-07-2025,2122.16,2496.66
tomato,gujarat,09-08-2025,2209.99,2599.99
tomato,gujarat,06-09-2025,2122.82,2497.44
tomato,gujarat,04-10-2025,2324.51,2734.72
tomato,rajasthan,01-01-2022,2337.38,2749.86
tomato,rajasthan,29-01-2022,2420.98,2848.21
tomato,rajasthan,26-02-2022,2287.87,2691.61
tomato,rajasthan,26-03-2022,2364.15,2781.35
tomato,rajasthan,23-04-2022,2483.8,2922.12
tomato,rajasthan,21-05-2022,2449.59,2881.87
tomato,rajasthan,18-06-2022,2550.83,3000.98
tomato,rajasthan,16-07-2022,2490.35,2929.82
tomato,rajasthan,13-08-2022,2593.47,3051.14
tomato,rajasthan,10-09-2022,2541.59,2990.11
tomato,rajasthan,08-10-2022,2631.91,3096.37
tomato,rajasthan,05-11-2022,2698.94,3175.22
tomato,rajasthan,03-12-2022,2661.85,3131.59
tomato,rajasthan,31-12-2022,2346.46,2760.54
tomato,rajasthan,28-01-2023,2307.24,2714.4
tomato,rajasthan,25-02-2023,2453.57,2886.55
tomato,rajasthan,25-03-2023,2403.48,2827.62
tomato,rajasthan,22-04-2023,2551.14,3001.34
tomato,rajasthan,20-05-2023,2438.17,2868.44
tomato,rajasthan,17-06-2023,2441.64,2872.52
tomato,rajasthan,15-07-2023,2457.54,2891.22
tomato,rajasthan,12-08-2023,2600.52,3059.44
tomato,rajasthan,09-09-2023,2539.36,2987.48
tomato,rajasthan,07-10-2023,2533.87,2981.02
tomato,rajasthan,04-11-2023,2607.36,3067.48
tomato,rajasthan,02-12-2023,2626.75,3090.29
tomato,rajasthan,30-12-2023,2330.84,2742.17
tomato,rajasthan,27-01-2024,2347.72,2762.02
tomato,rajasthan,24-02-2024,2320.11,2729.54
tomato,rajasthan,23-03-2024,2546.35,2995.71
tomato,rajasthan,20-04-2024,2377.49,2797.05
tomato,rajasthan,18-05-2024,2569.32,3022.73
tomato,rajasthan,15-06-2024,2440.82,2871.55
tomato,rajasthan,13-07-2024,2551.56,3001.83
tomato,rajasthan,10-08-2024,2708.84,3186.87
tomato,rajasthan,07-09-2024,2701.4,3178.12
tomato,rajasthan,05-10-2024,2643.97,3110.55
tomato,rajasthan,02-11-2024,2727.62,3208.96
tomato,rajasthan,30-11-2024,2775.01,3264.72
tomato,rajasthan,28-12-2024,2299.82,2705.67
tomato,rajasthan,25-01-2025,2390.79,2812.69
tomato,rajasthan,22-02-2025,2421.61,2848.95
tomato,rajasthan,22-03-2025,2409.84,2835.1
tomato,rajasthan,19-04-2025,2510.79,2953.87
tomato,rajasthan,17-05-2025,2383.43,2804.03
tomato,rajasthan,14-06-2025,2601.54,3060.64
tomato,rajasthan,12-07-2025,2545.67,2994.91
tomato,rajasthan,09-08-2025,2614.45,3075.82
tomato,rajasthan,06-09-2025,2597.12,3055.43
tomato,rajasthan,04-10-2025,2595.84,3053.93
tomato,punjab,01-01-2022,2078.86,2445.72
tomato,punjab,29-01-2022,2182.52,2567.67
tomato,punjab,26-02-2022,2066.63,2431.33
tomato,punjab,26-03-2022,2040.78,2400.92
tomato,punjab,23-04-2022,2087.32,2455.67
tomato,punjab,21-05-2022,2275.92,2677.55
tomato,punjab,18-06-2022,2323.91,2734.01
tomato,punjab,16-07-2022,2179.19,2563.75
tomato,punjab,13-08-2022,2289.85,2693.94
tomato,punjab,10-09-2022,2332.66,2744.3
tomato,punjab,08-10-2022,2248.51,2645.31
tomato,punjab,05-11-2022,2415.8,2842.12
tomato,punjab,03-12-2022,2341.28,2754.45
tomato,punjab,31-12-2022,2102.18,2473.15
tomato,punjab,28-01-2023,2089.55,2458.29
tomato,punjab,25-02-2023,2168.04,2550.63
tomato,punjab,25-03-2023,2227.25,2620.29
tomato,punjab,22-04-2023,2143.69,2521.99
tomato,punjab,20-05-2023,2148.41,2527.54
tomato,punjab,17-06-2023,2250.3,2647.41
tomato,punjab,15-07-2023,2167.02,2549.44
tomato,punjab,12-08-2023,2197.05,2584.77
tomato,punjab,09-09-2023,2369.1,2787.18
tomato,punjab,07-10-2023,2286.36,2689.83
tomato,punjab,04-11-2023,2380.77,2800.91
tomato,punjab,02-12-2023,2392.72,2814.97
tomato,punjab,30-12-2023,2138.49,2515.87
tomato,punjab,27-01-2024,2002.48,2355.86
tomato,punjab,24-02-2024,2046.36,2407.48
tomato,punjab,23-03-2024,2085.46,2453.48
tomato,punjab,20-04-2024,2129.77,2505.61
tomato,punjab,18-05-2024,2149.47,2528.79
tomato,punjab,15-06-2024,2169.4,2552.24
tomato,punjab,13-07-2024,2279.33,2681.56
tomato,punjab,10-08-2024,2220.62,2612.49
tomato,punjab,07-09-2024,2285.71,2689.07
tomato,punjab,05-10-2024,2408.47,2833.5
tomato,punjab,02-11-2024,2317.77,2726.79
tomato,punjab,30-11-2024,2396.35,2819.24
tomato,punjab,28-12-2024,2162.59,2544.22
tomato,punjab,25-01-2025,2074.17,2440.2
tomato,punjab,22-02-2025,2050.99,2412.93
tomato,punjab,22-03-2025,2041.49,2401.75
tomato,punjab,19-04-2025,2218.91,2610.48
tomato,punjab,17-05-2025,2230.84,2624.52
tomato,punjab,14-06-2025,2318.87,2728.08
tomato,punjab,12-07-2025,2291.91,2696.37
tomato,punjab,09-08-2025,2177.16,2561.37
tomato,punjab,06-09-2025,2221.82,2613.9
tomato,punjab,04-10-2025,2231.89,2625.75
tomato,haryana,01-01-2022,1888.27,2221.5
tomato,haryana,29-01-2022,1850.99,2177.64
tomato,haryana,26-02-2022,1776.44,2089.93
tomato,haryana,26-03-2022,1868.02,2197.67
tomato,haryana,23-04-2022,1960.77,2306.79
tomato,haryana,21-05-2022,1852.3,2179.18
tomato,haryana,18-06-2022,1909.09,2245.99
tomato,haryana,16-07-2022,1910.04,2247.11
tomato,haryana,13-08-2022,2031.92,2390.49
tomato,haryana,10-09-2022,2101.63,2472.51
tomato,haryana,08-10-2022,2007.32,2361.55
tomato,haryana,05-11-2022,2016.75,2372.65
tomato,haryana,03-12-2022,2046.57,2407.73
tomato,haryana,31-12-2022,1842.38,2167.51
tomato,haryana,28-01-2023,1774.15,2087.23
tomato,haryana,25-02-2023,1927.89,2268.11
tomato,haryana,25-03-2023,1798.48,2115.86
tomato,haryana,22-04-2023,1941.4,2284.0
tomato,haryana,20-05-2023,2002.51,2355.89
tomato,haryana,17-06-2023,1921.37,2260.43
tomato,haryana,15-07-2023,1973.52,2321.79
tomato,haryana,12-08-2023,2095.97,2465.85
tomato,haryana,09-09-2023,2031.84,2390.4
tomato,haryana,07-10-2023,1999.75,2352.65
tomato,haryana,04-11-2023,2057.61,2420.72
tomato,haryana,02-12-2023,2189.93,2576.39
tomato,haryana,30-12-2023,1855.33,2182.74
tomato,haryana,27-01-2024,1782.58,2097.15
tomato,haryana,24-02-2024,1882.96,2215.25
tomato,haryana,23-03-2024,1912.19,2249.64
tomato,haryana,20-04-2024,1936.1,2277.77
tomato,haryana,18-05-2024,1945.22,2288.49
tomato,haryana,15-06-2024,1960.13,2306.04
tomato,haryana,13-07-2024,2005.84,2359.81
tomato,haryana,10-08-2024,1962.85,2309.23
tomato,haryana,07-09-2024,1992.71,2344.36
tomato,haryana,05-10-2024,2054.44,2416.99
tomato,haryana,02-11-2024,2132.06,2508.31
tomato,haryana,30-11-2024,2079.55,2446.53
tomato,haryana,28-12-2024,1794.95,2111.71
tomato,haryana,25-01-2025,1797.83,2115.09
tomato,haryana,22-02-2025,1828.14,2150.75
tomato,haryana,22-03-2025,1793.11,2109.54
tomato,haryana,19-04-2025,1970.4,2318.12
tomato,haryana,17-05-2025,2000.1,2353.06
tomato,haryana,14-06-2025,1925.01,2264.72
tomato,haryana,12-07-2025,1972.14,2320.17
tomato,haryana,09-08-2025,1902.56,2238.3
tomato,haryana,06-09-2025,2109.05,2481.23
tomato,haryana,04-10-2025,2137.78,2515.04
tomato,uttarpradesh,01-01-2022,2056.73,2419.68
tomato,uttarpradesh,29-01-2022,2174.65,2558.41
tomato,uttarpradesh,26-02-2022,2170.95,2554.06
tomato,uttarpradesh,26-03-2022,2183.53,2568.86
tomato,uttarpradesh,23-04-2022,2158.91,2539.9
tomato,uttarpradesh,21-05-2022,2268.77,2669.14
tomato,uttarpradesh,18-06-2022,2304.26,2710.89
tomato,uttarpradesh,16-07-2022,2366.0,2783.53
tomato,uttarpradesh,13-08-2022,2353.7,2769.06
tomato,uttarpradesh,10-09-2022,2324.71,2734.95
tomato,uttarpradesh,08-10-2022,2490.38,2929.86
tomato,uttarpradesh,05-11-2022,2432.56,2861.83
tomato,uttarpradesh,03-12-2022,2456.41,2889.9
tomato,uttarpradesh,31-12-2022,2111.64,2484.28
tomato,uttarpradesh,28-01-2023,2172.85,2556.29
tomato,uttarpradesh,25-02-2023,2159.13,2540.15
tomato,uttarpradesh,25-03-2023,2303.19,2709.64
tomato,uttarpradesh,22-04-2023,2363.91,2781.07
tomato,uttarpradesh,20-05-2023,2368.47,2786.44
tomato,uttarpradesh,17-06-2023,2367.7,2785.53
tomato,uttarpradesh,15-07-2023,2301.12,2707.2
tomato,uttarpradesh,12-08-2023,2436.53,2866.5
tomato,uttarpradesh,09-09-2023,2480.01,2917.66
tomato,uttarpradesh,07-10-2023,2411.51,2837.07
tomato,uttarpradesh,04-11-2023,2546.63,2996.03
tomato,uttarpradesh,02-12-2023,2407.68,2832.57
tomato,uttarpradesh,30-12-2023,2117.39,2491.05
tomato,uttarpradesh,27-01-2024,2219.86,2611.6
tomato,uttarpradesh,24-02-2024,2242.95,2638.77
tomato,uttarpradesh,23-03-2024,2192.71,2579.66
tomato,uttarpradesh,20-04-2024,2298.7,2704.35
tomato,uttarpradesh,18-05-2024,2226.06,2618.89
tomato,uttarpradesh,15-06-2024,2213.05,2603.59
tomato,uttarpradesh,13-07-2024,2245.84,2642.17
tomato,uttarpradesh,10-08-2024,2387.06,2808.3
tomato,uttarpradesh,07-09-2024,2330.16,2741.37
tomato,uttarpradesh,05-10-2024,2335.94,2748.17
tomato,uttarpradesh,02-11-2024,2402.91,2826.95
tomato,uttarpradesh,30-11-2024,2540.17,2988.44
tomato,uttarpradesh,28-12-2024,2212.02,2602.38
tomato,uttarpradesh,25-01-2025,2131.37,2507.49
tomato,uttarpradesh,22-02-2025,2139.42,2516.97
tomato,uttarpradesh,22-03-2025,2242.4,2638.12
tomato,uttarpradesh,19-04-2025,2234.92,2629.32
tomato,uttarpradesh,17-05-2025,2254.51,2652.36
tomato,uttarpradesh,14-06-2025,2394.4,2816.94
tomato,uttarpradesh,12-07-2025,2468.87,2904.55
tomato,uttarpradesh,09-08-2025,2370.1,2788.35
tomato,uttarpradesh,06-09-2025,2475.83,2912.74
tomato,uttarpradesh,04-10-2025,2391.41,2813.42
tomato,madhyapradesh,01-01-2022,2578.97,3034.08
tomato,madhyapradesh,29-01-2022,2387.39,2808.69
tomato,madhyapradesh,26-02-2022,2598.8,3057.41
tomato,madhyapradesh,26-03-2022,2450.14,2882.52
tomato,madhyapradesh,23-04-2022,2582.91,3038.72
tomato,madhyapradesh,21-05-2022,2540.73,2989.1
tomato,madhyapradesh,18-06-2022,2742.79,3226.81
tomato,madhyapradesh,16-07-2022,2768.1,3256.59
tomato,madhyapradesh,13-08-2022,2802.84,3297.46
tomato,madhyapradesh,10-09-2022,2640.79,3106.81
tomato,madhyapradesh,08-10-2022,2849.74,3352.64
tomato,madhyapradesh,05-11-2022,2735.66,3218.42
tomato,madhyapradesh,03-12-2022,2913.83,3428.03
tomato,madhyapradesh,31-12-2022,2453.45,2886.41
tomato,madhyapradesh,28-01-2023,2557.67,3009.02
tomato,madhyapradesh,25-02-2023,2411.11,2836.6
tomato,madhyapradesh,25-03-2023,2549.84,2999.81
tomato,madhyapradesh,22-04-2023,2660.85,3130.41
tomato,madhyapradesh,20-05-2023,2626.97,3090.55
tomato,madhyapradesh,17-06-2023,2780.07,3270.67
tomato,madhyapradesh,15-07-2023,2675.7,3147.88
tomato,madhyapradesh,12-08-2023,2763.0,3250.59
tomato,madhyapradesh,09-09-2023,2692.98,3168.21
tomato,madhyapradesh,07-10-2023,2726.22,3207.32
tomato,madhyapradesh,04-11-2023,2842.35,3343.94
tomato,madhyapradesh,02-12-2023,2707.01,3184.72
tomato,madhyapradesh,30-12-2023,2575.46,3029.95
tomato,madhyapradesh,27-01-2024,2503.53,2945.33
tomato,madhyapradesh,24-02-2024,2466.7,2902.0
tomato,madhyapradesh,23-03-2024,2595.32,3053.32
tomato,madhyapradesh,20-04-2024,2512.59,2955.99
tomato,madhyapradesh,18-05-2024,2723.01,3203.54
tomato,madhyapradesh,15-06-2024,2748.65,3233.71
tomato,madhyapradesh,13-07-2024,2607.26,3067.37
tomato,madhyapradesh,10-08-2024,2608.73,3069.09
tomato,madhyapradesh,07-09-2024,2781.02,3271.79
tomato,madhyapradesh,05-10-2024,2726.62,3207.79
tomato,madhyapradesh,02-11-2024,2712.77,3191.49
tomato,madhyapradesh,30-11-2024,2773.36,3262.78
tomato,madhyapradesh,28-12-2024,2373.68,2792.56
tomato,madhyapradesh,25-01-2025,2570.54,3024.17
tomato,madhyapradesh,22-02-2025,2404.89,2829.28
tomato,madhyapradesh,22-03-2025,2442.62,2873.67
tomato,madhyapradesh,19-04-2025,2664.09,3134.22
tomato,madhyapradesh,17-05-2025,2614.94,3076.4
tomato,madhyapradesh,14-06-2025,2677.72,3150.26
tomato,madhyapradesh,12-07-2025,2648.48,3115.86
tomato,madhyapradesh,09-08-2025,2602.36,3061.6
tomato,madhyapradesh,06-09-2025,2650.6,3118.35
tomato,madhyapradesh,04-10-2025,2661.93,3131.68
tomato,westbengal,01-01-2022,2378.84,2798.64
tomato,westbengal,29-01-2022,2423.78,2851.51
tomato,westbengal,26-02-2022,2366.73,2784.39
tomato,westbengal,26-03-2022,2261.77,2660.91
tomato,westbengal,23-04-2022,2428.99,2857.64
tomato,westbengal,21-05-2022,2471.6,2907.77
tomato,westbengal,18-06-2022,2522.72,2967.9
tomato,westbengal,16-07-2022,2386.94,2808.16
tomato,westbengal,13-08-2022,2441.12,2871.9
tomato,westbengal,10-09-2022,2658.8,3128.0
tomato,westbengal,08-10-2022,2639.08,3104.8
tomato,westbengal,05-11-2022,2660.08,3129.51
tomato,westbengal,03-12-2022,2702.07,3178.9
tomato,westbengal,31-12-2022,2266.61,2666.6
tomato,westbengal,28-01-2023,2238.13,2633.1
tomato,westbengal,25-02-2023,2381.72,2802.02
tomato,westbengal,25-03-2023,2332.37,2743.96
tomato,westbengal,22-04-2023,2306.92,2714.02
tomato,westbengal,20-05-2023,2519.41,2964.01
tomato,westbengal,17-06-2023,2447.67,2879.61
tomato,westbengal,15-07-2023,2464.22,2899.08
tomato,westbengal,12-08-2023,2456.68,2890.21
tomato,westbengal,09-09-2023,2586.59,3043.05
tomato,westbengal,07-10-2023,2485.48,2924.1
tomato,westbengal,04-11-2023,2512.23,2955.57
tomato,westbengal,02-12-2023,2582.02,3037.67
tomato,westbengal,30-12-2023,2333.58,2745.39
tomato,westbengal,27-01-2024,2257.15,2655.47
tomato,westbengal,24-02-2024,2414.93,2841.09
tomato,westbengal,23-03-2024,2463.99,2898.81
tomato,westbengal,20-04-2024,2407.43,2832.27
tomato,westbengal,18-05-2024,2318.37,2727.49
tomato,westbengal,15-06-2024,2366.71,2784.36
tomato,westbengal,13-07-2024,2429.05,2857.71
tomato,westbengal,10-08-2024,2448.81,2880.95
tomato,westbengal,07-09-2024,2502.91,2944.6
tomato,westbengal,05-10-2024,2436.99,2867.05
tomato,westbengal,02-11-2024,2629.31,3093.3
tomato,westbengal,30-11-2024,2590.25,3047.35
tomato,westbengal,28-12-2024,2208.87,2598.67
tomato,westbengal,25-01-2025,2197.9,2585.77
tomato,westbengal,22-02-2025,2420.88,2848.1
tomato,westbengal,22-03-2025,2431.23,2860.27
tomato,westbengal,19-04-2025,2331.83,2743.33
tomato,westbengal,17-05-2025,2476.36,2913.37
tomato,westbengal,14-06-2025,2490.07,2929.5
tomato,westbengal,12-07-2025,2489.38,2928.68
tomato,westbengal,09-08-2025,2479.94,2917.58
tomato,westbengal,06-09-2025,2542.72,2991.43
tomato,westbengal,04-10-2025,2564.43,3016.98
tomato,bihar,01-01-2022,2249.89,2646.93
tomato,bihar,29-01-2022,2212.53,2602.98
tomato,bihar,26-02-2022,2312.37,2720.44
tomato,bihar,26-03-2022,2218.09,2609.52
tomato,bihar,23-04-2022,2341.17,2754.32
tomato,bihar,21-05-2022,2261.09,2660.1
tomato,bihar,18-06-2022,2471.41,2907.54
tomato,bihar,16-07-2022,2329.44,2740.52
tomato,bihar,13-08-2022,2538.14,2986.05
tomato,bihar,10-09-2022,2400.78,2824.45
tomato,bihar,08-10-2022,2498.6,2939.53
tomato,bihar,05-11-2022,2428.49,2857.05
tomato,bihar,03-12-2022,2575.92,3030.5
tomato,bihar,31-12-2022,2299.56,2705.37
tomato,bihar,28-01-2023,2288.06,2691.84
tomato,bihar,25-02-2023,2286.13,2689.57
tomato,bihar,25-03-2023,2354.46,2769.95
tomato,bihar,22-04-2023,2278.74,2680.87
tomato,bihar,20-05-2023,2331.92,2743.43
tomato,bihar,17-06-2023,2416.58,2843.04
tomato,bihar,15-07-2023,2315.2,2723.76
tomato,bihar,12-08-2023,2552.01,3002.37
tomato,bihar,09-09-2023,2402.43,2826.39
tomato,bihar,07-10-2023,2500.11,2941.3
tomato,bihar,04-11-2023,2628.62,3092.49
tomato,bihar,02-12-2023,2450.32,2882.73
tomato,bihar,30-12-2023,2291.71,2696.13
tomato,bihar,27-01-2024,2153.54,2533.58
tomato,bihar,24-02-2024,2293.48,2698.21
tomato,bihar,23-03-2024,2409.15,2834.29
tomato,bihar,20-04-2024,2316.11,2724.84
tomato,bihar,18-05-2024,2332.55,2744.18
tomato,bihar,15-06-2024,2441.09,2871.87
tomato,bihar,13-07-2024,2497.29,2937.99
tomato,bihar,10-08-2024,2389.45,2811.12
tomato,bihar,07-09-2024,2360.84,2777.46
tomato,bihar,05-10-2024,2394.76,2817.36
tomato,bihar,02-11-2024,2480.39,2918.11
tomato,bihar,30-11-2024,2671.48,3142.92
tomato,bihar,28-12-2024,2327.22,2737.9
tomato,bihar,25-01-2025,2161.75,2543.23
tomato,bihar,22-02-2025,2331.59,2743.05
tomato,bihar,22-03-2025,2315.31,2723.89
tomato,bihar,19-04-2025,2263.22,2662.61
tomato,bihar,17-05-2025,2369.69,2787.87
tomato,bihar,14-06-2025,2331.18,2742.56
tomato,bihar,12-07-2025,2449.32,2881.55
tomato,bihar,09-08-2025,2368.18,2786.1
tomato,bihar,06-09-2025,2536.17,2983.73
tomato,bihar,04-10-2025,2481.03,2918.86
tomato,odisha,01-01-2022,1879.76,2211.48
tomato,odisha,29-01-2022,1850.52,2177.08
tomato,odisha,26-02-2022,1892.47,2226.43
tomato,odisha,26-03-2022,1955.22,2300.26
tomato,odisha,23-04-2022,2021.09,2377.75
tomato,odisha,21-05-2022,1904.07,2240.08
tomato,odisha,18-06-2022,1929.13,2269.56
tomato,odisha,16-07-2022,1996.11,2348.36
tomato,odisha,13-08-2022,2005.94,2359.93
tomato,odisha,10-09-2022,1991.71,2343.19
tomato,odisha,08-10-2022,2189.27,2575.61
tomato,odisha,05-11-2022,2096.44,2466.4
tomato,odisha,03-12-2022,2100.1,2470.71
tomato,odisha,31-12-2022,1819.78,2140.92
tomato,odisha,28-01-2023,1969.44,2316.99
tomato,odisha,25-02-2023,1866.99,2196.46
tomato,odisha,25-03-2023,1898.76,2233.84
tomato,odisha,22-04-2023,1997.99,2350.58
tomato,odisha,20-05-2023,1956.02,2301.2
tomato,odisha,17-06-2023,2037.83,2397.45
tomato,odisha,15-07-2023,2037.81,2397.42
tomato,odisha,12-08-2023,2051.95,2414.06
tomato,odisha,09-09-2023,2003.21,2356.72
tomato,odisha,07-10-2023,2140.74,2518.52
tomato,odisha,04-11-2023,2198.31,2586.25
tomato,odisha,02-12-2023,2079.17,2446.08
tomato,odisha,30-12-2023,1939.65,2281.94
tomato,odisha,27-01-2024,1867.33,2196.86
tomato,odisha,24-02-2024,1880.75,2212.65
tomato,odisha,23-03-2024,1966.97,2314.08
tomato,odisha,20-04-2024,2040.58,2400.68
tomato,odisha,18-05-2024,1988.56,2339.48
tomato,odisha,15-06-2024,1996.33,2348.62
tomato,odisha,13-07-2024,2115.42,2488.73
tomato,odisha,10-08-2024,1998.67,2351.38
tomato,odisha,07-09-2024,2021.03,2377.68
tomato,odisha,05-10-2024,2027.33,2385.1
tomato,odisha,02-11-2024,2183.46,2568.78
tomato,odisha,30-11-2024,2029.63,2387.8
tomato,odisha,28-12-2024,1913.75,2251.47
tomato,odisha,25-01-2025,1912.8,2250.35
tomato,odisha,22-02-2025,1857.73,2185.57
tomato,odisha,22-03-2025,1933.76,2275.01
tomato,odisha,19-04-2025,1957.53,2302.98
tomato,odisha,17-05-2025,2053.58,2415.98
tomato,odisha,14-06-2025,1924.01,2263.54
tomato,odisha,12-07-2025,1922.76,2262.07
tomato,odisha,09-08-2025,2009.65,2364.29
tomato,odisha,06-09-2025,1987.64,2338.4
tomato,odisha,04-10-2025,2057.61,2420.72
potato,karnataka,01-01-2022,1938.26,2280.3
potato,karnataka,29-01-2022,2078.99,2445.87
potato,karnataka,26-02-2022,1957.81,2303.31
potato,karnataka,26-03-2022,2045.24,2406.17
potato,karnataka,23-04-2022,2178.16,2562.54
potato,karnataka,21-05-2022,2165.2,2547.29
potato,karnataka,18-06-2022,2188.32,2574.5
potato,karnataka,16-07-2022,2228.73,2622.04
potato,karnataka,13-08-2022,2118.51,2492.37
potato,karnataka,10-09-2022,2287.14,2690.75
potato,karnataka,08-10-2022,2282.3,2685.06
potato,karnataka,05-11-2022,2281.94,2684.64
potato,karnataka,03-12-2022,2382.86,2803.36
potato,karnataka,31-12-2022,2010.39,2365.17
potato,karnataka,28-01-2023,1976.02,2324.73
potato,karnataka,25-02-2023,2088.21,2456.72
potato,karnataka,25-03-2023,2081.71,2449.07
potato,karnataka,22-04-2023,2002.66,2356.07
potato,karnataka,20-05-2023,2021.68,2378.45
potato,karnataka,17-06-2023,2198.46,2586.42
potato,karnataka,15-07-2023,2132.39,2508.69
potato,karnataka,12-08-2023,2259.61,2658.37
potato,karnataka,09-09-2023,2196.5,2584.12
potato,karnataka,07-10-2023,2322.23,2732.03
potato,karnataka,04-11-2023,2348.42,2762.85
potato,karnataka,02-12-2023,2226.95,2619.94
potato,karnataka,30-12-2023,2021.85,2378.65
potato,karnataka,27-01-2024,2036.9,2396.35
potato,karnataka,24-02-2024,1941.38,2283.98
potato,karnataka,23-03-2024,2123.27,2497.96
potato,karnataka,20-04-2024,2066.22,2430.85
potato,karnataka,18-05-2024,2074.33,2440.39
potato,karnataka,15-06-2024,2042.26,2402.66
potato,karnataka,13-07-2024,2173.96,2557.6
potato,karnataka,10-08-2024,2113.41,2486.36
potato,karnataka,07-09-2024,2215.53,2606.5
potato,karnataka,05-10-2024,2177.3,2561.53
potato,karnataka,02-11-2024,2162.88,2544.57
potato,karnataka,30-11-2024,2342.54,2755.93
potato,karnataka,28-12-2024,1970.1,2317.76
potato,karnataka,25-01-2025,2005.3,2359.18
potato,karnataka,22-02-2025,2060.53,2424.15
potato,karnataka,22-03-2025,2066.93,2431.68
potato,karnataka,19-04-2025,2032.68,2391.39
potato,karnataka,17-05-2025,2071.16,2436.66
potato,karnataka,14-06-2025,2117.85,2491.59
potato,karnataka,12-07-2025,2085.67,2453.73
potato,karnataka,09-08-2025,2098.73,2469.09
potato,karnataka,06-09-2025,2230.82,2624.49
potato,karnataka,04-10-2025,2138.89,2516.34
potato,tamilnadu,01-01-2022,1779.79,2093.87
potato,tamilnadu,29-01-2022,1880.34,2212.16
potato,tamilnadu,26-02-2022,1955.27,2300.32
potato,tamilnadu,26-03-2022,1855.12,2182.49
potato,tamilnadu,23-04-2022,1878.3,2209.77
potato,tamilnadu,21-05-2022,1984.34,2334.52
potato,tamilnadu,18-06-2022,1993.39,2345.16
potato,tamilnadu,16-07-2022,2049.71,2411.42
potato,tamilnadu,13-08-2022,1980.08,2329.5
potato,tamilnadu,10-09-2022,2089.25,2457.94
potato,tamilnadu,08-10-2022,2137.67,2514.91
potato,tamilnadu,05-11-2022,2058.04,2421.22
potato,tamilnadu,03-12-2022,2043.33,2403.92
potato,tamilnadu,31-12-2022,1908.22,2244.97
potato,tamilnadu,28-01-2023,1846.79,2172.7
potato,tamilnadu,25-02-2023,1983.88,2333.98
potato,tamilnadu,25-03-2023,1847.26,2173.25
potato,tamilnadu,22-04-2023,1982.96,2332.9
potato,tamilnadu,20-05-2023,1957.56,2303.01
potato,tamilnadu,17-06-2023,1965.53,2312.39
potato,tamilnadu,15-07-2023,1982.78,2332.68
potato,tamilnadu,12-08-2023,2061.3,2425.06
potato,tamilnadu,09-09-2023,1967.03,2314.15
potato,tamilnadu,07-10-2023,2047.69,2409.05
potato,tamilnadu,04-11-2023,2214.59,2605.4
potato,tamilnadu,02-12-2023,2159.59,2540.7
potato,tamilnadu,30-12-2023,1947.85,2291.59
potato,tamilnadu,27-01-2024,1869.13,2198.98
potato,tamilnadu,24-02-2024,1835.75,2159.71
potato,tamilnadu,23-03-2024,1838.65,2163.12
potato,tamilnadu,20-04-2024,2011.51,2366.48
potato,tamilnadu,18-05-2024,1913.4,2251.06
potato,tamilnadu,15-06-2024,1970.62,2318.38
potato,tamilnadu,13-07-2024,2071.01,2436.48
potato,tamilnadu,10-08-2024,2114.17,2487.26
potato,tamilnadu,07-09-2024,1985.23,2335.57
potato,tamilnadu,05-10-2024,1995.43,2347.56
potato,tamilnadu,02-11-2024,2206.42,2595.79
potato,tamilnadu,30-11-2024,2225.88,2618.68
potato,tamilnadu,28-12-2024,1925.31,2265.07
potato,tamilnadu,25-01-2025,1940.18,2282.57
potato,tamilnadu,22-02-2025,1810.61,2130.13
potato,tamilnadu,22-03-2025,1963.65,2310.18
potato,tamilnadu,19-04-2025,1873.71,2204.36
potato,tamilnadu,17-05-2025,1962.79,2309.17
potato,tamilnadu,14-06-2025,1900.56,2235.95
potato,tamilnadu,12-07-2025,1960.22,2306.14
potato,tamilnadu,09-08-2025,2049.89,2411.64
potato,tamilnadu,06-09-2025,2004.12,2357.79
potato,tamilnadu,04-10-2025,2093.31,2462.72
potato,andhrapradesh,01-01-2022,1750.48,2059.39
potato,andhrapradesh,29-01-2022,1816.14,2136.64
potato,andhrapradesh,26-02-2022,1732.74,2038.52
potato,andhrapradesh,26-03-2022,1855.23,2182.62
potato,andhrapradesh,23-04-2022,1752.28,2061.51
potato,andhrapradesh,21-05-2022,1878.28,2209.74
potato,andhrapradesh,18-06-2022,1915.51,2253.54
potato,andhrapradesh,16-07-2022,1819.53,2140.62
potato,andhrapradesh,13-08-2022,1864.86,2193.95
potato,andhrapradesh,10-09-2022,1908.18,2244.92
potato,andhrapradesh,08-10-2022,2029.21,2387.31
potato,andhrapradesh,05-11-2022,2017.58,2373.62
potato,andhrapradesh,03-12-2022,1925.84,2265.69
potato,andhrapradesh,31-12-2022,1780.59,2094.81
potato,andhrapradesh,28-01-2023,1688.04,1985.93
potato,andhrapradesh,25-02-2023,1777.19,2090.81
potato,andhrapradesh,25-03-2023,1777.48,2091.15
potato,andhrapradesh,22-04-2023,1905.76,2242.07
potato,andhrapradesh,20-05-2023,1892.64,2226.64
potato,andhrapradesh,17-06-2023,1953.35,2298.06
potato,andhrapradesh,15-07-2023,1814.88,2135.15
potato,andhrapradesh,12-08-2023,1999.29,2352.11
potato,andhrapradesh,09-09-2023,1979.45,2328.76
potato,andhrapradesh,07-10-2023,1919.16,2257.84
potato,andhrapradesh,04-11-2023,1970.27,2317.96
potato,andhrapradesh,02-12-2023,2112.01,2484.72
potato,andhrapradesh,30-12-2023,1683.25,1980.29
potato,andhrapradesh,27-01-2024,1742.57,2050.08
potato,andhrapradesh,24-02-2024,1863.12,2191.9
potato,andhrapradesh,23-03-2024,1824.81,2146.84
potato,andhrapradesh,20-04-2024,1783.21,2097.9
potato,andhrapradesh,18-05-2024,1862.94,2191.69
potato,andhrapradesh,15-06-2024,1876.77,2207.97
potato,andhrapradesh,13-07-2024,1987.85,2338.65
potato,andhrapradesh,10-08-2024,1836.16,2160.19
potato,andhrapradesh,07-09-2024,1901.04,2236.52
potato,andhrapradesh,05-10-2024,1977.98,2327.04
potato,andhrapradesh,02-11-2024,1960.87,2306.9
potato,andhrapradesh,30-11-2024,1994.44,2346.4
potato,andhrapradesh,28-12-2024,1693.31,1992.13
potato,andhrapradesh,25-01-2025,1748.13,2056.62
potato,andhrapradesh,22-02-2025,1770.58,2083.04
potato,andhrapradesh,22-03-2025,1841.86,2166.89
potato,andhrapradesh,19-04-2025,1792.39,2108.69
potato,andhrapradesh,17-05-2025,1951.91,2296.36
potato,andhrapradesh,14-06-2025,1884.93,2217.56
potato,andhrapradesh,12-07-2025,1966.02,2312.97
potato,andhrapradesh,09-08-2025,1952.7,2297.29
potato,andhrapradesh,06-09-2025,2024.16,2381.37
potato,andhrapradesh,04-10-2025,2049.18,2410.8
potato,telangana,01-01-2022,2060.85,2424.53
potato,telangana,29-01-2022,2201.61,2590.13
potato,telangana,26-02-2022,2167.84,2550.4
potato,telangana,26-03-2022,2165.39,2547.52
potato,telangana,23-04-2022,2360.69,2777.28
potato,telangana,21-05-2022,2333.54,2745.34
potato,telangana,18-06-2022,2228.65,2621.94
potato,telangana,16-07-2022,2323.74,2733.81
potato,telangana,13-08-2022,2487.97,2927.02
potato,telangana,10-09-2022,2432.44,2861.7
potato,telangana,08-10-2022,2462.9,2897.53
potato,telangana,05-11-2022,2392.31,2814.48
potato,telangana,03-12-2022,2421.77,2849.14
potato,telangana,31-12-2022,2087.51,2455.89
potato,telangana,28-01-2023,2292.61,2697.19
potato,telangana,25-02-2023,2307.38,2714.56
potato,telangana,25-03-2023,2205.23,2594.39
potato,telangana,22-04-2023,2280.1,2682.47
potato,telangana,20-05-2023,2230.12,2623.67
potato,telangana,17-06-2023,2240.46,2635.83
potato,telangana,15-07-2023,2361.16,2777.84
potato,telangana,12-08-2023,2449.79,2882.11
potato,telangana,09-09-2023,2492.61,2932.48
potato,telangana,07-10-2023,2385.91,2806.95
potato,telangana,04-11-2023,2509.79,2952.7
potato,telangana,02-12-2023,2492.24,2932.05
potato,telangana,30-12-2023,2083.72,2451.44
potato,telangana,27-01-2024,2298.12,2703.67
potato,telangana,24-02-2024,2322.01,2731.78
potato,telangana,23-03-2024,2163.92,2545.79
potato,telangana,20-04-2024,2368.83,2786.86
potato,telangana,18-05-2024,2393.32,2815.67
potato,telangana,15-06-2024,2282.04,2684.75
potato,telangana,13-07-2024,2364.92,2782.26
potato,telangana,10-08-2024,2485.11,2923.66
potato,telangana,07-09-2024,2313.6,2721.88
potato,telangana,05-10-2024,2388.0,2809.41
potato,telangana,02-11-2024,2552.71,3003.19
potato,telangana,30-11-2024,2542.78,2991.51
potato,telangana,28-12-2024,2220.0,2611.77
potato,telangana,25-01-2025,2272.82,2673.9
potato,telangana,22-02-2025,2197.51,2585.3
potato,telangana,22-03-2025,2223.63,2616.03
potato,telangana,19-04-2025,2257.57,2655.96
potato,telangana,17-05-2025,2397.14,2820.17
potato,telangana,14-06-2025,2416.07,2842.44
potato,telangana,12-07-2025,2453.31,2886.25
potato,telangana,09-08-2025,2324.61,2734.84
potato,telangana,06-09-2025,2472.53,2908.86
potato,telangana,04-10-2025,2336.72,2749.08
potato,kerala,01-01-2022,1743.68,2051.39
potato,kerala,29-01-2022,1739.54,2046.52
potato,kerala,26-02-2022,1700.88,2001.03
potato,kerala,26-03-2022,1774.49,2087.63
potato,kerala,23-04-2022,1735.86,2042.19
potato,kerala,21-05-2022,1756.71,2066.72
potato,kerala,18-06-2022,1860.47,2188.79
potato,kerala,16-07-2022,1821.45,2142.88
potato,kerala,13-08-2022,1903.8,2239.76
potato,kerala,10-09-2022,1885.41,2218.13
potato,kerala,08-10-2022,1911.47,2248.79
potato,kerala,05-11-2022,1952.46,2297.01
potato,kerala,03-12-2022,1994.83,2346.86
potato,kerala,31-12-2022,1677.67,1973.73
potato,kerala,28-01-2023,1780.85,2095.12
potato,kerala,25-02-2023,1739.98,2047.04
potato,kerala,25-03-2023,1698.78,1998.56
potato,kerala,22-04-2023,1729.15,2034.29
potato,kerala,20-05-2023,1720.62,2024.26
potato,kerala,17-06-2023,1874.56,2205.37
potato,kerala,15-07-2023,1757.85,2068.06
potato,kerala,12-08-2023,1825.64,2147.81
potato,kerala,09-09-2023,1873.4,2204.0
potato,kerala,07-10-2023,1957.35,2302.76
potato,kerala,04-11-2023,2026.56,2384.19
potato,kerala,02-12-2023,2003.77,2357.38
potato,kerala,30-12-2023,1625.37,1912.2
potato,kerala,27-01-2024,1793.76,2110.3
potato,kerala,24-02-2024,1826.05,2148.29
potato,kerala,23-03-2024,1827.38,2149.86
potato,kerala,20-04-2024,1782.07,2096.55
potato,kerala,18-05-2024,1773.45,2086.41
potato,kerala,15-06-2024,1818.5,2139.41
potato,kerala,13-07-2024,1800.67,2118.43
potato,kerala,10-08-2024,1850.87,2177.49
potato,kerala,07-09-2024,1803.25,2121.47
potato,kerala,05-10-2024,1956.0,2301.18
potato,kerala,02-11-2024,1909.11,2246.01
potato,kerala,30-11-2024,1916.87,2255.14
potato,kerala,28-12-2024,1718.03,2021.21
potato,kerala,25-01-2025,1761.99,2072.93
potato,kerala,22-02-2025,1757.81,2068.01
potato,kerala,22-03-2025,1767.12,2078.96
potato,kerala,19-04-2025,1850.9,2177.53
potato,kerala,17-05-2025,1856.85,2184.53
potato,kerala,14-06-2025,1830.02,2152.97
potato,kerala,12-07-2025,1838.51,2162.95
potato,kerala,09-08-2025,1929.75,2270.29
potato,kerala,06-09-2025,1803.36,2121.6
potato,kerala,04-10-2025,2005.79,2359.75
potato,maharashtra,01-01-2022,1924.45,2264.06
potato,maharashtra,29-01-2022,2015.32,2370.96
potato,maharashtra,26-02-2022,2004.77,2358.55
potato,maharashtra,26-03-2022,2020.78,2377.39
potato,maharashtra,23-04-2022,2068.46,2433.48
potato,maharashtra,21-05-2022,1972.93,2321.09
potato,maharashtra,18-06-2022,2046.66,2407.83
potato,maharashtra,16-07-2022,2093.0,2462.35
potato,maharashtra,13-08-2022,2097.02,2467.08
potato,maharashtra,10-09-2022,2233.94,2628.17
potato,maharashtra,08-10-2022,2178.88,2563.39
potato,maharashtra,05-11-2022,2194.44,2581.7
potato,maharashtra,03-12-2022,2261.15,2660.18
potato,maharashtra,31-12-2022,1858.12,2186.02
potato,maharashtra,28-01-2023,1972.35,2320.41
potato,maharashtra,25-02-2023,1921.95,2261.12
potato,maharashtra,25-03-2023,2084.08,2451.86
potato,maharashtra,22-04-2023,2031.92,2390.5
potato,maharashtra,20-05-2023,2112.05,2484.76
potato,maharashtra,17-06-2023,2009.44,2364.05
potato,maharashtra,15-07-2023,2173.5,2557.06
potato,maharashtra,12-08-2023,2232.47,2626.43
potato,maharashtra,09-09-2023,2205.49,2594.7
potato,maharashtra,07-10-2023,2107.57,2479.49
potato,maharashtra,04-11-2023,2192.48,2579.39
potato,maharashtra,02-12-2023,2224.88,2617.5
potato,maharashtra,30-12-2023,1882.3,2214.47
potato,maharashtra,27-01-2024,1986.79,2337.4
potato,maharashtra,24-02-2024,2035.65,2394.88
potato,maharashtra,23-03-2024,1957.39,2302.81
potato,maharashtra,20-04-2024,2032.53,2391.21
potato,maharashtra,18-05-2024,2014.41,2369.89
potato,maharashtra,15-06-2024,2130.38,2506.33
potato,maharashtra,13-07-2024,2200.66,2589.01
potato,maharashtra,10-08-2024,2202.23,2590.86
potato,maharashtra,07-09-2024,2210.31,2600.37
potato,maharashtra,05-10-2024,2104.99,2476.46
potato,maharashtra,02-11-2024,2126.27,2501.49
potato,maharashtra,30-11-2024,2224.54,2617.11
potato,maharashtra,28-12-2024,1918.09,2256.58
potato,maharashtra,25-01-2025,1973.7,2322.0
potato,maharashtra,22-02-2025,1970.16,2317.84
potato,maharashtra,22-03-2025,2076.25,2442.65
potato,maharashtra,19-04-2025,2044.16,2404.9
potato,maharashtra,17-05-2025,2158.97,2539.96
potato,maharashtra,14-06-2025,2064.94,2429.34
potato,maharashtra,12-07-2025,2089.32,2458.02
potato,maharashtra,09-08-2025,2196.2,2583.76
potato,maharashtra,06-09-2025,2252.25,2649.71
potato,maharashtra,04-10-2025,2201.66,2590.19
potato,gujarat,01-01-2022,1976.67,2325.49
potato,gujarat,29-01-2022,2150.38,2529.86
potato,gujarat,26-02-2022,2032.03,2390.62
potato,gujarat,26-03-2022,2170.06,2553.01
potato,gujarat,23-04-2022,2133.25,2509.71
potato,gujarat,21-05-2022,2134.65,2511.35
potato,gujarat,18-06-2022,2260.8,2659.76
potato,gujarat,16-07-2022,2215.24,2606.16
potato,gujarat,13-08-2022,2281.24,2683.81
potato,gujarat,10-09-2022,2191.17,2577.85
potato,gujarat,08-10-2022,2218.98,2610.56
potato,gujarat,05-11-2022,2260.18,2659.04
potato,gujarat,03-12-2022,2383.82,2804.49
potato,gujarat,31-12-2022,1997.77,2350.32
potato,gujarat,28-01-2023,2065.32,2429.79
potato,gujarat,25-02-2023,2174.06,2557.72
potato,gujarat,25-03-2023,2134.24,2510.87
potato,gujarat,22-04-2023,2044.26,2405.01
potato,gujarat,20-05-2023,2259.38,2658.09
potato,gujarat,17-06-2023,2143.94,2522.28
potato,gujarat,15-07-2023,2246.99,2643.52
potato,gujarat,12-08-2023,2247.28,2643.86
potato,gujarat,09-09-2023,2257.83,2656.27
potato,gujarat,07-10-2023,2206.96,2596.42
potato,gujarat,04-11-2023,2352.72,2767.91
potato,gujarat,02-12-2023,2294.84,2699.81
potato,gujarat,30-12-2023,2058.04,2421.22
potato,gujarat,27-01-2024,2098.73,2469.1
potato,gujarat,24-02-2024,2111.53,2484.15
potato,gujarat,23-03-2024,2194.11,2581.31
potato,gujarat,20-04-2024,2053.54,2415.93
potato,gujarat,18-05-2024,2099.56,2470.07
potato,gujarat,15-06-2024,2235.4,2629.88
potato,gujarat,13-07-2024,2124.02,2498.85
potato,gujarat,10-08-2024,2332.46,2744.07
potato,gujarat,07-09-2024,2316.35,2725.12
potato,gujarat,05-10-2024,2381.73,2802.03
potato,gujarat,02-11-2024,2282.45,2685.24
potato,gujarat,30-11-2024,2453.96,2887.01
potato,gujarat,28-12-2024,1955.97,2301.14
potato,gujarat,25-01-2025,2056.67,2419.61
potato,gujarat,22-02-2025,2031.9,2390.47
potato,gujarat,22-03-2025,2161.57,2543.02
potato,gujarat,19-04-2025,2174.44,2558.16
potato,gujarat,17-05-2025,2217.78,2609.15
potato,gujarat,14-06-2025,2222.56,2614.78
potato,gujarat,12-07-2025,2291.19,2695.52
potato,gujarat,09-08-2025,2180.08,2564.8
potato,gujarat,06-09-2025,2268.13,2668.39
potato,gujarat,04-10-2025,2322.05,2731.82
potato,rajasthan,01-01-2022,2156.91,2537.54
potato,rajasthan,29-01-2022,2230.75,2624.41
potato,rajasthan,26-02-2022,2274.2,2675.53
potato,rajasthan,26-03-2022,2304.3,2710.94
potato,rajasthan,23-04-2022,2258.53,2657.09
potato,rajasthan,21-05-2022,2371.27,2789.73
potato,rajasthan,18-06-2022,2428.87,2857.49
potato,rajasthan,16-07-2022,2394.08,2816.56
potato,rajasthan,13-08-2022,2382.4,2802.82
potato,rajasthan,10-09-2022,2549.48,2999.39
potato,rajasthan,08-10-2022,2471.81,2908.01
potato,rajasthan,05-11-2022,2563.82,3016.26
potato,rajasthan,03-12-2022,2591.33,3048.62
potato,rajasthan,31-12-2022,2292.42,2696.97
potato,rajasthan,28-01-2023,2301.95,2708.18
potato,rajasthan,25-02-2023,2214.45,2605.24
potato,rajasthan,25-03-2023,2386.12,2807.2
potato,rajasthan,22-04-2023,2391.02,2812.97
potato,rajasthan,20-05-2023,2505.0,2947.06
potato,rajasthan,17-06-2023,2412.72,2838.5
potato,rajasthan,15-07-2023,2490.84,2930.4
potato,rajasthan,12-08-2023,2580.06,3035.36
potato,rajasthan,09-09-2023,2622.42,3085.2
potato,rajasthan,07-10-2023,2475.04,2911.81
potato,rajasthan,04-11-2023,2584.74,3040.87
potato,rajasthan,02-12-2023,2537.51,2985.31
potato,rajasthan,30-12-2023,2254.11,2651.89
potato,rajasthan,27-01-2024,2389.13,2810.74
potato,rajasthan,24-02-2024,2270.81,2671.54
potato,rajasthan,23-03-2024,2246.16,2642.54
potato,rajasthan,20-04-2024,2375.37,2794.55
potato,rajasthan,18-05-2024,2393.34,2815.69
potato,rajasthan,15-06-2024,2448.54,2880.63
potato,rajasthan,13-07-2024,2442.88,2873.98
potato,rajasthan,10-08-2024,2393.62,2816.02
potato,rajasthan,07-09-2024,2528.17,2974.32
potato,rajasthan,05-10-2024,2581.61,3037.19
potato,rajasthan,02-11-2024,2679.45,3152.29
potato,rajasthan,30-11-2024,2456.11,2889.54
potato,rajasthan,28-12-2024,2141.37,2519.26
potato,rajasthan,25-01-2025,2305.0,2711.77
potato,rajasthan,22-02-2025,2216.43,2607.57
potato,rajasthan,22-03-2025,2413.72,2839.67
potato,rajasthan,19-04-2025,2431.3,2860.35
potato,rajasthan,17-05-2025,2507.81,2950.37
potato,rajasthan,14-06-2025,2395.9,2818.71
potato,rajasthan,12-07-2025,2404.09,2828.34
potato,rajasthan,09-08-2025,2487.7,2926.71
potato,rajasthan,06-09-2025,2535.2,2982.59
potato,rajasthan,04-10-2025,2405.27,2829.73
potato,punjab,01-01-2022,1673.81,1969.19
potato,punjab,29-01-2022,1782.8,2097.41
potato,punjab,26-02-2022,1720.15,2023.71
potato,punjab,26-03-2022,1776.41,2089.89
potato,punjab,23-04-2022,1764.93,2076.39
potato,punjab,21-05-2022,1728.13,2033.09
potato,punjab,18-06-2022,1873.43,2204.04
potato,punjab,16-07-2022,1831.08,2154.21
potato,punjab,13-08-2022,1924.17,2263.73
potato,punjab,10-09-2022,1925.36,2265.13
potato,punjab,08-10-2022,1834.0,2157.65
potato,punjab,05-11-2022,1882.85,2215.12
potato,punjab,03-12-2022,1933.98,2275.27
potato,punjab,31-12-2022,1683.45,1980.53
potato,punjab,28-01-2023,1762.41,2073.42
potato,punjab,25-02-2023,1826.86,2149.25
potato,punjab,25-03-2023,1827.98,2150.57
potato,punjab,22-04-2023,1822.73,2144.39
potato,punjab,20-05-2023,1814.54,2134.75
potato,punjab,17-06-2023,1862.65,2191.35
potato,punjab,15-07-2023,1933.55,2274.76
potato,punjab,12-08-2023,1888.9,2222.23
potato,punjab,09-09-2023,1871.9,2202.24
potato,punjab,07-10-2023,1979.29,2328.58
potato,punjab,04-11-2023,1929.24,2269.69
potato,punjab,02-12-2023,2015.04,2370.64
potato,punjab,30-12-2023,1768.52,2080.61
potato,punjab,27-01-2024,1697.76,1997.37
potato,punjab,24-02-2024,1793.32,2109.79
potato,punjab,23-03-2024,1742.47,2049.96
potato,punjab,20-04-2024,1803.01,2121.19
potato,punjab,18-05-2024,1764.87,2076.32
potato,punjab,15-06-2024,1873.37,2203.96
potato,punjab,13-07-2024,1916.33,2254.5
potato,punjab,10-08-2024,1954.97,2299.96
potato,punjab,07-09-2024,1875.42,2206.38
potato,punjab,05-10-2024,2015.02,2370.61
potato,punjab,02-11-2024,1903.25,2239.12
potato,punjab,30-11-2024,1875.09,2205.99
potato,punjab,28-12-2024,1793.93,2110.51
potato,punjab,25-01-2025,1754.44,2064.05
potato,punjab,22-02-2025,1813.93,2134.03
potato,punjab,22-03-2025,1787.81,2103.31
potato,punjab,19-04-2025,1776.72,2090.26
potato,punjab,17-05-2025,1835.21,2159.07
potato,punjab,14-06-2025,1906.31,2242.72
potato,punjab,12-07-2025,1907.4,2244.0
potato,punjab,09-08-2025,1920.58,2259.5
potato,punjab,06-09-2025,1867.98,2197.62
potato,punjab,04-10-2025,1834.49,2158.22
potato,haryana,01-01-2022,1867.08,2196.57
potato,haryana,29-01-2022,1841.32,2166.26
potato,haryana,26-02-2022,1905.02,2241.2
potato,haryana,26-03-2022,2024.85,2382.18
potato,haryana,23-04-2022,1905.16,2241.36
potato,haryana,21-05-2022,1944.89,2288.11
potato,haryana,18-06-2022,1929.57,2270.08
potato,haryana,16-07-2022,2088.58,2457.15
potato,haryana,13-08-2022,2111.07,2483.61
potato,haryana,10-09-2022,2163.17,2544.91
potato,haryana,08-10-2022,2088.79,2457.4
potato,haryana,05-11-2022,2023.0,2380.0
potato,haryana,03-12-2022,2143.47,2521.73
potato,haryana,31-12-2022,1867.65,2197.23
potato,haryana,28-01-2023,1832.35,2155.71
potato,haryana,25-02-2023,1995.32,2347.43
potato,haryana,25-03-2023,1982.56,2332.42
potato,haryana,22-04-2023,1965.46,2312.3
potato,haryana,20-05-2023,2038.78,2398.57
potato,haryana,17-06-2023,1935.81,2277.42
potato,haryana,15-07-2023,2106.22,2477.9
potato,haryana,12-08-2023,2120.17,2494.32
potato,haryana,09-09-2023,2168.29,2550.93
potato,haryana,07-10-2023,2137.72,2514.97
potato,haryana,04-11-2023,2045.89,2406.93
potato,haryana,02-12-2023,2195.41,2582.84
potato,haryana,30-12-2023,1860.05,2188.29
potato,haryana,27-01-2024,1931.34,2272.16
potato,haryana,24-02-2024,1918.5,2257.06
potato,haryana,23-03-2024,1841.44,2166.4
potato,haryana,20-04-2024,2045.59,2406.58
potato,haryana,18-05-2024,2021.23,2377.92
potato,haryana,15-06-2024,2026.34,2383.93
potato,haryana,13-07-2024,1946.86,2290.42
potato,haryana,10-08-2024,2047.2,2408.47
potato,haryana,07-09-2024,1983.02,2332.97
potato,haryana,05-10-2024,2104.92,2476.38
potato,haryana,02-11-2024,2157.67,2538.43
potato,haryana,30-11-2024,2106.93,2478.74
potato,haryana,28-12-2024,1882.12,2214.26
potato,haryana,25-01-2025,1855.41,2182.83
potato,haryana,22-02-2025,1989.29,2340.34
potato,haryana,22-03-2025,1902.82,2238.61
potato,haryana,19-04-2025,1900.53,2235.92
potato,haryana,17-05-2025,1939.8,2282.12
potato,haryana,14-06-2025,1971.11,2318.95
potato,haryana,12-07-2025,2018.75,2375.0
potato,haryana,09-08-2025,1975.47,2324.08
potato,haryana,06-09-2025,2004.45,2358.18
potato,haryana,04-10-2025,2053.05,2415.35
potato,uttarpradesh,01-01-2022,1593.76,1875.01
potato,uttarpradesh,29-01-2022,1596.28,1877.98
potato,uttarpradesh,26-02-2022,1566.34,1842.75
potato,uttarpradesh,26-03-2022,1608.87,1892.79
potato,uttarpradesh,23-04-2022,1622.96,1909.36
potato,uttarpradesh,21-05-2022,1612.65,1897.23
potato,uttarpradesh,18-06-2022,1726.83,2031.56
potato,uttarpradesh,16-07-2022,1674.78,1970.33
potato,uttarpradesh,13-08-2022,1687.33,1985.1
potato,uttarpradesh,10-09-2022,1676.07,1971.85
potato,uttarpradesh,08-10-2022,1790.86,2106.89
potato,uttarpradesh,05-11-2022,1761.57,2072.43
potato,uttarpradesh,03-12-2022,1799.88,2117.5
potato,uttarpradesh,31-12-2022,1516.16,1783.72
potato,uttarpradesh,28-01-2023,1589.38,1869.86
potato,uttarpradesh,25-02-2023,1642.0,1931.77
potato,uttarpradesh,25-03-2023,1568.96,1845.83
potato,uttarpradesh,22-04-2023,1579.21,1857.89
potato,uttarpradesh,20-05-2023,1660.3,1953.3
potato,uttarpradesh,17-06-2023,1637.92,1926.96
potato,uttarpradesh,15-07-2023,1728.34,2033.34
potato,uttarpradesh,12-08-2023,1747.58,2055.98
potato,uttarpradesh,09-09-2023,1810.02,2129.44
potato,uttarpradesh,07-10-2023,1806.1,2124.82
potato,uttarpradesh,04-11-2023,1811.27,2130.9
potato,uttarpradesh,02-12-2023,1776.13,2089.56
potato,uttarpradesh,30-12-2023,1624.38,1911.04
potato,uttarpradesh,27-01-2024,1627.98,1915.27
potato,uttarpradesh,24-02-2024,1641.26,1930.89
potato,uttarpradesh,23-03-2024,1638.79,1927.99
potato,uttarpradesh,20-04-2024,1731.26,2036.78
potato,uttarpradesh,18-05-2024,1715.38,2018.09
potato,uttarpradesh,15-06-2024,1686.43,1984.04
potato,uttarpradesh,13-07-2024,1648.85,1939.82
potato,uttarpradesh,10-08-2024,1785.69,2100.81
potato,uttarpradesh,07-09-2024,1824.65,2146.65
potato,uttarpradesh,05-10-2024,1765.18,2076.68
potato,uttarpradesh,02-11-2024,1782.48,2097.04
potato,uttarpradesh,30-11-2024,1843.47,2168.79
potato,uttarpradesh,28-12-2024,1607.5,1891.18
potato,uttarpradesh,25-01-2025,1588.53,1868.86
potato,uttarpradesh,22-02-2025,1570.39,1847.52
potato,uttarpradesh,22-03-2025,1588.21,1868.48
potato,uttarpradesh,19-04-2025,1712.65,2014.88
potato,uttarpradesh,17-05-2025,1692.16,1990.78
potato,uttarpradesh,14-06-2025,1762.11,2073.07
potato,uttarpradesh,12-07-2025,1693.4,1992.24
potato,uttarpradesh,09-08-2025,1766.08,2077.74
potato,uttarpradesh,06-09-2025,1780.09,2094.22
potato,uttarpradesh,04-10-2025,1821.93,2143.45
potato,madhyapradesh,01-01-2022,2201.96,2590.54
potato,madhyapradesh,29-01-2022,2134.67,2511.38
potato,madhyapradesh,26-02-2022,2261.89,2661.05
potato,madhyapradesh,26-03-2022,2260.98,2659.98
potato,madhyapradesh,23-04-2022,2313.67,2721.97
potato,madhyapradesh,21-05-2022,2272.9,2674.0
potato,madhyapradesh,18-06-2022,2441.58,2872.45
potato,madhyapradesh,16-07-2022,2430.59,2859.52
potato,madhyapradesh,13-08-2022,2342.4,2755.77
potato,madhyapradesh,10-09-2022,2362.96,2779.95
potato,madhyapradesh,08-10-2022,2567.27,3020.32
potato,madhyapradesh,05-11-2022,2590.51,3047.66
potato,madhyapradesh,03-12-2022,2499.16,2940.19
potato,madhyapradesh,31-12-2022,2245.36,2641.6
potato,madhyapradesh,28-01-2023,2305.39,2712.22
potato,madhyapradesh,25-02-2023,2274.91,2676.37
potato,madhyapradesh,25-03-2023,2272.32,2673.32
potato,madhyapradesh,22-04-2023,2302.57,2708.91
potato,madhyapradesh,20-05-2023,2378.68,2798.45
potato,madhyapradesh,17-06-2023,2389.27,2810.91
potato,madhyapradesh,15-07-2023,2519.46,2964.07
potato,madhyapradesh,12-08-2023,2404.79,2829.17
potato,madhyapradesh,09-09-2023,2421.46,2848.78
potato,madhyapradesh,07-10-2023,2566.36,3019.25
potato,madhyapradesh,04-11-2023,2538.74,2986.75
potato,madhyapradesh,02-12-2023,2615.76,3077.37
potato,madhyapradesh,30-12-2023,2197.99,2585.87
potato,madhyapradesh,27-01-2024,2304.25,2710.88
potato,madhyapradesh,24-02-2024,2277.58,2679.51
potato,madhyapradesh,23-03-2024,2234.52,2628.85
potato,madhyapradesh,20-04-2024,2360.45,2777.0
potato,madhyapradesh,18-05-2024,2251.06,2648.31
potato,madhyapradesh,15-06-2024,2480.33,2918.03
potato,madhyapradesh,13-07-2024,2423.32,2850.96
potato,madhyapradesh,10-08-2024,2429.81,2858.6
potato,madhyapradesh,07-09-2024,2483.33,2921.57
potato,madhyapradesh,05-10-2024,2479.03,2916.5
potato,madhyapradesh,02-11-2024,2529.71,2976.13
potato,madhyapradesh,30-11-2024,2625.35,3088.65
potato,madhyapradesh,28-12-2024,2140.66,2518.42
potato,madhyapradesh,25-01-2025,2342.01,2755.3
potato,madhyapradesh,22-02-2025,2169.9,2552.82
potato,madhyapradesh,22-03-2025,2205.28,2594.45
potato,madhyapradesh,19-04-2025,2395.62,2818.38
potato,madhyapradesh,17-05-2025,2414.05,2840.06
potato,madhyapradesh,14-06-2025,2349.08,2763.62
potato,madhyapradesh,12-07-2025,2404.1,2828.35
potato,madhyapradesh,09-08-2025,2472.03,2908.27
potato,madhyapradesh,06-09-2025,2359.91,2776.36
potato,madhyapradesh,04-10-2025,2567.14,3020.17
potato,westbengal,01-01-2022,2305.23,2712.03
potato,westbengal,29-01-2022,2274.05,2675.35
potato,westbengal,26-02-2022,2157.63,2538.39
potato,westbengal,26-03-2022,2217.58,2608.92
potato,westbengal,23-04-2022,2244.82,2640.97
potato,westbengal,21-05-2022,2361.43,2778.15
potato,westbengal,18-06-2022,2355.51,2771.19
potato,westbengal,16-07-2022,2428.13,2856.62
potato,westbengal,13-08-2022,2362.83,2779.8
potato,westbengal,10-09-2022,2509.37,2952.2
potato,westbengal,08-10-2022,2446.56,2878.31
potato,westbengal,05-11-2022,2537.62,2985.44
potato,westbengal,03-12-2022,2652.82,3120.97
potato,westbengal,31-12-2022,2172.56,2555.95
potato,westbengal,28-01-2023,2342.97,2756.43
potato,westbengal,25-02-2023,2256.32,2654.5
potato,westbengal,25-03-2023,2409.72,2834.97
potato,westbengal,22-04-2023,2290.2,2694.35
potato,westbengal,20-05-2023,2257.39,2655.75
potato,westbengal,17-06-2023,2264.56,2664.19
potato,westbengal,15-07-2023,2526.55,2972.41
potato,westbengal,12-08-2023,2413.64,2839.58
potato,westbengal,09-09-2023,2372.84,2791.58
potato,westbengal,07-10-2023,2440.98,2871.74
potato,westbengal,04-11-2023,2486.96,2925.83
potato,westbengal,02-12-2023,2560.01,3011.78
potato,westbengal,30-12-2023,2116.85,2490.41
potato,westbengal,27-01-2024,2289.13,2693.09
potato,westbengal,24-02-2024,2343.99,2757.64
potato,westbengal,23-03-2024,2266.43,2666.39
potato,westbengal,20-04-2024,2410.47,2835.85
potato,westbengal,18-05-2024,2440.15,2870.77
potato,westbengal,15-06-2024,2318.66,2727.83
potato,westbengal,13-07-2024,2458.07,2891.85
potato,westbengal,10-08-2024,2411.23,2836.74
potato,westbengal,07-09-2024,2419.81,2846.83
potato,westbengal,05-10-2024,2463.06,2897.72
potato,westbengal,02-11-2024,2490.07,2929.49
potato,westbengal,30-11-2024,2559.05,3010.65
potato,westbengal,28-12-2024,2251.87,2649.26
potato,westbengal,25-01-2025,2237.87,2632.79
potato,westbengal,22-02-2025,2200.34,2588.63
potato,westbengal,22-03-2025,2272.26,2673.25
potato,westbengal,19-04-2025,2425.19,2853.16
potato,westbengal,17-05-2025,2434.1,2863.65
potato,westbengal,14-06-2025,2299.37,2705.14
potato,westbengal,12-07-2025,2529.21,2975.54
potato,westbengal,09-08-2025,2478.44,2915.81
potato,westbengal,06-09-2025,2374.49,2793.52
potato,westbengal,04-10-2025,2385.54,2806.52
potato,bihar,01-01-2022,1609.59,1893.64
potato,bihar,29-01-2022,1592.26,1873.25
potato,bihar,26-02-2022,1603.81,1886.84
potato,bihar,26-03-2022,1713.75,2016.18
potato,bihar,23-04-2022,1584.65,1864.29
potato,bihar,21-05-2022,1696.75,1996.18
potato,bihar,18-06-2022,1678.36,1974.54
potato,bihar,16-07-2022,1704.71,2005.54
potato,bihar,13-08-2022,1781.92,2096.38
potato,bihar,10-09-2022,1769.82,2082.14
potato,bihar,08-10-2022,1758.01,2068.25
potato,bihar,05-11-2022,1733.47,2039.38
potato,bihar,03-12-2022,1812.17,2131.96
potato,bihar,31-12-2022,1582.94,1862.28
potato,bihar,28-01-2023,1586.41,1866.37
potato,bihar,25-02-2023,1590.67,1871.38
potato,bihar,25-03-2023,1582.33,1861.57
potato,bihar,22-04-2023,1670.6,1965.41
potato,bihar,20-05-2023,1685.99,1983.52
potato,bihar,17-06-2023,1751.3,2060.35
potato,bihar,15-07-2023,1667.16,1961.37
potato,bihar,12-08-2023,1732.18,2037.86
potato,bihar,09-09-2023,1735.91,2042.25
potato,bihar,07-10-2023,1779.35,2093.35
potato,bihar,04-11-2023,1766.99,2078.81
potato,bihar,02-12-2023,1897.04,2231.81
potato,bihar,30-12-2023,1585.47,1865.26
potato,bihar,27-01-2024,1627.04,1914.17
potato,bihar,24-02-2024,1551.59,1825.4
potato,bihar,23-03-2024,1630.65,1918.41
potato,bihar,20-04-2024,1684.8,1982.12
potato,bihar,18-05-2024,1613.08,1897.74
potato,bihar,15-06-2024,1731.75,2037.35
potato,bihar,13-07-2024,1795.04,2111.81
potato,bihar,10-08-2024,1815.65,2136.06
potato,bihar,07-09-2024,1800.38,2118.09
potato,bihar,05-10-2024,1764.96,2076.42
potato,bihar,02-11-2024,1715.28,2017.98
potato,bihar,30-11-2024,1881.05,2213.0
potato,bihar,28-12-2024,1509.93,1776.39
potato,bihar,25-01-2025,1589.99,1870.58
potato,bihar,22-02-2025,1653.03,1944.74
potato,bihar,22-03-2025,1708.88,2010.45
potato,bihar,19-04-2025,1583.56,1863.01
potato,bihar,17-05-2025,1695.32,1994.49
potato,bihar,14-06-2025,1743.05,2050.65
potato,bihar,12-07-2025,1680.14,1976.63
potato,bihar,09-08-2025,1654.43,1946.39
potato,bihar,06-09-2025,1724.12,2028.38
potato,bihar,04-10-2025,1820.5,2141.77
potato,odisha,01-01-2022,1910.5,2247.65
potato,odisha,29-01-2022,1925.95,2265.82
potato,odisha,26-02-2022,2001.42,2354.61
potato,odisha,26-03-2022,1963.86,2310.42
potato,odisha,23-04-2022,2095.56,2465.37
potato,odisha,21-05-2022,2087.55,2455.94
potato,odisha,18-06-2022,2007.67,2361.96
potato,odisha,16-07-2022,1978.3,2327.41
potato,odisha,13-08-2022,2187.24,2573.22
potato,odisha,10-09-2022,2175.24,2559.11
potato,odisha,08-10-2022,2194.82,2582.14
potato,odisha,05-11-2022,2183.73,2569.09
potato,odisha,03-12-2022,2097.49,2467.64
potato,odisha,31-12-2022,1902.97,2238.79
potato,odisha,28-01-2023,1867.96,2197.6
potato,odisha,25-02-2023,1868.0,2197.65
potato,odisha,25-03-2023,2076.56,2443.01
potato,odisha,22-04-2023,2065.18,2429.62
potato,odisha,20-05-2023,2052.3,2414.47
potato,odisha,17-06-2023,2007.18,2361.39
potato,odisha,15-07-2023,1988.08,2338.92
potato,odisha,12-08-2023,2099.68,2470.21
potato,odisha,09-09-2023,2196.89,2584.58
potato,odisha,07-10-2023,2098.43,2468.74
potato,odisha,04-11-2023,2090.18,2459.03
potato,odisha,02-12-2023,2145.66,2524.31
potato,odisha,30-12-2023,1976.37,2325.14
potato,odisha,27-01-2024,1838.04,2162.4
potato,odisha,24-02-2024,1879.72,2211.44
potato,odisha,23-03-2024,1915.08,2253.04
potato,odisha,20-04-2024,2021.68,2378.45
potato,odisha,18-05-2024,1956.38,2301.62
potato,odisha,15-06-2024,2039.96,2399.95
potato,odisha,13-07-2024,2138.57,2515.96
potato,odisha,10-08-2024,2048.4,2409.88
potato,odisha,07-09-2024,2164.92,2546.96
potato,odisha,05-10-2024,2142.87,2521.02
potato,odisha,02-11-2024,2234.87,2629.26
potato,odisha,30-11-2024,2273.12,2674.26
potato,odisha,28-12-2024,1878.1,2209.53
potato,odisha,25-01-2025,1851.61,2178.36
potato,odisha,22-02-2025,1886.28,2219.15
potato,odisha,22-03-2025,2065.39,2429.87
potato,odisha,19-04-2025,1934.01,2275.31
potato,odisha,17-05-2025,2026.27,2383.85
potato,odisha,14-06-2025,2152.13,2531.92
potato,odisha,12-07-2025,2130.8,2506.82
potato,odisha,09-08-2025,2043.51,2404.13
potato,odisha,06-09-2025,2109.61,2481.89
potato,odisha,04-10-2025,2175.63,2559.57
cotton,karnataka,01-01-2022,4486.25,5277.94
cotton,karnataka,29-01-2022,4369.44,5140.52
cotton,karnataka,26-02-2022,4556.8,5360.94
cotton,karnataka,26-03-2022,4663.75,5486.76
cotton,karnataka,23-04-2022,4425.51,5206.48
cotton,karnataka,21-05-2022,4502.13,5296.62
cotton,karnataka,18-06-2022,4663.89,5486.93
cotton,karnataka,16-07-2022,4671.61,5496.01
cotton,karnataka,13-08-2022,4939.63,5811.33
cotton,karnataka,10-09-2022,4998.71,5880.84
cotton,karnataka,08-10-2022,4946.35,5819.24
cotton,karnataka,05-11-2022,4925.08,5794.21
cotton,karnataka,03-12-2022,5143.3,6050.94
cotton,karnataka,31-12-2022,4372.38,5143.98
cotton,karnataka,28-01-2023,4280.71,5036.13
cotton,karnataka,25-02-2023,4659.24,5481.46
cotton,karnataka,25-03-2023,4325.57,5088.91
cotton,karnataka,22-04-2023,4798.85,5645.71
cotton,karnataka,20-05-2023,4633.09,5450.69
cotton,karnataka,17-06-2023,4795.7,5642.0
cotton,karnataka,15-07-2023,4986.37,5866.32
cotton,karnataka,12-08-2023,4909.12,5775.44
cotton,karnataka,09-09-2023,4651.85,5472.77
cotton,karnataka,07-10-2023,5136.26,6042.66
cotton,karnataka,04-11-2023,5053.51,5945.3
cotton,karnataka,02-12-2023,5269.58,6199.51
cotton,karnataka,30-12-2023,4353.61,5121.9
cotton,karnataka,27-01-2024,4623.74,5439.69
cotton,karnataka,24-02-2024,4653.89,5475.16
cotton,karnataka,23-03-2024,4472.51,5261.78
cotton,karnataka,20-04-2024,4495.05,5288.29
cotton,karnataka,18-05-2024,4469.84,5258.64
cotton,karnataka,15-06-2024,4784.32,5628.61
cotton,karnataka,13-07-2024,4714.4,5546.35
cotton,karnataka,10-08-2024,4952.64,5826.64
cotton,karnataka,07-09-2024,4997.09,5878.93
cotton,karnataka,05-10-2024,5045.85,5936.29
cotton,karnataka,02-11-2024,5029.23,5916.74
cotton,karnataka,30-11-2024,4885.94,5748.16
cotton,karnataka,28-12-2024,4312.25,5073.23
cotton,karnataka,25-01-2025,4522.65,5320.76
cotton,karnataka,22-02-2025,4349.07,5116.55
cotton,karnataka,22-03-2025,4569.21,5375.54
cotton,karnataka,19-04-2025,4681.77,5507.96
cotton,karnataka,17-05-2025,4811.38,5660.45
cotton,karnataka,14-06-2025,4481.66,5272.54
cotton,karnataka,12-07-2025,4574.53,5381.8
cotton,karnataka,09-08-2025,4630.0,5447.06
cotton,karnataka,06-09-2025,4849.28,5705.04
cotton,karnataka,04-10-2025,4791.99,5637.63
cotton,tamilnadu,01-01-2022,4380.75,5153.82
cotton,tamilnadu,29-01-2022,4357.89,5126.93
cotton,tamilnadu,26-02-2022,4443.19,5227.28
cotton,tamilnadu,26-03-2022,4894.19,5757.87
cotton,tamilnadu,23-04-2022,4819.27,5669.73
cotton,tamilnadu,21-05-2022,4962.41,5838.13
cotton,tamilnadu,18-06-2022,5076.55,5972.41
cotton,tamilnadu,16-07-2022,4981.95,5861.12
cotton,tamilnadu,13-08-2022,5073.89,5969.28
cotton,tamilnadu,10-09-2022,4835.81,5689.19
cotton,tamilnadu,08-10-2022,5264.41,6193.42
cotton,tamilnadu,05-11-2022,4949.38,5822.8
cotton,tamilnadu,03-12-2022,5277.23,6208.51
cotton,tamilnadu,31-12-2022,4700.19,5529.64
cotton,tamilnadu,28-01-2023,4606.07,5418.91
cotton,tamilnadu,25-02-2023,4848.61,5704.25
cotton,tamilnadu,25-03-2023,4874.26,5734.42
cotton,tamilnadu,22-04-2023,4837.8,5691.53
cotton,tamilnadu,20-05-2023,4682.9,5509.3
cotton,tamilnadu,17-06-2023,4841.67,5696.08
cotton,tamilnadu,15-07-2023,5128.43,6033.45
cotton,tamilnadu,12-08-2023,5039.45,5928.76
cotton,tamilnadu,09-09-2023,5239.32,6163.91
cotton,tamilnadu,07-10-2023,4969.55,5846.53
cotton,tamilnadu,04-11-2023,5102.07,6002.43
cotton,tamilnadu,02-12-2023,5405.57,6359.5
cotton,tamilnadu,30-12-2023,4641.43,5460.51
cotton,tamilnadu,27-01-2024,4495.03,5288.27
cotton,tamilnadu,24-02-2024,4475.63,5265.45
cotton,tamilnadu,23-03-2024,4488.85,5281.0
cotton,tamilnadu,20-04-2024,4876.45,5737.0
cotton,tamilnadu,18-05-2024,4745.07,5582.43
cotton,tamilnadu,15-06-2024,4776.42,5619.32
cotton,tamilnadu,13-07-2024,4697.9,5526.94
cotton,tamilnadu,10-08-2024,5196.93,6114.03
cotton,tamilnadu,07-09-2024,4908.55,5774.76
cotton,tamilnadu,05-10-2024,5053.01,5944.72
cotton,tamilnadu,02-11-2024,5135.34,6041.58
cotton,tamilnadu,30-11-2024,5418.66,6374.9
cotton,tamilnadu,28-12-2024,4569.31,5375.66
cotton,tamilnadu,25-01-2025,4428.7,5210.23
cotton,tamilnadu,22-02-2025,4628.53,5445.33
cotton,tamilnadu,22-03-2025,4521.62,5319.55
cotton,tamilnadu,19-04-2025,4872.46,5732.31
cotton,tamilnadu,17-05-2025,4666.13,5489.56
cotton,tamilnadu,14-06-2025,4927.35,5796.88
cotton,tamilnadu,12-07-2025,5116.86,6019.83
cotton,tamilnadu,09-08-2025,5077.53,5973.57
cotton,tamilnadu,06-09-2025,4827.42,5679.32
cotton,tamilnadu,04-10-2025,4866.12,5724.85
cotton,andhrapradesh,01-01-2022,4933.82,5804.49
cotton,andhrapradesh,29-01-2022,5095.41,5994.6
cotton,andhrapradesh,26-02-2022,5391.9,6343.41
cotton,andhrapradesh,26-03-2022,5065.05,5958.88
cotton,andhrapradesh,23-04-2022,5387.05,6337.7
cotton,andhrapradesh,21-05-2022,5608.32,6598.02
cotton,andhrapradesh,18-06-2022,5528.26,6503.83
cotton,andhrapradesh,16-07-2022,5373.34,6321.58
cotton,andhrapradesh,13-08-2022,5676.3,6678.0
cotton,andhrapradesh,10-09-2022,5855.81,6889.19
cotton,andhrapradesh,08-10-2022,5733.68,6745.51
cotton,andhrapradesh,05-11-2022,5763.18,6780.21
cotton,andhrapradesh,03-12-2022,6073.36,7145.13
cotton,andhrapradesh,31-12-2022,5055.3,5947.41
cotton,andhrapradesh,28-01-2023,5090.38,5988.68
cotton,andhrapradesh,25-02-2023,5364.69,6311.4
cotton,andhrapradesh,25-03-2023,5396.85,6349.23
cotton,andhrapradesh,22-04-2023,5464.11,6428.36
cotton,andhrapradesh,20-05-2023,5397.19,6349.63
cotton,andhrapradesh,17-06-2023,5168.59,6080.7
cotton,andhrapradesh,15-07-2023,5751.72,6766.73
cotton,andhrapradesh,12-08-2023,5741.92,6755.2
cotton,andhrapradesh,09-09-2023,5617.99,6609.4
cotton,andhrapradesh,07-10-2023,5729.48,6740.56
cotton,andhrapradesh,04-11-2023,6004.66,7064.31
cotton,andhrapradesh,02-12-2023,5735.37,6747.49
cotton,andhrapradesh,30-12-2023,5152.03,6061.21
cotton,andhrapradesh,27-01-2024,5072.22,5967.32
cotton,andhrapradesh,24-02-2024,5254.85,6182.18
cotton,andhrapradesh,23-03-2024,5490.23,6459.09
cotton,andhrapradesh,20-04-2024,5095.04,5994.16
cotton,andhrapradesh,18-05-2024,5394.23,6346.15
cotton,andhrapradesh,15-06-2024,5689.42,6693.43
cotton,andhrapradesh,13-07-2024,5271.02,6201.2
cotton,andhrapradesh,10-08-2024,5542.51,6520.6
cotton,andhrapradesh,07-09-2024,5778.08,6797.74
cotton,andhrapradesh,05-10-2024,5775.32,6794.49
cotton,andhrapradesh,02-11-2024,5568.24,6550.87
cotton,andhrapradesh,30-11-2024,5549.45,6528.77
cotton,andhrapradesh,28-12-2024,5001.41,5884.01
cotton,andhrapradesh,25-01-2025,4964.83,5840.98
cotton,andhrapradesh,22-02-2025,5287.84,6220.99
cotton,andhrapradesh,22-03-2025,5457.49,6420.58
cotton,andhrapradesh,19-04-2025,5381.89,6331.63
cotton,andhrapradesh,17-05-2025,5299.95,6235.24
cotton,andhrapradesh,14-06-2025,5212.95,6132.88
cotton,andhrapradesh,12-07-2025,5574.91,6558.72
cotton,andhrapradesh,09-08-2025,5695.93,6701.09
cotton,andhrapradesh,06-09-2025,5425.44,6382.87
cotton,andhrapradesh,04-10-2025,5516.53,6490.04
cotton,telangana,01-01-2022,5388.12,6338.96
cotton,telangana,29-01-2022,5399.27,6352.08
cotton,telangana,26-02-2022,5232.57,6155.96
cotton,telangana,26-03-2022,5560.73,6542.04
cotton,telangana,23-04-2022,5497.1,6467.18
cotton,telangana,21-05-2022,5690.71,6694.95
cotton,telangana,18-06-2022,5929.85,6976.29
cotton,telangana,16-07-2022,5775.22,6794.38
cotton,telangana,13-08-2022,6162.36,7249.83
cotton,telangana,10-09-2022,5662.94,6662.28
cotton,telangana,08-10-2022,5737.86,6750.42
cotton,telangana,05-11-2022,6245.72,7347.91
cotton,telangana,03-12-2022,5857.01,6890.6
cotton,telangana,31-12-2022,5134.67,6040.79
cotton,telangana,28-01-2023,5571.09,6554.22
cotton,telangana,25-02-2023,5563.23,6544.98
cotton,telangana,25-03-2023,5515.22,6488.49
cotton,telangana,22-04-2023,5704.68,6711.39
cotton,telangana,20-05-2023,5883.72,6922.02
cotton,telangana,17-06-2023,5536.62,6513.67
cotton,telangana,15-07-2023,5850.7,6883.18
cotton,telangana,12-08-2023,6120.65,7200.77
cotton,telangana,09-09-2023,5662.84,6662.16
cotton,telangana,07-10-2023,5789.22,6810.85
cotton,telangana,04-11-2023,6164.4,7252.24
cotton,telangana,02-12-2023,6119.94,7199.93
cotton,telangana,30-12-2023,5561.66,6543.13
cotton,telangana,27-01-2024,5159.59,6070.11
cotton,telangana,24-02-2024,5581.82,6566.85
cotton,telangana,23-03-2024,5333.66,6274.89
cotton,telangana,20-04-2024,5421.17,6377.85
cotton,telangana,18-05-2024,5416.23,6372.03
cotton,telangana,15-06-2024,5627.5,6620.59
cotton,telangana,13-07-2024,5975.13,7029.56
cotton,telangana,10-08-2024,5845.51,6877.07
cotton,telangana,07-09-2024,5742.29,6755.64
cotton,telangana,05-10-2024,6059.09,7128.34
cotton,telangana,02-11-2024,6263.96,7369.36
cotton,telangana,30-11-2024,5895.99,6936.46
cotton,telangana,28-12-2024,5336.97,6278.79
cotton,telangana,25-01-2025,5566.79,6549.17
cotton,telangana,22-02-2025,5318.79,6257.4
cotton,telangana,22-03-2025,5706.89,6713.99
cotton,telangana,19-04-2025,5563.51,6545.31
cotton,telangana,17-05-2025,5848.14,6880.16
cotton,telangana,14-06-2025,6014.74,7076.16
cotton,telangana,12-07-2025,5908.2,6950.82
cotton,telangana,09-08-2025,5768.04,6785.93
cotton,telangana,06-09-2025,6220.39,7318.1
cotton,telangana,04-10-2025,6050.04,7117.69
cotton,kerala,01-01-2022,4388.37,5162.79
cotton,kerala,29-01-2022,4424.49,5205.28
cotton,kerala,26-02-2022,4466.44,5254.63
cotton,kerala,26-03-2022,4445.41,5229.9
cotton,kerala,23-04-2022,4384.05,5157.71
cotton,kerala,21-05-2022,4339.28,5105.03
cotton,kerala,18-06-2022,4399.57,5175.97
cotton,kerala,16-07-2022,4577.08,5384.8
cotton,kerala,13-08-2022,4760.86,5601.01
cotton,kerala,10-09-2022,4747.39,5585.16
cotton,kerala,08-10-2022,4745.83,5583.33
cotton,kerala,05-11-2022,5033.61,5921.89
cotton,kerala,03-12-2022,4656.85,5478.65
cotton,kerala,31-12-2022,4075.7,4794.94
cotton,kerala,28-01-2023,4447.81,5232.72
cotton,kerala,25-02-2023,4400.38,5176.92
cotton,kerala,25-03-2023,4526.71,5325.54
cotton,kerala,22-04-2023,4241.47,4989.96
cotton,kerala,20-05-2023,4504.46,5299.36
cotton,kerala,17-06-2023,4338.03,5103.56
cotton,kerala,15-07-2023,4468.25,5256.77
cotton,kerala,12-08-2023,4477.37,5267.49
cotton,kerala,09-09-2023,4793.83,5639.8
cotton,kerala,07-10-2023,4959.88,5835.15
cotton,kerala,04-11-2023,4787.63,5632.51
cotton,kerala,02-12-2023,5031.09,5918.93
cotton,kerala,30-12-2023,4361.26,5130.89
cotton,kerala,27-01-2024,4381.18,5154.33
cotton,kerala,24-02-2024,4223.59,4968.93
cotton,kerala,23-03-2024,4465.99,5254.11
cotton,kerala,20-04-2024,4467.66,5256.07
cotton,kerala,18-05-2024,4470.65,5259.59
cotton,kerala,15-06-2024,4763.2,5603.77
cotton,kerala,13-07-2024,4667.27,5490.91
cotton,kerala,10-08-2024,4453.31,5239.19
cotton,kerala,07-09-2024,4571.05,5377.71
cotton,kerala,05-10-2024,4775.07,5617.73
cotton,kerala,02-11-2024,5045.49,5935.87
cotton,kerala,30-11-2024,4943.12,5815.44
cotton,kerala,28-12-2024,4365.51,5135.89
cotton,kerala,25-01-2025,4233.09,4980.11
cotton,kerala,22-02-2025,4135.87,4865.73
cotton,kerala,22-03-2025,4287.98,5044.68
cotton,kerala,19-04-2025,4286.88,5043.39
cotton,kerala,17-05-2025,4523.95,5322.3
cotton,kerala,14-06-2025,4378.79,5151.52
cotton,kerala,12-07-2025,4552.5,5355.88
cotton,kerala,09-08-2025,4791.14,5636.63
cotton,kerala,06-09-2025,4740.93,5577.56
cotton,kerala,04-10-2025,4641.08,5460.09
cotton,maharashtra,01-01-2022,5520.01,6494.13
cotton,maharashtra,29-01-2022,5378.22,6327.32
cotton,maharashtra,26-02-2022,5398.43,6351.09
cotton,maharashtra,26-03-2022,5803.96,6828.19
cotton,maharashtra,23-04-2022,5810.22,6835.55
cotton,maharashtra,21-05-2022,6042.8,7109.18
cotton,maharashtra,18-06-2022,5825.16,6853.13
cotton,maharashtra,16-07-2022,5716.66,6725.48
cotton,maharashtra,13-08-2022,6077.33,7149.8
cotton,maharashtra,10-09-2022,5767.32,6785.08
cotton,maharashtra,08-10-2022,6199.74,7293.81
cotton,maharashtra,05-11-2022,6046.18,7113.15
cotton,maharashtra,03-12-2022,6205.95,7301.12
cotton,maharashtra,31-12-2022,5343.41,6286.36
cotton,maharashtra,28-01-2023,5669.09,6669.52
cotton,maharashtra,25-02-2023,5712.9,6721.06
cotton,maharashtra,25-03-2023,5379.35,6328.65
cotton,maharashtra,22-04-2023,5841.69,6872.58
cotton,maharashtra,20-05-2023,6017.57,7079.49
cotton,maharashtra,17-06-2023,5650.82,6648.02
cotton,maharashtra,15-07-2023,6076.55,7148.88
cotton,maharashtra,12-08-2023,5966.73,7019.68
cotton,maharashtra,09-09-2023,5811.41,6836.95
cotton,maharashtra,07-10-2023,6352.65,7473.71
cotton,maharashtra,04-11-2023,6315.79,7430.34
cotton,maharashtra,02-12-2023,6304.67,7417.26
cotton,maharashtra,30-12-2023,5338.88,6281.04
cotton,maharashtra,27-01-2024,5335.49,6277.05
cotton,maharashtra,24-02-2024,5667.49,6667.63
cotton,maharashtra,23-03-2024,5538.51,6515.9
cotton,maharashtra,20-04-2024,5863.69,6898.46
cotton,maharashtra,18-05-2024,5671.96,6672.9
cotton,maharashtra,15-06-2024,5605.37,6594.55
cotton,maharashtra,13-07-2024,6048.34,7115.69
cotton,maharashtra,10-08-2024,6196.69,7290.22
cotton,maharashtra,07-09-2024,5968.21,7021.42
cotton,maharashtra,05-10-2024,5940.5,6988.82
cotton,maharashtra,02-11-2024,6161.06,7248.31
cotton,maharashtra,30-11-2024,6237.02,7337.67
cotton,maharashtra,28-12-2024,5645.61,6641.89
cotton,maharashtra,25-01-2025,5305.9,6242.23
cotton,maharashtra,22-02-2025,5807.28,6832.1
cotton,maharashtra,22-03-2025,5611.4,6601.65
cotton,maharashtra,19-04-2025,5640.28,6635.62
cotton,maharashtra,17-05-2025,5562.44,6544.05
cotton,maharashtra,14-06-2025,5968.48,7021.74
cotton,maharashtra,12-07-2025,5985.88,7042.21
cotton,maharashtra,09-08-2025,6259.83,7364.51
cotton,maharashtra,06-09-2025,5863.46,6898.19
cotton,maharashtra,04-10-2025,5883.39,6921.64
cotton,gujarat,01-01-2022,5054.03,5945.92
cotton,gujarat,29-01-2022,5158.22,6068.49
cotton,gujarat,26-02-2022,5609.29,6599.16
cotton,gujarat,26-03-2022,5461.96,6425.84
cotton,gujarat,23-04-2022,5368.12,6315.44
cotton,gujarat,21-05-2022,5528.72,6504.38
cotton,gujarat,18-06-2022,5902.1,6943.65
cotton,gujarat,16-07-2022,5808.05,6833.0
cotton,gujarat,13-08-2022,5982.78,7038.56
cotton,gujarat,10-09-2022,5961.52,7013.55
cotton,gujarat,08-10-2022,6012.64,7073.69
cotton,gujarat,05-11-2022,5813.82,6839.79
cotton,gujarat,03-12-2022,6363.98,7487.03
cotton,gujarat,31-12-2022,5474.52,6440.61
cotton,gujarat,28-01-2023,5131.43,6036.98
cotton,gujarat,25-02-2023,5612.17,6602.55
cotton,gujarat,25-03-2023,5478.77,6445.61
cotton,gujarat,22-04-2023,5825.76,6853.83
cotton,gujarat,20-05-2023,5668.01,6668.25
cotton,gujarat,17-06-2023,5874.02,6910.61
cotton,gujarat,15-07-2023,5621.53,6613.57
cotton,gujarat,12-08-2023,5948.16,6997.84
cotton,gujarat,09-09-2023,6019.25,7081.47
cotton,gujarat,07-10-2023,5795.67,6818.44
cotton,gujarat,04-11-2023,5908.44,6951.1
cotton,gujarat,02-12-2023,6126.52,7207.67
cotton,gujarat,30-12-2023,5493.99,6463.52
cotton,gujarat,27-01-2024,5401.91,6355.19
cotton,gujarat,24-02-2024,5228.52,6151.2
cotton,gujarat,23-03-2024,5525.1,6500.12
cotton,gujarat,20-04-2024,5275.92,6206.96
cotton,gujarat,18-05-2024,5886.28,6925.03
cotton,gujarat,15-06-2024,5421.16,6377.84
cotton,gujarat,13-07-2024,5731.6,6743.06
cotton,gujarat,10-08-2024,5970.6,7024.24
cotton,gujarat,07-09-2024,5606.12,6595.44
cotton,gujarat,05-10-2024,5964.82,7017.44
cotton,gujarat,02-11-2024,5999.8,7058.59
cotton,gujarat,30-11-2024,6259.36,7363.95
cotton,gujarat,28-12-2024,5456.7,6419.65
cotton,gujarat,25-01-2025,5327.33,6267.45
cotton,gujarat,22-02-2025,5278.13,6209.56
cotton,gujarat,22-03-2025,5516.76,6490.31
cotton,gujarat,19-04-2025,5280.0,6211.76
cotton,gujarat,17-05-2025,5746.76,6760.9
cotton,gujarat,14-06-2025,5938.2,6986.12
cotton,gujarat,12-07-2025,5537.34,6514.52
cotton,gujarat,09-08-2025,5695.69,6700.81
cotton,gujarat,06-09-2025,5967.19,7020.22
cotton,gujarat,04-10-2025,5702.96,6709.36
cotton,rajasthan,01-01-2022,4792.79,5638.58
cotton,rajasthan,29-01-2022,5049.78,5940.92
cotton,rajasthan,26-02-2022,5189.46,6105.25
cotton,rajasthan,26-03-2022,5196.52,6113.55
cotton,rajasthan,23-04-2022,4888.02,5750.61
cotton,rajasthan,21-05-2022,5169.61,6081.9
cotton,rajasthan,18-06-2022,5396.87,6349.26
cotton,rajasthan,16-07-2022,5513.91,6486.95
cotton,rajasthan,13-08-2022,5325.11,6264.84
cotton,rajasthan,10-09-2022,5594.56,6581.84
cotton,rajasthan,08-10-2022,5426.71,6384.36
cotton,rajasthan,05-11-2022,5539.08,6516.56
cotton,rajasthan,03-12-2022,5694.86,6699.84
cotton,rajasthan,31-12-2022,5064.35,5958.06
cotton,rajasthan,28-01-2023,4736.7,5572.59
cotton,rajasthan,25-02-2023,5207.26,6126.19
cotton,rajasthan,25-03-2023,4986.38,5866.33
cotton,rajasthan,22-04-2023,4892.28,5755.62
cotton,rajasthan,20-05-2023,5154.59,6064.22
cotton,rajasthan,17-06-2023,5133.09,6038.93
cotton,rajasthan,15-07-2023,5552.12,6531.91
cotton,rajasthan,12-08-2023,5398.81,6351.54
cotton,rajasthan,09-09-2023,5597.08,6584.8
cotton,rajasthan,07-10-2023,5656.11,6654.25
cotton,rajasthan,04-11-2023,5325.98,6265.86
cotton,rajasthan,02-12-2023,5833.93,6863.45
cotton,rajasthan,30-12-2023,5003.44,5886.4
cotton,rajasthan,27-01-2024,4728.84,5563.34
cotton,rajasthan,24-02-2024,5233.25,6156.77
cotton,rajasthan,23-03-2024,5159.69,6070.22
cotton,rajasthan,20-04-2024,5331.21,6272.01
cotton,rajasthan,18-05-2024,4991.04,5871.81
cotton,rajasthan,15-06-2024,5183.43,6098.15
cotton,rajasthan,13-07-2024,5378.34,6327.46
cotton,rajasthan,10-08-2024,5303.73,6239.68
cotton,rajasthan,07-09-2024,5260.41,6188.72
cotton,rajasthan,05-10-2024,5530.27,6506.2
cotton,rajasthan,02-11-2024,5318.22,6256.73
cotton,rajasthan,30-11-2024,5737.54,6750.05
cotton,rajasthan,28-12-2024,4743.85,5581.0
cotton,rajasthan,25-01-2025,5187.35,6102.76
cotton,rajasthan,22-02-2025,4879.2,5740.23
cotton,rajasthan,22-03-2025,4875.15,5735.47
cotton,rajasthan,19-04-2025,5121.05,6024.77
cotton,rajasthan,17-05-2025,5421.12,6377.79
cotton,rajasthan,14-06-2025,5296.14,6230.75
cotton,rajasthan,12-07-2025,5559.03,6540.04
cotton,rajasthan,09-08-2025,5219.98,6141.15
cotton,rajasthan,06-09-2025,5570.19,6553.16
cotton,rajasthan,04-10-2025,5346.99,6290.58
cotton,punjab,01-01-2022,4541.56,5343.01
cotton,punjab,29-01-2022,4792.57,5638.32
cotton,punjab,26-02-2022,4659.52,5481.79
cotton,punjab,26-03-2022,4613.11,5427.19
cotton,punjab,23-04-2022,4806.17,5654.32
cotton,punjab,21-05-2022,4932.92,5803.44
cotton,punjab,18-06-2022,5011.06,5895.37
cotton,punjab,16-07-2022,4864.98,5723.51
cotton,punjab,13-08-2022,5221.03,6142.39
cotton,punjab,10-09-2022,5263.95,6192.88
cotton,punjab,08-10-2022,5246.91,6172.84
cotton,punjab,05-11-2022,5177.89,6091.64
cotton,punjab,03-12-2022,5410.39,6365.17
cotton,punjab,31-12-2022,4789.17,5634.32
cotton,punjab,28-01-2023,4917.39,5785.17
cotton,punjab,25-02-2023,4912.89,5779.87
cotton,punjab,25-03-2023,5036.39,5925.17
cotton,punjab,22-04-2023,4669.68,5493.74
cotton,punjab,20-05-2023,5133.32,6039.2
cotton,punjab,17-06-2023,4976.68,5854.92
cotton,punjab,15-07-2023,4843.48,5698.21
cotton,punjab,12-08-2023,5317.23,6255.57
cotton,punjab,09-09-2023,5062.29,5955.63
cotton,punjab,07-10-2023,5468.53,6433.57
cotton,punjab,04-11-2023,5081.18,5977.86
cotton,punjab,02-12-2023,5225.96,6148.19
cotton,punjab,30-12-2023,4741.37,5578.08
cotton,punjab,27-01-2024,4706.0,5536.47
cotton,punjab,24-02-2024,4944.44,5816.99
cotton,punjab,23-03-2024,4833.71,5686.72
cotton,punjab,20-04-2024,4943.86,5816.31
cotton,punjab,18-05-2024,4837.56,5691.25
cotton,punjab,15-06-2024,5232.41,6155.78
cotton,punjab,13-07-2024,5076.68,5972.57
cotton,punjab,10-08-2024,4925.56,5794.78
cotton,punjab,07-09-2024,5092.45,5991.12
cotton,punjab,05-10-2024,5200.38,6118.09
cotton,punjab,02-11-2024,5364.24,6310.87
cotton,punjab,30-11-2024,5234.28,6157.98
cotton,punjab,28-12-2024,4446.51,5231.19
cotton,punjab,25-01-2025,4882.76,5744.42
cotton,punjab,22-02-2025,4638.16,5456.66
cotton,punjab,22-03-2025,5039.56,5928.9
cotton,punjab,19-04-2025,4952.36,5826.3
cotton,punjab,17-05-2025,4896.11,5760.13
cotton,punjab,14-06-2025,4919.16,5787.25
cotton,punjab,12-07-2025,5129.57,6034.79
cotton,punjab,09-08-2025,5024.91,5911.66
cotton,punjab,06-09-2025,5220.01,6141.19
cotton,punjab,04-10-2025,5332.69,6273.75
cotton,haryana,01-01-2022,5537.28,6514.45
cotton,haryana,29-01-2022,5526.78,6502.09
cotton,haryana,26-02-2022,5496.64,6466.63
cotton,haryana,26-03-2022,5943.25,6992.06
cotton,haryana,23-04-2022,5653.68,6651.39
cotton,haryana,21-05-2022,5773.07,6791.85
cotton,haryana,18-06-2022,5975.05,7029.47
cotton,haryana,16-07-2022,6338.9,7457.53
cotton,haryana,13-08-2022,6288.56,7398.31
cotton,haryana,10-09-2022,5912.5,6955.88
cotton,haryana,08-10-2022,6170.3,7259.18
cotton,haryana,05-11-2022,6303.83,7416.27
cotton,haryana,03-12-2022,6187.63,7279.56
cotton,haryana,31-12-2022,5803.91,6828.13
cotton,haryana,28-01-2023,5756.62,6772.49
cotton,haryana,25-02-2023,5584.12,6569.55
cotton,haryana,25-03-2023,6049.45,7117.0
cotton,haryana,22-04-2023,6043.93,7110.51
cotton,haryana,20-05-2023,6029.1,7093.06
cotton,haryana,17-06-2023,6084.04,7157.69
cotton,haryana,15-07-2023,5844.15,6875.47
cotton,haryana,12-08-2023,5962.89,7015.17
cotton,haryana,09-09-2023,5908.67,6951.38
cotton,haryana,07-10-2023,6147.45,7232.3
cotton,haryana,04-11-2023,6095.23,7170.86
cotton,haryana,02-12-2023,6247.82,7350.38
cotton,haryana,30-12-2023,5392.1,6343.65
cotton,haryana,27-01-2024,5672.44,6673.46
cotton,haryana,24-02-2024,5441.13,6401.33
cotton,haryana,23-03-2024,5670.38,6671.04
cotton,haryana,20-04-2024,5754.3,6769.76
cotton,haryana,18-05-2024,5839.86,6870.42
cotton,haryana,15-06-2024,6008.34,7068.63
cotton,haryana,13-07-2024,5849.67,6881.96
cotton,haryana,10-08-2024,6001.87,7061.02
cotton,haryana,07-09-2024,6453.2,7592.0
cotton,haryana,05-10-2024,6202.52,7297.08
cotton,haryana,02-11-2024,6331.37,7448.67
cotton,haryana,30-11-2024,6174.2,7263.76
cotton,haryana,28-12-2024,5544.4,6522.82
cotton,haryana,25-01-2025,5535.87,6512.79
cotton,haryana,22-02-2025,5423.78,6380.92
cotton,haryana,22-03-2025,5913.88,6957.5
cotton,haryana,19-04-2025,6123.59,7204.22
cotton,haryana,17-05-2025,5815.22,6841.44
cotton,haryana,14-06-2025,6107.43,7185.21
cotton,haryana,12-07-2025,6038.14,7103.69
cotton,haryana,09-08-2025,5994.68,7052.57
cotton,haryana,06-09-2025,6467.8,7609.18
cotton,haryana,04-10-2025,6563.31,7721.54
cotton,uttarpradesh,01-01-2022,4885.76,5747.95
cotton,uttarpradesh,29-01-2022,5161.11,6071.9
cotton,uttarpradesh,26-02-2022,5402.05,6355.35
cotton,uttarpradesh,26-03-2022,5223.6,6145.41
cotton,uttarpradesh,23-04-2022,5417.76,6373.84
cotton,uttarpradesh,21-05-2022,5504.99,6476.46
cotton,uttarpradesh,18-06-2022,5661.37,6660.44
cotton,uttarpradesh,16-07-2022,5308.16,6244.89
cotton,uttarpradesh,13-08-2022,5598.27,6586.2
cotton,uttarpradesh,10-09-2022,5524.95,6499.94
cotton,uttarpradesh,08-10-2022,5640.2,6635.53
cotton,uttarpradesh,05-11-2022,5955.74,7006.75
cotton,uttarpradesh,03-12-2022,5791.13,6813.09
cotton,uttarpradesh,31-12-2022,4858.1,5715.41
cotton,uttarpradesh,28-01-2023,4899.5,5764.12
cotton,uttarpradesh,25-02-2023,5264.19,6193.17
cotton,uttarpradesh,25-03-2023,5297.85,6232.76
cotton,uttarpradesh,22-04-2023,5169.44,6081.7
cotton,uttarpradesh,20-05-2023,5614.77,6605.61
cotton,uttarpradesh,17-06-2023,5322.65,6261.94
cotton,uttarpradesh,15-07-2023,5243.79,6169.17
cotton,uttarpradesh,12-08-2023,5591.28,6577.98
cotton,uttarpradesh,09-09-2023,5602.33,6590.98
cotton,uttarpradesh,07-10-2023,5793.96,6816.42
cotton,uttarpradesh,04-11-2023,5521.76,6496.19
cotton,uttarpradesh,02-12-2023,5829.44,6858.17
cotton,uttarpradesh,30-12-2023,4909.74,5776.17
cotton,uttarpradesh,27-01-2024,5034.22,5922.61
cotton,uttarpradesh,24-02-2024,5245.38,6171.04
cotton,uttarpradesh,23-03-2024,5486.98,6455.27
cotton,uttarpradesh,20-04-2024,5534.37,6511.02
cotton,uttarpradesh,18-05-2024,5305.61,6241.89
cotton,uttarpradesh,15-06-2024,5251.89,6178.7
cotton,uttarpradesh,13-07-2024,5701.55,6707.7
cotton,uttarpradesh,10-08-2024,5497.27,6467.38
cotton,uttarpradesh,07-09-2024,5561.42,6542.85
cotton,uttarpradesh,05-10-2024,5573.57,6557.14
cotton,uttarpradesh,02-11-2024,5673.8,6675.06
cotton,uttarpradesh,30-11-2024,6100.63,7177.21
cotton,uttarpradesh,28-12-2024,5254.05,6181.24
cotton,uttarpradesh,25-01-2025,4916.2,5783.76
cotton,uttarpradesh,22-02-2025,5309.12,6246.02
cotton,uttarpradesh,22-03-2025,5224.7,6146.71
cotton,uttarpradesh,19-04-2025,5579.11,6563.66
cotton,uttarpradesh,17-05-2025,5543.76,6522.07
cotton,uttarpradesh,14-06-2025,5328.48,6268.8
cotton,uttarpradesh,12-07-2025,5675.03,6676.51
cotton,uttarpradesh,09-08-2025,5831.88,6861.03
cotton,uttarpradesh,06-09-2025,5590.15,6576.65
cotton,uttarpradesh,04-10-2025,5922.05,6967.12
cotton,madhyapradesh,01-01-2022,4286.79,5043.28
cotton,madhyapradesh,29-01-2022,4124.65,4852.53
cotton,madhyapradesh,26-02-2022,4228.48,4974.68
cotton,madhyapradesh,26-03-2022,4397.58,5173.62
cotton,madhyapradesh,23-04-2022,4625.76,5442.07
cotton,madhyapradesh,21-05-2022,4734.5,5570.0
cotton,madhyapradesh,18-06-2022,4369.61,5140.72
cotton,madhyapradesh,16-07-2022,4833.41,5686.37
cotton,madhyapradesh,13-08-2022,4793.53,5639.45
cotton,madhyapradesh,10-09-2022,4532.3,5332.12
cotton,madhyapradesh,08-10-2022,4736.57,5572.44
cotton,madhyapradesh,05-11-2022,5033.14,5921.34
cotton,madhyapradesh,03-12-2022,4844.11,5698.95
cotton,madhyapradesh,31-12-2022,4273.46,5027.6
cotton,madhyapradesh,28-01-2023,4393.21,5168.48
cotton,madhyapradesh,25-02-2023,4466.94,5255.22
cotton,madhyapradesh,25-03-2023,4248.7,4998.47
cotton,madhyapradesh,22-04-2023,4321.68,5084.33
cotton,madhyapradesh,20-05-2023,4461.41,5248.72
cotton,madhyapradesh,17-06-2023,4592.41,5402.83
cotton,madhyapradesh,15-07-2023,4409.29,5187.4
cotton,madhyapradesh,12-08-2023,4826.31,5678.01
cotton,madhyapradesh,09-09-2023,4884.99,5747.05
cotton,madhyapradesh,07-10-2023,4686.13,5513.09
cotton,madhyapradesh,04-11-2023,4861.51,5719.42
cotton,madhyapradesh,02-12-2023,4868.02,5727.08
cotton,madhyapradesh,30-12-2023,4048.65,4763.12
cotton,madhyapradesh,27-01-2024,4088.66,4810.19
cotton,madhyapradesh,24-02-2024,4252.39,5002.81
cotton,madhyapradesh,23-03-2024,4609.82,5423.32
cotton,madhyapradesh,20-04-2024,4610.91,5424.6
cotton,madhyapradesh,18-05-2024,4502.4,5296.94
cotton,madhyapradesh,15-06-2024,4638.06,5456.54
cotton,madhyapradesh,13-07-2024,4802.27,5649.73
cotton,madhyapradesh,10-08-2024,4635.11,5453.07
cotton,madhyapradesh,07-09-2024,4723.0,5556.47
cotton,madhyapradesh,05-10-2024,4869.63,5728.98
cotton,madhyapradesh,02-11-2024,4709.5,5540.59
cotton,madhyapradesh,30-11-2024,4699.9,5529.29
cotton,madhyapradesh,28-12-2024,4155.06,4888.31
cotton,madhyapradesh,25-01-2025,4515.45,5312.29
cotton,madhyapradesh,22-02-2025,4167.03,4902.39
cotton,madhyapradesh,22-03-2025,4517.04,5314.16
cotton,madhyapradesh,19-04-2025,4497.95,5291.71
cotton,madhyapradesh,17-05-2025,4544.4,5346.35
cotton,madhyapradesh,14-06-2025,4736.06,5571.83
cotton,madhyapradesh,12-07-2025,4679.96,5505.84
cotton,madhyapradesh,09-08-2025,4662.63,5485.45
cotton,madhyapradesh,06-09-2025,4818.66,5669.01
cotton,madhyapradesh,04-10-2025,4598.02,5409.43
cotton,westbengal,01-01-2022,4986.89,5866.93
cotton,westbengal,29-01-2022,5184.41,6099.31
cotton,westbengal,26-02-2022,4902.08,5767.15
cotton,westbengal,26-03-2022,4908.16,5774.31
cotton,westbengal,23-04-2022,5102.9,6003.41
cotton,westbengal,21-05-2022,5457.28,6420.33
cotton,westbengal,18-06-2022,5126.17,6030.79
cotton,westbengal,16-07-2022,5200.63,6118.39
cotton,westbengal,13-08-2022,5319.83,6258.62
cotton,westbengal,10-09-2022,5461.0,6424.71
cotton,westbengal,08-10-2022,5796.47,6819.38
cotton,westbengal,05-11-2022,5547.74,6526.75
cotton,westbengal,03-12-2022,5570.96,6554.07
cotton,westbengal,31-12-2022,4964.3,5840.35
cotton,westbengal,28-01-2023,5230.03,6152.98
cotton,westbengal,25-02-2023,5080.15,5976.65
cotton,westbengal,25-03-2023,5271.67,6201.97
cotton,westbengal,22-04-2023,5032.0,5920.0
cotton,westbengal,20-05-2023,5045.12,5935.44
cotton,westbengal,17-06-2023,5454.49,6417.05
cotton,westbengal,15-07-2023,5405.35,6359.24
cotton,westbengal,12-08-2023,5646.31,6642.72
cotton,westbengal,09-09-2023,5685.24,6688.52
cotton,westbengal,07-10-2023,5670.03,6670.62
cotton,westbengal,04-11-2023,5516.82,6490.38
cotton,westbengal,02-12-2023,5796.06,6818.9
cotton,westbengal,30-12-2023,5042.86,5932.78
cotton,westbengal,27-01-2024,4808.83,5657.45
cotton,westbengal,24-02-2024,5113.73,6016.15
cotton,westbengal,23-03-2024,5300.88,6236.33
cotton,westbengal,20-04-2024,4943.48,5815.86
cotton,westbengal,18-05-2024,5267.9,6197.53
cotton,westbengal,15-06-2024,5252.53,6179.45
cotton,westbengal,13-07-2024,5373.7,6322.0
cotton,westbengal,10-08-2024,5356.65,6301.94
cotton,westbengal,07-09-2024,5731.46,6742.9
cotton,westbengal,05-10-2024,5345.72,6289.08
cotton,westbengal,02-11-2024,5434.36,6393.36
cotton,westbengal,30-11-2024,5531.84,6508.05
cotton,westbengal,28-12-2024,4795.42,5641.67
cotton,westbengal,25-01-2025,5210.36,6129.84
cotton,westbengal,22-02-2025,5130.67,6036.08
cotton,westbengal,22-03-2025,5305.04,6241.22
cotton,westbengal,19-04-2025,5209.94,6129.34
cotton,westbengal,17-05-2025,5275.23,6206.15
cotton,westbengal,14-06-2025,5347.28,6290.92
cotton,westbengal,12-07-2025,5519.77,6493.85
cotton,westbengal,09-08-2025,5233.43,6156.98
cotton,westbengal,06-09-2025,5483.56,6451.25
cotton,westbengal,04-10-2025,5331.23,6272.04
cotton,bihar,01-01-2022,5758.39,6774.58
cotton,bihar,29-01-2022,5581.94,6566.99
cotton,bihar,26-02-2022,5555.62,6536.02
cotton,bihar,26-03-2022,5652.46,6649.95
cotton,bihar,23-04-2022,5984.02,7040.02
cotton,bihar,21-05-2022,6097.78,7173.86
cotton,bihar,18-06-2022,5995.94,7054.05
cotton,bihar,16-07-2022,6165.2,7253.18
cotton,bihar,13-08-2022,5979.81,7035.07
cotton,bihar,10-09-2022,6273.67,7380.79
cotton,bihar,08-10-2022,5920.79,6965.64
cotton,bihar,05-11-2022,6480.15,7623.71
cotton,bihar,03-12-2022,6175.09,7264.81
cotton,bihar,31-12-2022,5721.6,6731.3
cotton,bihar,28-01-2023,5393.35,6345.12
cotton,bihar,25-02-2023,5507.48,6479.39
cotton,bihar,25-03-2023,5516.5,6490.0
cotton,bihar,22-04-2023,5585.66,6571.36
cotton,bihar,20-05-2023,5621.73,6613.8
cotton,bihar,17-06-2023,6051.26,7119.13
cotton,bihar,15-07-2023,6177.49,7267.63
cotton,bihar,12-08-2023,5819.22,6846.14
cotton,bihar,09-09-2023,6313.49,7427.63
cotton,bihar,07-10-2023,6373.5,7498.24
cotton,bihar,04-11-2023,5995.1,7053.06
cotton,bihar,02-12-2023,6102.34,7179.22
cotton,bihar,30-12-2023,5686.38,6689.86
cotton,bihar,27-01-2024,5600.93,6589.33
cotton,bihar,24-02-2024,5412.75,6367.94
cotton,bihar,23-03-2024,5512.82,6485.67
cotton,bihar,20-04-2024,5656.88,6655.15
cotton,bihar,18-05-2024,5614.47,6605.26
cotton,bihar,15-06-2024,6037.46,7102.9
cotton,bihar,13-07-2024,6159.77,7246.79
cotton,bihar,10-08-2024,6247.35,7349.82
cotton,bihar,07-09-2024,6402.83,7532.74
cotton,bihar,05-10-2024,6030.55,7094.77
cotton,bihar,02-11-2024,6534.56,7687.72
cotton,bihar,30-11-2024,6151.22,7236.73
cotton,bihar,28-12-2024,5442.46,6402.9
cotton,bihar,25-01-2025,5364.5,6311.18
cotton,bihar,22-02-2025,5858.14,6891.93
cotton,bihar,22-03-2025,5984.45,7040.53
cotton,bihar,19-04-2025,6060.44,7129.93
cotton,bihar,17-05-2025,5779.74,6799.69
cotton,bihar,14-06-2025,5736.39,6748.7
cotton,bihar,12-07-2025,6007.25,7067.35
cotton,bihar,09-08-2025,6214.65,7311.35
cotton,bihar,06-09-2025,5986.05,7042.41
cotton,bihar,04-10-2025,6257.25,7361.47
cotton,odisha,01-01-2022,4206.41,4948.72
cotton,odisha,29-01-2022,4020.48,4729.98
cotton,odisha,26-02-2022,4156.87,4890.43
cotton,odisha,26-03-2022,4196.43,4936.98
cotton,odisha,23-04-2022,4286.46,5042.9
cotton,odisha,21-05-2022,4612.23,5426.15
cotton,odisha,18-06-2022,4502.84,5297.46
cotton,odisha,16-07-2022,4753.17,5591.97
cotton,odisha,13-08-2022,4406.1,5183.65
cotton,odisha,10-09-2022,4509.62,5305.43
cotton,odisha,08-10-2022,4696.41,5525.19
cotton,odisha,05-11-2022,4845.12,5700.14
cotton,odisha,03-12-2022,4734.49,5569.99
cotton,odisha,31-12-2022,4211.11,4954.25
cotton,odisha,28-01-2023,4200.37,4941.61
cotton,odisha,25-02-2023,4473.75,5263.24
cotton,odisha,25-03-2023,4191.8,4931.53
cotton,odisha,22-04-2023,4318.44,5080.52
cotton,odisha,20-05-2023,4380.75,5153.82
cotton,odisha,17-06-2023,4358.01,5127.07
cotton,odisha,15-07-2023,4414.61,5193.66
cotton,odisha,12-08-2023,4412.61,5191.3
cotton,odisha,09-09-2023,4867.36,5726.3
cotton,odisha,07-10-2023,4517.75,5315.0
cotton,odisha,04-11-2023,4561.54,5366.52
cotton,odisha,02-12-2023,4623.86,5439.84
cotton,odisha,30-12-2023,4283.27,5039.14
cotton,odisha,27-01-2024,4312.38,5073.39
cotton,odisha,24-02-2024,4302.38,5061.62
cotton,odisha,23-03-2024,4131.08,4860.09
cotton,odisha,20-04-2024,4306.74,5066.75
cotton,odisha,18-05-2024,4263.73,5016.15
cotton,odisha,15-06-2024,4389.11,5163.66
cotton,odisha,13-07-2024,4583.81,5392.72
cotton,odisha,10-08-2024,4504.02,5298.85
cotton,odisha,07-09-2024,4863.44,5721.7
cotton,odisha,05-10-2024,4668.13,5491.92
cotton,odisha,02-11-2024,4772.1,5614.24
cotton,odisha,30-11-2024,4698.09,5527.16
cotton,odisha,28-12-2024,4322.13,5084.86
cotton,odisha,25-01-2025,4094.36,4816.89
cotton,odisha,22-02-2025,4093.81,4816.25
cotton,odisha,22-03-2025,4477.67,5267.85
cotton,odisha,19-04-2025,4371.41,5142.83
cotton,odisha,17-05-2025,4513.55,5310.06
cotton,odisha,14-06-2025,4342.32,5108.61
cotton,odisha,12-07-2025,4764.59,5605.4
cotton,odisha,09-08-2025,4586.48,5395.86
cotton,odisha,06-09-2025,4459.08,5245.98
cotton,odisha,04-10-2025,4665.37,5488.67
sugarcane,karnataka,01-01-2022,1856.08,2183.62
sugarcane,karnataka,29-01-2022,1890.67,2224.32
sugarcane,karnataka,26-02-2022,1965.03,2311.8
sugarcane,karnataka,26-03-2022,2027.1,2384.82
sugarcane,karnataka,23-04-2022,1952.09,2296.58
sugarcane,karnataka,21-05-2022,2144.71,2523.19
sugarcane,karnataka,18-06-2022,2180.84,2565.69
sugarcane,karnataka,16-07-2022,2013.88,2369.27
sugarcane,karnataka,13-08-2022,2230.88,2624.57
sugarcane,karnataka,10-09-2022,2119.08,2493.04
sugarcane,karnataka,08-10-2022,2198.68,2586.68
sugarcane,karnataka,05-11-2022,2310.2,2717.88
sugarcane,karnataka,03-12-2022,2142.32,2520.38
sugarcane,karnataka,31-12-2022,2001.91,2355.19
sugarcane,karnataka,28-01-2023,2004.75,2358.53
sugarcane,karnataka,25-02-2023,1940.8,2283.29
sugarcane,karnataka,25-03-2023,2051.8,2413.88
sugarcane,karnataka,22-04-2023,2049.72,2411.43
sugarcane,karnataka,20-05-2023,2010.51,2365.31
sugarcane,karnataka,17-06-2023,2141.63,2519.56
sugarcane,karnataka,15-07-2023,2135.81,2512.72
sugarcane,karnataka,12-08-2023,2108.43,2480.51
sugarcane,karnataka,09-09-2023,2148.63,2527.8
sugarcane,karnataka,07-10-2023,2200.46,2588.78
sugarcane,karnataka,04-11-2023,2181.11,2566.01
sugarcane,karnataka,02-12-2023,2222.86,2615.13
sugarcane,karnataka,30-12-2023,1893.62,2227.79
sugarcane,karnataka,27-01-2024,2013.14,2368.4
sugarcane,karnataka,24-02-2024,1906.96,2243.48
sugarcane,karnataka,23-03-2024,1958.83,2304.5
sugarcane,karnataka,20-04-2024,2032.51,2391.19
sugarcane,karnataka,18-05-2024,2083.63,2451.33
sugarcane,karnataka,15-06-2024,2005.32,2359.2
sugarcane,karnataka,13-07-2024,2021.22,2377.91
sugarcane,karnataka,10-08-2024,2034.46,2393.48
sugarcane,karnataka,07-09-2024,2060.84,2424.52
sugarcane,karnataka,05-10-2024,2216.78,2607.98
sugarcane,karnataka,02-11-2024,2306.11,2713.07
sugarcane,karnataka,30-11-2024,2200.17,2588.44
sugarcane,karnataka,28-12-2024,1971.14,2318.99
sugarcane,karnataka,25-01-2025,1892.52,2226.49
sugarcane,karnataka,22-02-2025,2008.96,2363.48
sugarcane,karnataka,22-03-2025,1927.82,2268.02
sugarcane,karnataka,19-04-2025,1946.97,2290.55
sugarcane,karnataka,17-05-2025,2108.98,2481.15
sugarcane,karnataka,14-06-2025,2137.06,2514.19
sugarcane,karnataka,12-07-2025,2167.16,2549.6
sugarcane,karnataka,09-08-2025,2066.21,2430.83
sugarcane,karnataka,06-09-2025,2188.75,2575.0
sugarcane,karnataka,04-10-2025,2175.87,2559.85
sugarcane,tamilnadu,01-01-2022,1634.38,1922.8
sugarcane,tamilnadu,29-01-2022,1741.51,2048.84
sugarcane,tamilnadu,26-02-2022,1709.7,2011.41
sugarcane,tamilnadu,26-03-2022,1800.43,2118.15
sugarcane,tamilnadu,23-04-2022,1661.54,1954.75
sugarcane,tamilnadu,21-05-2022,1751.62,2060.73
sugarcane,tamilnadu,18-06-2022,1858.66,2186.66
sugarcane,tamilnadu,16-07-2022,1784.31,2099.19
sugarcane,tamilnadu,13-08-2022,1792.17,2108.43
sugarcane,tamilnadu,10-09-2022,1823.9,2145.77
sugarcane,tamilnadu,08-10-2022,1859.92,2188.14
sugarcane,tamilnadu,05-11-2022,1799.96,2117.6
sugarcane,tamilnadu,03-12-2022,1919.69,2258.46
sugarcane,tamilnadu,31-12-2022,1720.17,2023.73
sugarcane,tamilnadu,28-01-2023,1647.95,1938.76
sugarcane,tamilnadu,25-02-2023,1736.83,2043.33
sugarcane,tamilnadu,25-03-2023,1721.0,2024.71
sugarcane,tamilnadu,22-04-2023,1679.47,1975.85
sugarcane,tamilnadu,20-05-2023,1801.95,2119.94
sugarcane,tamilnadu,17-06-2023,1782.37,2096.9
sugarcane,tamilnadu,15-07-2023,1734.8,2040.94
sugarcane,tamilnadu,12-08-2023,1857.99,2185.87
sugarcane,tamilnadu,09-09-2023,1876.31,2207.42
sugarcane,tamilnadu,07-10-2023,1902.07,2237.73
sugarcane,tamilnadu,04-11-2023,1901.8,2237.41
sugarcane,tamilnadu,02-12-2023,1904.27,2240.32
sugarcane,tamilnadu,30-12-2023,1719.18,2022.56
sugarcane,tamilnadu,27-01-2024,1682.18,1979.03
sugarcane,tamilnadu,24-02-2024,1683.28,1980.33
sugarcane,tamilnadu,23-03-2024,1721.56,2025.36
sugarcane,tamilnadu,20-04-2024,1825.26,2147.37
sugarcane,tamilnadu,18-05-2024,1784.52,2099.44
sugarcane,tamilnadu,15-06-2024,1758.34,2068.63
sugarcane,tamilnadu,13-07-2024,1891.57,2225.38
sugarcane,tamilnadu,10-08-2024,1793.25,2109.71
sugarcane,tamilnadu,07-09-2024,1759.6,2070.12
sugarcane,tamilnadu,05-10-2024,1782.5,2097.06
sugarcane,tamilnadu,02-11-2024,1951.78,2296.21
sugarcane,tamilnadu,30-11-2024,1880.03,2211.8
sugarcane,tamilnadu,28-12-2024,1700.53,2000.62
sugarcane,tamilnadu,25-01-2025,1601.52,1884.14
sugarcane,tamilnadu,22-02-2025,1768.36,2080.42
sugarcane,tamilnadu,22-03-2025,1695.13,1994.27
sugarcane,tamilnadu,19-04-2025,1673.0,1968.23
sugarcane,tamilnadu,17-05-2025,1736.58,2043.04
sugarcane,tamilnadu,14-06-2025,1759.15,2069.59
sugarcane,tamilnadu,12-07-2025,1778.47,2092.32
sugarcane,tamilnadu,09-08-2025,1855.47,2182.91
sugarcane,tamilnadu,06-09-2025,1800.13,2117.8
sugarcane,tamilnadu,04-10-2025,1895.11,2229.54
sugarcane,andhrapradesh,01-01-2022,1968.1,2315.41
sugarcane,andhrapradesh,29-01-2022,1830.93,2154.04
sugarcane,andhrapradesh,26-02-2022,1899.88,2235.15
sugarcane,andhrapradesh,26-03-2022,1929.41,2269.9
sugarcane,andhrapradesh,23-04-2022,1889.52,2222.96
sugarcane,andhrapradesh,21-05-2022,1973.5,2321.77
sugarcane,andhrapradesh,18-06-2022,2024.07,2381.26
sugarcane,andhrapradesh,16-07-2022,2130.29,2506.22
sugarcane,andhrapradesh,13-08-2022,2093.32,2462.73
sugarcane,andhrapradesh,10-09-2022,2187.16,2573.13
sugarcane,andhrapradesh,08-10-2022,2076.71,2443.19
sugarcane,andhrapradesh,05-11-2022,2192.05,2578.88
sugarcane,andhrapradesh,03-12-2022,2192.63,2579.56
sugarcane,andhrapradesh,31-12-2022,1982.35,2332.18
sugarcane,andhrapradesh,28-01-2023,1890.7,2224.35
sugarcane,andhrapradesh,25-02-2023,1916.43,2254.62
sugarcane,andhrapradesh,25-03-2023,1975.49,2324.11
sugarcane,andhrapradesh,22-04-2023,2046.04,2407.11
sugarcane,andhrapradesh,20-05-2023,1928.11,2268.36
sugarcane,andhrapradesh,17-06-2023,2067.59,2432.46
sugarcane,andhrapradesh,15-07-2023,2021.88,2378.68
sugarcane,andhrapradesh,12-08-2023,2079.75,2446.77
sugarcane,andhrapradesh,09-09-2023,2158.46,2539.36
sugarcane,andhrapradesh,07-10-2023,2092.22,2461.44
sugarcane,andhrapradesh,04-11-2023,2174.61,2558.36
sugarcane,andhrapradesh,02-12-2023,2143.8,2522.12
sugarcane,andhrapradesh,30-12-2023,1878.41,2209.9
sugarcane,andhrapradesh,27-01-2024,1913.51,2251.19
sugarcane,andhrapradesh,24-02-2024,2004.98,2358.8
sugarcane,andhrapradesh,23-03-2024,2017.58,2373.62
sugarcane,andhrapradesh,20-04-2024,2052.4,2414.59
sugarcane,andhrapradesh,18-05-2024,2015.62,2371.32
sugarcane,andhrapradesh,15-06-2024,1988.8,2339.77
sugarcane,andhrapradesh,13-07-2024,1962.58,2308.92
sugarcane,andhrapradesh,10-08-2024,2182.35,2567.47
sugarcane,andhrapradesh,07-09-2024,2082.16,2449.6
sugarcane,andhrapradesh,05-10-2024,2068.05,2433.0
sugarcane,andhrapradesh,02-11-2024,2202.14,2590.75
sugarcane,andhrapradesh,30-11-2024,2084.81,2452.72
sugarcane,andhrapradesh,28-12-2024,1955.59,2300.69
sugarcane,andhrapradesh,25-01-2025,1836.53,2160.62
sugarcane,andhrapradesh,22-02-2025,1906.07,2242.43
sugarcane,andhrapradesh,22-03-2025,1876.39,2207.52
sugarcane,andhrapradesh,19-04-2025,2044.62,2405.44
sugarcane,andhrapradesh,17-05-2025,2003.46,2357.01
sugarcane,andhrapradesh,14-06-2025,1973.03,2321.21
sugarcane,andhrapradesh,12-07-2025,2116.36,2489.84
sugarcane,andhrapradesh,09-08-2025,2110.69,2483.16
sugarcane,andhrapradesh,06-09-2025,2061.09,2424.81
sugarcane,andhrapradesh,04-10-2025,2191.01,2577.66
sugarcane,telangana,01-01-2022,1786.58,2101.86
sugarcane,telangana,29-01-2022,1747.63,2056.04
sugarcane,telangana,26-02-2022,1806.05,2124.76
sugarcane,telangana,26-03-2022,1869.13,2198.98
sugarcane,telangana,23-04-2022,1859.52,2187.67
sugarcane,telangana,21-05-2022,1940.26,2282.66
sugarcane,telangana,18-06-2022,1851.56,2178.31
sugarcane,telangana,16-07-2022,1841.71,2166.72
sugarcane,telangana,13-08-2022,1996.85,2349.23
sugarcane,telangana,10-09-2022,2051.03,2412.98
sugarcane,telangana,08-10-2022,2016.82,2372.73
sugarcane,telangana,05-11-2022,1965.55,2312.41
sugarcane,telangana,03-12-2022,2140.38,2518.09
sugarcane,telangana,31-12-2022,1822.57,2144.2
sugarcane,telangana,28-01-2023,1795.78,2112.68
sugarcane,telangana,25-02-2023,1903.6,2239.53
sugarcane,telangana,25-03-2023,1852.11,2178.95
sugarcane,telangana,22-04-2023,1889.63,2223.1
sugarcane,telangana,20-05-2023,1941.33,2283.92
sugarcane,telangana,17-06-2023,1899.98,2235.27
sugarcane,telangana,15-07-2023,1947.65,2291.35
sugarcane,telangana,12-08-2023,1981.86,2331.6
sugarcane,telangana,09-09-2023,1983.65,2333.71
sugarcane,telangana,07-10-2023,1974.28,2322.68
sugarcane,telangana,04-11-2023,1952.36,2296.89
sugarcane,telangana,02-12-2023,1974.33,2322.74
sugarcane,telangana,30-12-2023,1812.45,2132.29
sugarcane,telangana,27-01-2024,1765.69,2077.28
sugarcane,telangana,24-02-2024,1812.08,2131.86
sugarcane,telangana,23-03-2024,1812.58,2132.45
sugarcane,telangana,20-04-2024,1929.95,2270.53
sugarcane,telangana,18-05-2024,1808.11,2127.19
sugarcane,telangana,15-06-2024,1855.96,2183.48
sugarcane,telangana,13-07-2024,1917.91,2256.36
sugarcane,telangana,10-08-2024,2020.4,2376.94
sugarcane,telangana,07-09-2024,2008.15,2362.53
sugarcane,telangana,05-10-2024,1952.7,2297.29
sugarcane,telangana,02-11-2024,2044.12,2404.85
sugarcane,telangana,30-11-2024,2026.58,2384.21
sugarcane,telangana,28-12-2024,1710.7,2012.59
sugarcane,telangana,25-01-2025,1746.16,2054.31
sugarcane,telangana,22-02-2025,1777.46,2091.13
sugarcane,telangana,22-03-2025,1906.47,2242.91
sugarcane,telangana,19-04-2025,1861.57,2190.08
sugarcane,telangana,17-05-2025,1901.76,2237.37
sugarcane,telangana,14-06-2025,1900.44,2235.81
sugarcane,telangana,12-07-2025,1963.28,2309.74
sugarcane,telangana,09-08-2025,1866.44,2195.81
sugarcane,telangana,06-09-2025,1911.83,2249.21
sugarcane,telangana,04-10-2025,1928.68,2269.03
sugarcane,kerala,01-01-2022,1708.4,2009.88
sugarcane,kerala,29-01-2022,1705.39,2006.34
sugarcane,kerala,26-02-2022,1644.37,1934.55
sugarcane,kerala,26-03-2022,1780.75,2095.0
sugarcane,kerala,23-04-2022,1821.53,2142.98
sugarcane,kerala,21-05-2022,1758.99,2069.4
sugarcane,kerala,18-06-2022,1696.6,1996.0
sugarcane,kerala,16-07-2022,1867.67,2197.26
sugarcane,kerala,13-08-2022,1747.66,2056.07
sugarcane,kerala,10-09-2022,1862.94,2191.7
sugarcane,kerala,08-10-2022,1933.37,2274.55
sugarcane,kerala,05-11-2022,1961.11,2307.19
sugarcane,kerala,03-12-2022,1888.53,2221.8
sugarcane,kerala,31-12-2022,1635.43,1924.03
sugarcane,kerala,28-01-2023,1705.18,2006.09
sugarcane,kerala,25-02-2023,1629.81,1917.42
sugarcane,kerala,25-03-2023,1796.35,2113.35
sugarcane,kerala,22-04-2023,1779.83,2093.92
sugarcane,kerala,20-05-2023,1698.16,1997.84
sugarcane,kerala,17-06-2023,1713.0,2015.3
sugarcane,kerala,15-07-2023,1845.12,2170.73
sugarcane,kerala,12-08-2023,1902.48,2238.21
sugarcane,kerala,09-09-2023,1848.27,2174.43
sugarcane,kerala,07-10-2023,1926.24,2266.17
sugarcane,kerala,04-11-2023,1970.37,2318.08
sugarcane,kerala,02-12-2023,1988.52,2339.44
sugarcane,kerala,30-12-2023,1616.91,1902.25
sugarcane,kerala,27-01-2024,1743.31,2050.95
sugarcane,kerala,24-02-2024,1654.92,1946.97
sugarcane,kerala,23-03-2024,1655.15,1947.23
sugarcane,kerala,20-04-2024,1794.19,2110.81
sugarcane,kerala,18-05-2024,1731.41,2036.95
sugarcane,kerala,15-06-2024,1797.19,2114.34
sugarcane,kerala,13-07-2024,1783.0,2097.65
sugarcane,kerala,10-08-2024,1868.82,2198.61
sugarcane,kerala,07-09-2024,1795.51,2112.37
sugarcane,kerala,05-10-2024,1850.51,2177.07
sugarcane,kerala,02-11-2024,1818.51,2139.42
sugarcane,kerala,30-11-2024,1844.34,2169.81
sugarcane,kerala,28-12-2024,1735.98,2042.33
sugarcane,kerala,25-01-2025,1668.59,1963.05
sugarcane,kerala,22-02-2025,1657.68,1950.21
sugarcane,kerala,22-03-2025,1735.5,2041.77
sugarcane,kerala,19-04-2025,1739.12,2046.02
sugarcane,kerala,17-05-2025,1739.41,2046.37
sugarcane,kerala,14-06-2025,1862.13,2190.74
sugarcane,kerala,12-07-2025,1769.76,2082.07
sugarcane,kerala,09-08-2025,1809.63,2128.98
sugarcane,kerala,06-09-2025,1877.91,2209.31
sugarcane,kerala,04-10-2025,1951.29,2295.64
sugarcane,maharashtra,01-01-2022,2181.44,2566.4
sugarcane,maharashtra,29-01-2022,2087.18,2455.51
sugarcane,maharashtra,26-02-2022,2188.45,2574.65
sugarcane,maharashtra,26-03-2022,2238.01,2632.95
sugarcane,maharashtra,23-04-2022,2089.3,2458.0
sugarcane,maharashtra,21-05-2022,2324.12,2734.26
sugarcane,maharashtra,18-06-2022,2270.31,2670.95
sugarcane,maharashtra,16-07-2022,2350.22,2764.96
sugarcane,maharashtra,13-08-2022,2335.97,2748.2
sugarcane,maharashtra,10-09-2022,2427.24,2855.58
sugarcane,maharashtra,08-10-2022,2395.65,2818.41
sugarcane,maharashtra,05-11-2022,2445.54,2877.11
sugarcane,maharashtra,03-12-2022,2340.42,2753.43
sugarcane,maharashtra,31-12-2022,2101.12,2471.91
sugarcane,maharashtra,28-01-2023,2075.82,2442.14
sugarcane,maharashtra,25-02-2023,2240.47,2635.85
sugarcane,maharashtra,25-03-2023,2138.58,2515.98
sugarcane,maharashtra,22-04-2023,2262.91,2662.25
sugarcane,maharashtra,20-05-2023,2136.54,2513.58
sugarcane,maharashtra,17-06-2023,2328.97,2739.97
sugarcane,maharashtra,15-07-2023,2353.89,2769.28
sugarcane,maharashtra,12-08-2023,2273.04,2674.17
sugarcane,maharashtra,09-09-2023,2420.02,2847.08
sugarcane,maharashtra,07-10-2023,2325.67,2736.08
sugarcane,maharashtra,04-11-2023,2490.51,2930.01
sugarcane,maharashtra,02-12-2023,2344.22,2757.91
sugarcane,maharashtra,30-12-2023,2004.46,2358.19
sugarcane,maharashtra,27-01-2024,2184.47,2569.96
sugarcane,maharashtra,24-02-2024,2085.58,2453.62
sugarcane,maharashtra,23-03-2024,2105.53,2477.09
sugarcane,maharashtra,20-04-2024,2280.03,2682.39
sugarcane,maharashtra,18-05-2024,2312.82,2720.96
sugarcane,maharashtra,15-06-2024,2276.04,2677.7
sugarcane,maharashtra,13-07-2024,2358.85,2775.12
sugarcane,maharashtra,10-08-2024,2360.0,2776.47
sugarcane,maharashtra,07-09-2024,2302.97,2709.38
sugarcane,maharashtra,05-10-2024,2241.25,2636.76
sugarcane,maharashtra,02-11-2024,2464.0,2898.82
sugarcane,maharashtra,30-11-2024,2480.63,2918.39
sugarcane,maharashtra,28-12-2024,2182.17,2567.26
sugarcane,maharashtra,25-01-2025,2110.06,2482.42
sugarcane,maharashtra,22-02-2025,2123.61,2498.36
sugarcane,maharashtra,22-03-2025,2242.3,2638.0
sugarcane,maharashtra,19-04-2025,2242.1,2637.76
sugarcane,maharashtra,17-05-2025,2304.13,2710.74
sugarcane,maharashtra,14-06-2025,2318.49,2727.63
sugarcane,maharashtra,12-07-2025,2346.33,2760.39
sugarcane,maharashtra,09-08-2025,2344.31,2758.01
sugarcane,maharashtra,06-09-2025,2326.23,2736.74
sugarcane,maharashtra,04-10-2025,2316.0,2724.71
sugarcane,gujarat,01-01-2022,1956.65,2301.94
sugarcane,gujarat,29-01-2022,1966.53,2313.56
sugarcane,gujarat,26-02-2022,1935.42,2276.97
sugarcane,gujarat,26-03-2022,1875.15,2206.06
sugarcane,gujarat,23-04-2022,1902.63,2238.39
sugarcane,gujarat,21-05-2022,2044.05,2404.76
sugarcane,gujarat,18-06-2022,2065.72,2430.26
sugarcane,gujarat,16-07-2022,2122.88,2497.5
sugarcane,gujarat,13-08-2022,2010.58,2365.39
sugarcane,gujarat,10-09-2022,2089.22,2457.9
sugarcane,gujarat,08-10-2022,2161.22,2542.61
sugarcane,gujarat,05-11-2022,2117.32,2490.96
sugarcane,gujarat,03-12-2022,2090.05,2458.88
sugarcane,gujarat,31-12-2022,1832.27,2155.61
sugarcane,gujarat,28-01-2023,1923.99,2263.52
sugarcane,gujarat,25-02-2023,2035.84,2395.11
sugarcane,gujarat,25-03-2023,2033.25,2392.06
sugarcane,gujarat,22-04-2023,2044.27,2405.02
sugarcane,gujarat,20-05-2023,2085.44,2453.46
sugarcane,gujarat,17-06-2023,2077.05,2443.59
sugarcane,gujarat,15-07-2023,2123.21,2497.89
sugarcane,gujarat,12-08-2023,2048.82,2410.38
sugarcane,gujarat,09-09-2023,2105.61,2477.19
sugarcane,gujarat,07-10-2023,2184.02,2569.44
sugarcane,gujarat,04-11-2023,2105.87,2477.49
sugarcane,gujarat,02-12-2023,2222.06,2614.19
sugarcane,gujarat,30-12-2023,1959.17,2304.91
sugarcane,gujarat,27-01-2024,1978.38,2327.51
sugarcane,gujarat,24-02-2024,1885.92,2218.73
sugarcane,gujarat,23-03-2024,1951.35,2295.71
sugarcane,gujarat,20-04-2024,1928.48,2268.8
sugarcane,gujarat,18-05-2024,2091.37,2460.44
sugarcane,gujarat,15-06-2024,2129.87,2505.73
sugarcane,gujarat,13-07-2024,2142.13,2520.15
sugarcane,gujarat,10-08-2024,2029.02,2387.08
sugarcane,gujarat,07-09-2024,2204.73,2593.8
sugarcane,gujarat,05-10-2024,2224.13,2616.62
sugarcane,gujarat,02-11-2024,2189.24,2575.58
sugarcane,gujarat,30-11-2024,2208.79,2598.58
sugarcane,gujarat,28-12-2024,1974.37,2322.79
sugarcane,gujarat,25-01-2025,2011.92,2366.97
sugarcane,gujarat,22-02-2025,1885.84,2218.64
sugarcane,gujarat,22-03-2025,2007.79,2362.11
sugarcane,gujarat,19-04-2025,1925.87,2265.73
sugarcane,gujarat,17-05-2025,1995.56,2347.72
sugarcane,gujarat,14-06-2025,2024.68,2381.98
sugarcane,gujarat,12-07-2025,2013.37,2368.67
sugarcane,gujarat,09-08-2025,2000.76,2353.84
sugarcane,gujarat,06-09-2025,2082.3,2449.77
sugarcane,gujarat,04-10-2025,2229.27,2622.67
sugarcane,rajasthan,01-01-2022,1594.04,1875.34
sugarcane,rajasthan,29-01-2022,1569.16,1846.07
sugarcane,rajasthan,26-02-2022,1666.02,1960.02
sugarcane,rajasthan,26-03-2022,1610.83,1895.09
sugarcane,rajasthan,23-04-2022,1666.21,1960.25
sugarcane,rajasthan,21-05-2022,1594.01,1875.31
sugarcane,rajasthan,18-06-2022,1712.5,2014.71
sugarcane,rajasthan,16-07-2022,1643.67,1933.73
sugarcane,rajasthan,13-08-2022,1777.71,2091.42
sugarcane,rajasthan,10-09-2022,1784.02,2098.85
sugarcane,rajasthan,08-10-2022,1717.33,2020.39
sugarcane,rajasthan,05-11-2022,1772.96,2085.83
sugarcane,rajasthan,03-12-2022,1727.13,2031.92
sugarcane,rajasthan,31-12-2022,1615.54,1900.63
sugarcane,rajasthan,28-01-2023,1595.21,1876.72
sugarcane,rajasthan,25-02-2023,1678.04,1974.16
sugarcane,rajasthan,25-03-2023,1583.2,1862.59
sugarcane,rajasthan,22-04-2023,1666.8,1960.94
sugarcane,rajasthan,20-05-2023,1643.7,1933.77
sugarcane,rajasthan,17-06-2023,1661.36,1954.54
sugarcane,rajasthan,15-07-2023,1636.11,1924.83
sugarcane,rajasthan,12-08-2023,1679.62,1976.02
sugarcane,rajasthan,09-09-2023,1693.74,1992.64
sugarcane,rajasthan,07-10-2023,1775.18,2088.45
sugarcane,rajasthan,04-11-2023,1846.25,2172.06
sugarcane,rajasthan,02-12-2023,1770.07,2082.44
sugarcane,rajasthan,30-12-2023,1588.69,1869.05
sugarcane,rajasthan,27-01-2024,1572.8,1850.35
sugarcane,rajasthan,24-02-2024,1520.57,1788.91
sugarcane,rajasthan,23-03-2024,1558.96,1834.07
sugarcane,rajasthan,20-04-2024,1608.83,1892.74
sugarcane,rajasthan,18-05-2024,1689.23,1987.33
sugarcane,rajasthan,15-06-2024,1708.02,2009.44
sugarcane,rajasthan,13-07-2024,1732.34,2038.05
sugarcane,rajasthan,10-08-2024,1751.37,2060.44
sugarcane,rajasthan,07-09-2024,1776.04,2089.46
sugarcane,rajasthan,05-10-2024,1711.76,2013.84
sugarcane,rajasthan,02-11-2024,1702.19,2002.58
sugarcane,rajasthan,30-11-2024,1714.31,2016.84
sugarcane,rajasthan,28-12-2024,1533.88,1804.56
sugarcane,rajasthan,25-01-2025,1537.52,1808.85
sugarcane,rajasthan,22-02-2025,1664.13,1957.8
sugarcane,rajasthan,22-03-2025,1698.71,1998.48
sugarcane,rajasthan,19-04-2025,1709.73,2011.45
sugarcane,rajasthan,17-05-2025,1734.66,2040.78
sugarcane,rajasthan,14-06-2025,1693.17,1991.96
sugarcane,rajasthan,12-07-2025,1738.26,2045.01
sugarcane,rajasthan,09-08-2025,1637.64,1926.64
sugarcane,rajasthan,06-09-2025,1692.33,1990.98
sugarcane,rajasthan,04-10-2025,1775.53,2088.86
sugarcane,punjab,01-01-2022,1670.97,1965.85
sugarcane,punjab,29-01-2022,1687.74,1985.58
sugarcane,punjab,26-02-2022,1811.9,2131.65
sugarcane,punjab,26-03-2022,1762.38,2073.39
sugarcane,punjab,23-04-2022,1787.29,2102.69
sugarcane,punjab,21-05-2022,1751.08,2060.09
sugarcane,punjab,18-06-2022,1815.83,2136.27
sugarcane,punjab,16-07-2022,1915.23,2253.21
sugarcane,punjab,13-08-2022,1927.46,2267.6
sugarcane,punjab,10-09-2022,1809.21,2128.48
sugarcane,punjab,08-10-2022,1864.71,2193.78
sugarcane,punjab,05-11-2022,1926.32,2266.26
sugarcane,punjab,03-12-2022,1872.0,2202.35
sugarcane,punjab,31-12-2022,1624.04,1910.64
sugarcane,punjab,28-01-2023,1631.88,1919.86
sugarcane,punjab,25-02-2023,1666.48,1960.56
sugarcane,punjab,25-03-2023,1817.07,2137.73
sugarcane,punjab,22-04-2023,1832.38,2155.74
sugarcane,punjab,20-05-2023,1838.54,2162.99
sugarcane,punjab,17-06-2023,1892.52,2226.49
sugarcane,punjab,15-07-2023,1796.36,2113.36
sugarcane,punjab,12-08-2023,1927.28,2267.39
sugarcane,punjab,09-09-2023,1899.55,2234.77
sugarcane,punjab,07-10-2023,1949.09,2293.05
sugarcane,punjab,04-11-2023,1875.11,2206.01
sugarcane,punjab,02-12-2023,1905.23,2241.45
sugarcane,punjab,30-12-2023,1755.06,2064.78
sugarcane,punjab,27-01-2024,1678.28,1974.45
sugarcane,punjab,24-02-2024,1816.49,2137.05
sugarcane,punjab,23-03-2024,1798.14,2115.46
sugarcane,punjab,20-04-2024,1711.19,2013.16
sugarcane,punjab,18-05-2024,1857.42,2185.2
sugarcane,punjab,15-06-2024,1843.72,2169.08
sugarcane,punjab,13-07-2024,1890.97,2224.67
sugarcane,punjab,10-08-2024,1774.3,2087.41
sugarcane,punjab,07-09-2024,1812.34,2132.17
sugarcane,punjab,05-10-2024,1848.1,2174.23
sugarcane,punjab,02-11-2024,1831.34,2154.52
sugarcane,punjab,30-11-2024,1894.99,2229.4
sugarcane,punjab,28-12-2024,1723.54,2027.69
sugarcane,punjab,25-01-2025,1698.95,1998.76
sugarcane,punjab,22-02-2025,1816.59,2137.17
sugarcane,punjab,22-03-2025,1826.79,2149.17
sugarcane,punjab,19-04-2025,1691.59,1990.11
sugarcane,punjab,17-05-2025,1768.34,2080.4
sugarcane,punjab,14-06-2025,1853.08,2180.1
sugarcane,punjab,12-07-2025,1833.49,2157.05
sugarcane,punjab,09-08-2025,1855.97,2183.5
sugarcane,punjab,06-09-2025,1943.3,2286.24
sugarcane,punjab,04-10-2025,1969.09,2316.58
sugarcane,haryana,01-01-2022,1500.75,1765.59
sugarcane,haryana,29-01-2022,1642.16,1931.95
sugarcane,haryana,26-02-2022,1552.15,1826.06
sugarcane,haryana,26-03-2022,1569.04,1845.93
sugarcane,haryana,23-04-2022,1643.82,1933.91
sugarcane,haryana,21-05-2022,1624.14,1910.75
sugarcane,haryana,18-06-2022,1747.13,2055.45
sugarcane,haryana,16-07-2022,1715.5,2018.23
sugarcane,haryana,13-08-2022,1734.82,2040.96
sugarcane,haryana,10-09-2022,1822.01,2143.54
sugarcane,haryana,08-10-2022,1764.04,2075.34
sugarcane,haryana,05-11-2022,1791.57,2107.73
sugarcane,haryana,03-12-2022,1783.46,2098.19
sugarcane,haryana,31-12-2022,1498.13,1762.51
sugarcane,haryana,28-01-2023,1626.33,1913.33
sugarcane,haryana,25-02-2023,1631.72,1919.67
sugarcane,haryana,25-03-2023,1685.74,1983.22
sugarcane,haryana,22-04-2023,1564.53,1840.62
sugarcane,haryana,20-05-2023,1692.03,1990.62
sugarcane,haryana,17-06-2023,1711.78,2013.86
sugarcane,haryana,15-07-2023,1682.92,1979.91
sugarcane,haryana,12-08-2023,1735.98,2042.33
sugarcane,haryana,09-09-2023,1818.46,2139.37
sugarcane,haryana,07-10-2023,1818.75,2139.71
sugarcane,haryana,04-11-2023,1717.38,2020.45
sugarcane,haryana,02-12-2023,1723.15,2027.23
sugarcane,haryana,30-12-2023,1616.06,1901.25
sugarcane,haryana,27-01-2024,1609.11,1893.07
sugarcane,haryana,24-02-2024,1595.99,1877.64
sugarcane,haryana,23-03-2024,1696.74,1996.17
sugarcane,haryana,20-04-2024,1657.86,1950.42
sugarcane,haryana,18-05-2024,1579.77,1858.55
sugarcane,haryana,15-06-2024,1760.4,2071.06
sugarcane,haryana,13-07-2024,1727.49,2032.34
sugarcane,haryana,10-08-2024,1798.01,2115.31
sugarcane,haryana,07-09-2024,1709.49,2011.16
sugarcane,haryana,05-10-2024,1800.21,2117.89
sugarcane,haryana,02-11-2024,1820.67,2141.96
sugarcane,haryana,30-11-2024,1880.75,2212.65
sugarcane,haryana,28-12-2024,1575.15,1853.12
sugarcane,haryana,25-01-2025,1538.13,1809.56
sugarcane,haryana,22-02-2025,1530.99,1801.17
sugarcane,haryana,22-03-2025,1646.19,1936.69
sugarcane,haryana,19-04-2025,1613.34,1898.05
sugarcane,haryana,17-05-2025,1588.03,1868.27
sugarcane,haryana,14-06-2025,1609.23,1893.21
sugarcane,haryana,12-07-2025,1777.79,2091.52
sugarcane,haryana,09-08-2025,1700.03,2000.04
sugarcane,haryana,06-09-2025,1722.36,2026.3
sugarcane,haryana,04-10-2025,1702.81,2003.31
sugarcane,uttarpradesh,01-01-2022,2228.24,2621.46
sugarcane,uttarpradesh,29-01-2022,2087.07,2455.38
sugarcane,uttarpradesh,26-02-2022,2280.93,2683.45
sugarcane,uttarpradesh,26-03-2022,2154.95,2535.23
sugarcane,uttarpradesh,23-04-2022,2320.01,2729.42
sugarcane,uttarpradesh,21-05-2022,2234.62,2628.97
sugarcane,uttarpradesh,18-06-2022,2368.92,2786.96
sugarcane,uttarpradesh,16-07-2022,2373.38,2792.21
sugarcane,uttarpradesh,13-08-2022,2274.49,2675.87
sugarcane,uttarpradesh,10-09-2022,2388.81,2810.37
sugarcane,uttarpradesh,08-10-2022,2401.46,2825.25
sugarcane,uttarpradesh,05-11-2022,2519.53,2964.15
sugarcane,uttarpradesh,03-12-2022,2424.51,2852.37
sugarcane,uttarpradesh,31-12-2022,2189.43,2575.8
sugarcane,uttarpradesh,28-01-2023,2096.24,2466.16
sugarcane,uttarpradesh,25-02-2023,2239.77,2635.02
sugarcane,uttarpradesh,25-03-2023,2304.16,2710.78
sugarcane,uttarpradesh,22-04-2023,2259.78,2658.57
sugarcane,uttarpradesh,20-05-2023,2281.37,2683.97
sugarcane,uttarpradesh,17-06-2023,2399.61,2823.07
sugarcane,uttarpradesh,15-07-2023,2331.86,2743.37
sugarcane,uttarpradesh,12-08-2023,2379.09,2798.93
sugarcane,uttarpradesh,09-09-2023,2372.61,2791.3
sugarcane,uttarpradesh,07-10-2023,2479.83,2917.45
sugarcane,uttarpradesh,04-11-2023,2520.66,2965.48
sugarcane,uttarpradesh,02-12-2023,2499.59,2940.69
sugarcane,uttarpradesh,30-12-2023,2135.51,2512.36
sugarcane,uttarpradesh,27-01-2024,2160.38,2541.62
sugarcane,uttarpradesh,24-02-2024,2102.04,2472.99
sugarcane,uttarpradesh,23-03-2024,2194.82,2582.14
sugarcane,uttarpradesh,20-04-2024,2248.69,2645.52
sugarcane,uttarpradesh,18-05-2024,2220.76,2612.66
sugarcane,uttarpradesh,15-06-2024,2353.59,2768.93
sugarcane,uttarpradesh,13-07-2024,2256.75,2655.0
sugarcane,uttarpradesh,10-08-2024,2363.09,2780.1
sugarcane,uttarpradesh,07-09-2024,2421.98,2849.39
sugarcane,uttarpradesh,05-10-2024,2423.78,2851.51
sugarcane,uttarpradesh,02-11-2024,2393.46,2815.84
sugarcane,uttarpradesh,30-11-2024,2455.96,2889.37
sugarcane,uttarpradesh,28-12-2024,2237.2,2632.0
sugarcane,uttarpradesh,25-01-2025,2171.61,2554.83
sugarcane,uttarpradesh,22-02-2025,2125.88,2501.03
sugarcane,uttarpradesh,22-03-2025,2147.11,2526.01
sugarcane,uttarpradesh,19-04-2025,2347.86,2762.19
sugarcane,uttarpradesh,17-05-2025,2361.74,2778.52
sugarcane,uttarpradesh,14-06-2025,2315.89,2724.58
sugarcane,uttarpradesh,12-07-2025,2289.57,2693.61
sugarcane,uttarpradesh,09-08-2025,2257.26,2655.6
sugarcane,uttarpradesh,06-09-2025,2289.75,2693.82
sugarcane,uttarpradesh,04-10-2025,2307.83,2715.09
sugarcane,madhyapradesh,01-01-2022,1541.53,1813.56
sugarcane,madhyapradesh,29-01-2022,1508.79,1775.05
sugarcane,madhyapradesh,26-02-2022,1617.54,1902.99
sugarcane,madhyapradesh,26-03-2022,1622.34,1908.64
sugarcane,madhyapradesh,23-04-2022,1590.47,1871.14
sugarcane,madhyapradesh,21-05-2022,1609.61,1893.66
sugarcane,madhyapradesh,18-06-2022,1599.61,1881.89
sugarcane,madhyapradesh,16-07-2022,1689.38,1987.51
sugarcane,madhyapradesh,13-08-2022,1642.23,1932.04
sugarcane,madhyapradesh,10-09-2022,1755.47,2065.26
sugarcane,madhyapradesh,08-10-2022,1690.95,1989.35
sugarcane,madhyapradesh,05-11-2022,1710.17,2011.97
sugarcane,madhyapradesh,03-12-2022,1766.56,2078.31
sugarcane,madhyapradesh,31-12-2022,1488.46,1751.13
sugarcane,madhyapradesh,28-01-2023,1631.8,1919.77
sugarcane,madhyapradesh,25-02-2023,1559.72,1834.96
sugarcane,madhyapradesh,25-03-2023,1625.36,1912.19
sugarcane,madhyapradesh,22-04-2023,1623.35,1909.82
sugarcane,madhyapradesh,20-05-2023,1678.15,1974.29
sugarcane,madhyapradesh,17-06-2023,1690.1,1988.35
sugarcane,madhyapradesh,15-07-2023,1649.13,1940.15
sugarcane,madhyapradesh,12-08-2023,1787.91,2103.42
sugarcane,madhyapradesh,09-09-2023,1791.71,2107.89
sugarcane,madhyapradesh,07-10-2023,1692.28,1990.92
sugarcane,madhyapradesh,04-11-2023,1710.68,2012.56
sugarcane,madhyapradesh,02-12-2023,1829.79,2152.69
sugarcane,madhyapradesh,30-12-2023,1569.35,1846.29
sugarcane,madhyapradesh,27-01-2024,1631.0,1918.82
sugarcane,madhyapradesh,24-02-2024,1529.26,1799.13
sugarcane,madhyapradesh,23-03-2024,1616.84,1902.17
sugarcane,madhyapradesh,20-04-2024,1550.1,1823.65
sugarcane,madhyapradesh,18-05-2024,1586.81,1866.83
sugarcane,madhyapradesh,15-06-2024,1614.63,1899.56
sugarcane,madhyapradesh,13-07-2024,1684.94,1982.28
sugarcane,madhyapradesh,10-08-2024,1740.94,2048.17
sugarcane,madhyapradesh,07-09-2024,1791.26,2107.37
sugarcane,madhyapradesh,05-10-2024,1828.3,2150.94
sugarcane,madhyapradesh,02-11-2024,1784.3,2099.18
sugarcane,madhyapradesh,30-11-2024,1783.31,2098.01
sugarcane,madhyapradesh,28-12-2024,1571.59,1848.93
sugarcane,madhyapradesh,25-01-2025,1647.09,1937.75
sugarcane,madhyapradesh,22-02-2025,1569.76,1846.78
sugarcane,madhyapradesh,22-03-2025,1639.31,1928.6
sugarcane,madhyapradesh,19-04-2025,1661.72,1954.96
sugarcane,madhyapradesh,17-05-2025,1632.73,1920.86
sugarcane,madhyapradesh,14-06-2025,1636.49,1925.28
sugarcane,madhyapradesh,12-07-2025,1625.49,1912.34
sugarcane,madhyapradesh,09-08-2025,1625.14,1911.93
sugarcane,madhyapradesh,06-09-2025,1660.51,1953.54
sugarcane,madhyapradesh,04-10-2025,1662.35,1955.71
sugarcane,westbengal,01-01-2022,2230.78,2624.45
sugarcane,westbengal,29-01-2022,2116.94,2490.52
sugarcane,westbengal,26-02-2022,2240.01,2635.3
sugarcane,westbengal,26-03-2022,2267.51,2667.66
sugarcane,westbengal,23-04-2022,2246.41,2642.83
sugarcane,westbengal,21-05-2022,2316.62,2725.44
sugarcane,westbengal,18-06-2022,2381.78,2802.09
sugarcane,westbengal,16-07-2022,2269.13,2669.57
sugarcane,westbengal,13-08-2022,2321.22,2730.85
sugarcane,westbengal,10-09-2022,2386.48,2807.62
sugarcane,westbengal,08-10-2022,2415.79,2842.11
sugarcane,westbengal,05-11-2022,2331.86,2743.36
sugarcane,westbengal,03-12-2022,2393.16,2815.48
sugarcane,westbengal,31-12-2022,2078.62,2445.44
sugarcane,westbengal,28-01-2023,2224.51,2617.07
sugarcane,westbengal,25-02-2023,2309.59,2717.16
sugarcane,westbengal,25-03-2023,2227.69,2620.81
sugarcane,westbengal,22-04-2023,2342.27,2755.61
sugarcane,westbengal,20-05-2023,2307.28,2714.45
sugarcane,westbengal,17-06-2023,2245.52,2641.79
sugarcane,westbengal,15-07-2023,2357.76,2773.84
sugarcane,westbengal,12-08-2023,2447.44,2879.34
sugarcane,westbengal,09-09-2023,2287.67,2691.38
sugarcane,westbengal,07-10-2023,2302.9,2709.29
sugarcane,westbengal,04-11-2023,2480.89,2918.7
sugarcane,westbengal,02-12-2023,2528.58,2974.8
sugarcane,westbengal,30-12-2023,2256.73,2654.98
sugarcane,westbengal,27-01-2024,2256.34,2654.52
sugarcane,westbengal,24-02-2024,2259.53,2658.27
sugarcane,westbengal,23-03-2024,2255.47,2653.5
sugarcane,westbengal,20-04-2024,2273.2,2674.35
sugarcane,westbengal,18-05-2024,2239.92,2635.2
sugarcane,westbengal,15-06-2024,2311.75,2719.71
sugarcane,westbengal,13-07-2024,2338.26,2750.89
sugarcane,westbengal,10-08-2024,2389.94,2811.69
sugarcane,westbengal,07-09-2024,2421.94,2849.34
sugarcane,westbengal,05-10-2024,2465.37,2900.44
sugarcane,westbengal,02-11-2024,2526.51,2972.37
sugarcane,westbengal,30-11-2024,2472.83,2909.21
sugarcane,westbengal,28-12-2024,2199.62,2587.79
sugarcane,westbengal,25-01-2025,2186.51,2572.36
sugarcane,westbengal,22-02-2025,2189.98,2576.45
sugarcane,westbengal,22-03-2025,2192.92,2579.91
sugarcane,westbengal,19-04-2025,2162.24,2543.81
sugarcane,westbengal,17-05-2025,2377.67,2797.26
sugarcane,westbengal,14-06-2025,2295.47,2700.55
sugarcane,westbengal,12-07-2025,2335.26,2747.37
sugarcane,westbengal,09-08-2025,2367.14,2784.87
sugarcane,westbengal,06-09-2025,2500.38,2941.62
sugarcane,westbengal,04-10-2025,2384.98,2805.86
sugarcane,bihar,01-01-2022,1869.46,2199.36
sugarcane,bihar,29-01-2022,1945.9,2289.29
sugarcane,bihar,26-02-2022,1950.59,2294.81
sugarcane,bihar,26-03-2022,2005.22,2359.08
sugarcane,bihar,23-04-2022,2006.3,2360.35
sugarcane,bihar,21-05-2022,2027.55,2385.35
sugarcane,bihar,18-06-2022,2196.84,2584.52
sugarcane,bihar,16-07-2022,2100.66,2471.37
sugarcane,bihar,13-08-2022,2181.54,2566.52
sugarcane,bihar,10-09-2022,2258.78,2657.39
sugarcane,bihar,08-10-2022,2243.15,2639.0
sugarcane,bihar,05-11-2022,2150.62,2530.14
sugarcane,bihar,03-12-2022,2210.83,2600.98
sugarcane,bihar,31-12-2022,2005.06,2358.89
sugarcane,bihar,28-01-2023,2079.46,2446.42
sugarcane,bihar,25-02-2023,2079.57,2446.55
sugarcane,bihar,25-03-2023,2072.29,2437.99
sugarcane,bihar,22-04-2023,2109.89,2482.22
sugarcane,bihar,20-05-2023,2147.75,2526.77
sugarcane,bihar,17-06-2023,2173.77,2557.38
sugarcane,bihar,15-07-2023,2208.56,2598.31
sugarcane,bihar,12-08-2023,2185.81,2571.54
sugarcane,bihar,09-09-2023,2136.47,2513.5
sugarcane,bihar,07-10-2023,2263.53,2662.98
sugarcane,bihar,04-11-2023,2270.28,2670.92
sugarcane,bihar,02-12-2023,2173.74,2557.34
sugarcane,bihar,30-12-2023,1904.54,2240.64
sugarcane,bihar,27-01-2024,2009.07,2363.61
sugarcane,bihar,24-02-2024,1932.22,2273.2
sugarcane,bihar,23-03-2024,2019.91,2376.37
sugarcane,bihar,20-04-2024,2163.32,2545.08
sugarcane,bihar,18-05-2024,2045.06,2405.95
sugarcane,bihar,15-06-2024,2049.19,2410.81
sugarcane,bihar,13-07-2024,2038.3,2398.0
sugarcane,bihar,10-08-2024,2055.44,2418.16
sugarcane,bihar,07-09-2024,2267.18,2667.27
sugarcane,bihar,05-10-2024,2176.91,2561.07
sugarcane,bihar,02-11-2024,2156.75,2537.35
sugarcane,bihar,30-11-2024,2331.51,2742.95
sugarcane,bihar,28-12-2024,2041.0,2401.18
sugarcane,bihar,25-01-2025,1895.0,2229.41
sugarcane,bihar,22-02-2025,1924.72,2264.38
sugarcane,bihar,22-03-2025,2022.9,2379.88
sugarcane,bihar,19-04-2025,2085.76,2453.83
sugarcane,bihar,17-05-2025,2006.89,2361.05
sugarcane,bihar,14-06-2025,2052.28,2414.45
sugarcane,bihar,12-07-2025,2083.3,2450.94
sugarcane,bihar,09-08-2025,2125.02,2500.02
sugarcane,bihar,06-09-2025,2152.38,2532.21
sugarcane,bihar,04-10-2025,2108.37,2480.43
sugarcane,odisha,01-01-2022,2040.34,2400.4
sugarcane,odisha,29-01-2022,2041.19,2401.4
sugarcane,odisha,26-02-2022,2181.73,2566.74
sugarcane,odisha,26-03-2022,2170.42,2553.43
sugarcane,odisha,23-04-2022,2230.31,2623.89
sugarcane,odisha,21-05-2022,2265.0,2664.71
sugarcane,odisha,18-06-2022,2341.04,2754.17
sugarcane,odisha,16-07-2022,2257.19,2655.52
sugarcane,odisha,13-08-2022,2287.52,2691.2
sugarcane,odisha,10-09-2022,2402.79,2826.81
sugarcane,odisha,08-10-2022,2258.07,2656.55
sugarcane,odisha,05-11-2022,2281.92,2684.61
sugarcane,odisha,03-12-2022,2428.15,2856.65
sugarcane,odisha,31-12-2022,2147.85,2526.88
sugarcane,odisha,28-01-2023,2209.58,2599.51
sugarcane,odisha,25-02-2023,2210.31,2600.36
sugarcane,odisha,25-03-2023,2067.82,2432.73
sugarcane,odisha,22-04-2023,2106.6,2478.35
sugarcane,odisha,20-05-2023,2248.03,2644.74
sugarcane,odisha,17-06-2023,2328.52,2739.44
sugarcane,odisha,15-07-2023,2364.66,2781.95
sugarcane,odisha,12-08-2023,2218.58,2610.09
sugarcane,odisha,09-09-2023,2275.13,2676.62
sugarcane,odisha,07-10-2023,2335.74,2747.93
sugarcane,odisha,04-11-2023,2376.94,2796.4
sugarcane,odisha,02-12-2023,2457.44,2891.11
sugarcane,odisha,30-12-2023,2005.21,2359.07
sugarcane,odisha,27-01-2024,2146.08,2524.8
sugarcane,odisha,24-02-2024,2105.61,2477.19
sugarcane,odisha,23-03-2024,2088.59,2457.16
sugarcane,odisha,20-04-2024,2269.59,2670.11
sugarcane,odisha,18-05-2024,2205.68,2594.92
sugarcane,odisha,15-06-2024,2226.34,2619.22
sugarcane,odisha,13-07-2024,2332.42,2744.02
sugarcane,odisha,10-08-2024,2238.86,2633.95
sugarcane,odisha,07-09-2024,2395.25,2817.94
sugarcane,odisha,05-10-2024,2312.2,2720.23
sugarcane,odisha,02-11-2024,2376.73,2796.15
sugarcane,odisha,30-11-2024,2301.99,2708.22
sugarcane,odisha,28-12-2024,2062.26,2426.19
sugarcane,odisha,25-01-2025,2168.87,2551.61
sugarcane,odisha,22-02-2025,2111.19,2483.75
sugarcane,odisha,22-03-2025,2202.83,2591.57
sugarcane,odisha,19-04-2025,2116.73,2490.27
sugarcane,odisha,17-05-2025,2275.45,2677.0
sugarcane,odisha,14-06-2025,2227.68,2620.8
sugarcane,odisha,12-07-2025,2209.57,2599.5
sugarcane,odisha,09-08-2025,2366.7,2784.35
sugarcane,odisha,06-09-2025,2303.3,2709.77
sugarcane,odisha,04-10-2025,2328.18,2739.03
maize,karnataka,01-01-2022,4169.11,4904.84
maize,karnataka,29-01-2022,4197.56,4938.3
maize,karnataka,26-02-2022,4070.62,4788.96
maize,karnataka,26-03-2022,3981.44,4684.05
maize,karnataka,23-04-2022,4078.28,4797.98
maize,karnataka,21-05-2022,4068.71,4786.72
maize,karnataka,18-06-2022,4461.17,5248.44
maize,karnataka,16-07-2022,4573.11,5380.13
maize,karnataka,13-08-2022,4245.17,4994.32
maize,karnataka,10-09-2022,4396.36,5172.19
maize,karnataka,08-10-2022,4747.85,5585.71
maize,karnataka,05-11-2022,4426.05,5207.12
maize,karnataka,03-12-2022,4426.98,5208.21
maize,karnataka,31-12-2022,4131.58,4860.68
maize,karnataka,28-01-2023,4142.75,4873.82
maize,karnataka,25-02-2023,4186.06,4924.78
maize,karnataka,25-03-2023,4346.07,5113.02
maize,karnataka,22-04-2023,4041.17,4754.32
maize,karnataka,20-05-2023,4334.68,5099.62
maize,karnataka,17-06-2023,4420.97,5201.14
maize,karnataka,15-07-2023,4449.06,5234.19
maize,karnataka,12-08-2023,4437.84,5220.99
maize,karnataka,09-09-2023,4387.81,5162.13
maize,karnataka,07-10-2023,4485.16,5276.66
maize,karnataka,04-11-2023,4662.62,5485.44
maize,karnataka,02-12-2023,4654.85,5476.29
maize,karnataka,30-12-2023,3948.39,4645.17
maize,karnataka,27-01-2024,4176.39,4913.4
maize,karnataka,24-02-2024,4296.59,5054.81
maize,karnataka,23-03-2024,3972.31,4673.31
maize,karnataka,20-04-2024,4135.03,4864.74
maize,karnataka,18-05-2024,4290.26,5047.37
maize,karnataka,15-06-2024,4510.61,5306.6
maize,karnataka,13-07-2024,4466.55,5254.77
maize,karnataka,10-08-2024,4405.24,5182.64
maize,karnataka,07-09-2024,4347.23,5114.39
maize,karnataka,05-10-2024,4549.68,5352.56
maize,karnataka,02-11-2024,4711.84,5543.34
maize,karnataka,30-11-2024,4700.41,5529.9
maize,karnataka,28-12-2024,4106.72,4831.44
maize,karnataka,25-01-2025,4235.51,4982.95
maize,karnataka,22-02-2025,4243.89,4992.81
maize,karnataka,22-03-2025,4138.0,4868.24
maize,karnataka,19-04-2025,4100.15,4823.71
maize,karnataka,17-05-2025,4193.46,4933.48
maize,karnataka,14-06-2025,4128.18,4856.68
maize,karnataka,12-07-2025,4306.37,5066.32
maize,karnataka,09-08-2025,4528.77,5327.97
maize,karnataka,06-09-2025,4586.85,5396.29
maize,karnataka,04-10-2025,4360.15,5129.59
maize,tamilnadu,01-01-2022,4753.26,5592.07
maize,tamilnadu,29-01-2022,4718.55,5551.23
maize,tamilnadu,26-02-2022,5005.22,5888.49
maize,tamilnadu,26-03-2022,5050.78,5942.1
maize,tamilnadu,23-04-2022,5231.75,6155.0
maize,tamilnadu,21-05-2022,4985.77,5865.61
maize,tamilnadu,18-06-2022,4975.31,5853.31
maize,tamilnadu,16-07-2022,5439.12,6398.96
maize,tamilnadu,13-08-2022,5392.47,6344.08
maize,tamilnadu,10-09-2022,5263.87,6192.79
maize,tamilnadu,08-10-2022,5614.05,6604.77
maize,tamilnadu,05-11-2022,5649.99,6647.05
maize,tamilnadu,03-12-2022,5857.44,6891.1
maize,tamilnadu,31-12-2022,4668.97,5492.91
maize,tamilnadu,28-01-2023,4702.38,5532.21
maize,tamilnadu,25-02-2023,4916.19,5783.75
maize,tamilnadu,25-03-2023,5104.04,6004.75
maize,tamilnadu,22-04-2023,5026.41,5913.42
maize,tamilnadu,20-05-2023,4927.82,5797.43
maize,tamilnadu,17-06-2023,5300.67,6236.08
maize,tamilnadu,15-07-2023,5084.22,5981.43
maize,tamilnadu,12-08-2023,5235.09,6158.93
maize,tamilnadu,09-09-2023,5531.64,6507.81
maize,tamilnadu,07-10-2023,5438.65,6398.41
maize,tamilnadu,04-11-2023,5791.67,6813.73
maize,tamilnadu,02-12-2023,5756.02,6771.79
maize,tamilnadu,30-12-2023,5095.8,5995.06
maize,tamilnadu,27-01-2024,4951.1,5824.82
maize,tamilnadu,24-02-2024,5175.79,6089.17
maize,tamilnadu,23-03-2024,5104.42,6005.2
maize,tamilnadu,20-04-2024,5117.62,6020.73
maize,tamilnadu,18-05-2024,5210.55,6130.06
maize,tamilnadu,15-06-2024,5143.69,6051.4
maize,tamilnadu,13-07-2024,5168.62,6080.73
maize,tamilnadu,10-08-2024,5495.21,6464.95
maize,tamilnadu,07-09-2024,5519.75,6493.82
maize,tamilnadu,05-10-2024,5558.47,6539.38
maize,tamilnadu,02-11-2024,5643.28,6639.15
maize,tamilnadu,30-11-2024,5596.43,6584.04
maize,tamilnadu,28-12-2024,4735.62,5571.32
maize,tamilnadu,25-01-2025,4834.15,5687.24
maize,tamilnadu,22-02-2025,5020.45,5906.41
maize,tamilnadu,22-03-2025,5202.75,6120.88
maize,tamilnadu,19-04-2025,5029.88,5917.5
maize,tamilnadu,17-05-2025,4953.75,5827.94
maize,tamilnadu,14-06-2025,5332.36,6273.36
maize,tamilnadu,12-07-2025,5455.94,6418.75
maize,tamilnadu,09-08-2025,5119.68,6023.15
maize,tamilnadu,06-09-2025,5167.07,6078.91
maize,tamilnadu,04-10-2025,5676.54,6678.28
maize,andhrapradesh,01-01-2022,4032.65,4744.29
maize,andhrapradesh,29-01-2022,4051.4,4766.35
maize,andhrapradesh,26-02-2022,4166.54,4901.81
maize,andhrapradesh,26-03-2022,4243.32,4992.14
maize,andhrapradesh,23-04-2022,4264.84,5017.46
maize,andhrapradesh,21-05-2022,4262.03,5014.15
maize,andhrapradesh,18-06-2022,4254.95,5005.82
maize,andhrapradesh,16-07-2022,4407.99,5185.87
maize,andhrapradesh,13-08-2022,4424.93,5205.8
maize,andhrapradesh,10-09-2022,4482.64,5273.69
maize,andhrapradesh,08-10-2022,4756.8,5596.23
maize,andhrapradesh,05-11-2022,4605.98,5418.8
maize,andhrapradesh,03-12-2022,4881.99,5743.52
maize,andhrapradesh,31-12-2022,4185.77,4924.43
maize,andhrapradesh,28-01-2023,3959.05,4657.71
maize,andhrapradesh,25-02-2023,4000.67,4706.67
maize,andhrapradesh,25-03-2023,4295.02,5052.96
maize,andhrapradesh,22-04-2023,4099.01,4822.37
maize,andhrapradesh,20-05-2023,4395.45,5171.12
maize,andhrapradesh,17-06-2023,4516.24,5313.22
maize,andhrapradesh,15-07-2023,4240.12,4988.38
maize,andhrapradesh,12-08-2023,4330.95,5095.23
maize,andhrapradesh,09-09-2023,4497.64,5291.34
maize,andhrapradesh,07-10-2023,4672.64,5497.22
maize,andhrapradesh,04-11-2023,4815.56,5665.36
maize,andhrapradesh,02-12-2023,4600.47,5412.32
maize,andhrapradesh,30-12-2023,4237.67,4985.49
maize,andhrapradesh,27-01-2024,4146.76,4878.54
maize,andhrapradesh,24-02-2024,4117.65,4844.3
maize,andhrapradesh,23-03-2024,4046.73,4760.86
maize,andhrapradesh,20-04-2024,4287.32,5043.91
maize,andhrapradesh,18-05-2024,4109.33,4834.51
maize,andhrapradesh,15-06-2024,4206.84,4949.22
maize,andhrapradesh,13-07-2024,4351.84,5119.81
maize,andhrapradesh,10-08-2024,4678.03,5503.56
maize,andhrapradesh,07-09-2024,4420.94,5201.1
maize,andhrapradesh,05-10-2024,4553.82,5357.43
maize,andhrapradesh,02-11-2024,4745.07,5582.44
maize,andhrapradesh,30-11-2024,4494.57,5287.73
maize,andhrapradesh,28-12-2024,4090.81,4812.72
maize,andhrapradesh,25-01-2025,3919.77,4611.49
maize,andhrapradesh,22-02-2025,4319.46,5081.72
maize,andhrapradesh,22-03-2025,4369.85,5141.0
maize,andhrapradesh,19-04-2025,4135.71,4865.54
maize,andhrapradesh,17-05-2025,4444.81,5229.19
maize,andhrapradesh,14-06-2025,4353.05,5121.23
maize,andhrapradesh,12-07-2025,4242.01,4990.6
maize,andhrapradesh,09-08-2025,4391.59,5166.58
maize,andhrapradesh,06-09-2025,4676.7,5502.0
maize,andhrapradesh,04-10-2025,4522.65,5320.76
maize,telangana,01-01-2022,4233.02,4980.02
maize,telangana,29-01-2022,4428.25,5209.71
maize,telangana,26-02-2022,4431.54,5213.58
maize,telangana,26-03-2022,4351.93,5119.92
maize,telangana,23-04-2022,4512.34,5308.64
maize,telangana,21-05-2022,4514.88,5311.62
maize,telangana,18-06-2022,4638.51,5457.07
maize,telangana,16-07-2022,4574.74,5382.05
maize,telangana,13-08-2022,4606.96,5419.95
maize,telangana,10-09-2022,4654.06,5475.37
maize,telangana,08-10-2022,4705.86,5536.3
maize,telangana,05-11-2022,4957.6,5832.47
maize,telangana,03-12-2022,4750.35,5588.65
maize,telangana,31-12-2022,4331.45,5095.82
maize,telangana,28-01-2023,4327.86,5091.6
maize,telangana,25-02-2023,4271.33,5025.09
maize,telangana,25-03-2023,4246.18,4995.5
maize,telangana,22-04-2023,4369.01,5140.01
maize,telangana,20-05-2023,4485.97,5277.61
maize,telangana,17-06-2023,4727.16,5561.37
maize,telangana,15-07-2023,4750.91,5589.31
maize,telangana,12-08-2023,4734.13,5569.57
maize,telangana,09-09-2023,4745.74,5583.22
maize,telangana,07-10-2023,4903.03,5768.27
maize,telangana,04-11-2023,4881.49,5742.93
maize,telangana,02-12-2023,4869.67,5729.02
maize,telangana,30-12-2023,4329.91,5094.01
maize,telangana,27-01-2024,4346.13,5113.09
maize,telangana,24-02-2024,4336.59,5101.87
maize,telangana,23-03-2024,4198.6,4939.53
maize,telangana,20-04-2024,4441.39,5225.17
maize,telangana,18-05-2024,4330.24,5094.4
maize,telangana,15-06-2024,4573.76,5380.9
maize,telangana,13-07-2024,4607.71,5420.83
maize,telangana,10-08-2024,4418.22,5197.91
maize,telangana,07-09-2024,4710.33,5541.57
maize,telangana,05-10-2024,4583.02,5391.79
maize,telangana,02-11-2024,4770.84,5612.75
maize,telangana,30-11-2024,5026.73,5913.8
maize,telangana,28-12-2024,4045.68,4759.62
maize,telangana,25-01-2025,4443.54,5227.69
maize,telangana,22-02-2025,4172.24,4908.52
maize,telangana,22-03-2025,4152.88,4885.74
maize,telangana,19-04-2025,4541.81,5343.3
maize,telangana,17-05-2025,4353.85,5122.18
maize,telangana,14-06-2025,4613.05,5427.12
maize,telangana,12-07-2025,4749.83,5588.03
maize,telangana,09-08-2025,4599.23,5410.86
maize,telangana,06-09-2025,4821.05,5671.82
maize,telangana,04-10-2025,4780.49,5624.1
maize,kerala,01-01-2022,3759.22,4422.61
maize,kerala,29-01-2022,4131.89,4861.05
maize,kerala,26-02-2022,3844.24,4522.63
maize,kerala,26-03-2022,4060.08,4776.56
maize,kerala,23-04-2022,4099.76,4823.25
maize,kerala,21-05-2022,4334.54,5099.46
maize,kerala,18-06-2022,4155.89,4889.28
maize,kerala,16-07-2022,4178.34,4915.69
maize,kerala,13-08-2022,4164.53,4899.45
maize,kerala,10-09-2022,4205.06,4947.13
maize,kerala,08-10-2022,4282.71,5038.48
maize,kerala,05-11-2022,4319.4,5081.65
maize,kerala,03-12-2022,4417.27,5196.79
maize,kerala,31-12-2022,3776.8,4443.3
maize,kerala,28-01-2023,3910.51,4600.6
maize,kerala,25-02-2023,3999.25,4705.0
maize,kerala,25-03-2023,3950.65,4647.82
maize,kerala,22-04-2023,4182.27,4920.32
maize,kerala,20-05-2023,4110.97,4836.43
maize,kerala,17-06-2023,4033.04,4744.75
maize,kerala,15-07-2023,4093.26,4815.6
maize,kerala,12-08-2023,4283.78,5039.74
maize,kerala,09-09-2023,4301.74,5060.87
maize,kerala,07-10-2023,4391.08,5165.98
maize,kerala,04-11-2023,4400.1,5176.59
maize,kerala,02-12-2023,4471.59,5260.7
maize,kerala,30-12-2023,4067.51,4785.3
maize,kerala,27-01-2024,3836.41,4513.42
maize,kerala,24-02-2024,3916.61,4607.78
maize,kerala,23-03-2024,4188.83,4928.03
maize,kerala,20-04-2024,4170.51,4906.48
maize,kerala,18-05-2024,4181.12,4918.97
maize,kerala,15-06-2024,4340.03,5105.92
maize,kerala,13-07-2024,4233.09,4980.11
maize,kerala,10-08-2024,4164.72,4899.67
maize,kerala,07-09-2024,4188.1,4927.18
maize,kerala,05-10-2024,4414.12,5193.08
maize,kerala,02-11-2024,4437.21,5220.25
maize,kerala,30-11-2024,4520.79,5318.58
maize,kerala,28-12-2024,3901.99,4590.58
maize,kerala,25-01-2025,3881.38,4566.33
maize,kerala,22-02-2025,4192.56,4932.42
maize,kerala,22-03-2025,3991.49,4695.87
maize,kerala,19-04-2025,4326.58,5090.09
maize,kerala,17-05-2025,4257.33,5008.62
maize,kerala,14-06-2025,4125.8,4853.88
maize,kerala,12-07-2025,4305.74,5065.58
maize,kerala,09-08-2025,4454.99,5241.16
maize,kerala,06-09-2025,4294.98,5052.92
maize,kerala,04-10-2025,4388.4,5162.82
maize,maharashtra,01-01-2022,3489.7,4105.53
maize,maharashtra,29-01-2022,3382.52,3979.43
maize,maharashtra,26-02-2022,3693.96,4345.83
maize,maharashtra,26-03-2022,3526.53,4148.86
maize,maharashtra,23-04-2022,3790.16,4459.01
maize,maharashtra,21-05-2022,3760.83,4424.51
maize,maharashtra,18-06-2022,3714.52,4370.02
maize,maharashtra,16-07-2022,3715.03,4370.62
maize,maharashtra,13-08-2022,3942.33,4638.04
maize,maharashtra,10-09-2022,3810.98,4483.51
maize,maharashtra,08-10-2022,3679.18,4328.45
maize,maharashtra,05-11-2022,3901.53,4590.03
maize,maharashtra,03-12-2022,4088.69,4810.22
maize,maharashtra,31-12-2022,3370.38,3965.15
maize,maharashtra,28-01-2023,3650.45,4294.65
maize,maharashtra,25-02-2023,3352.59,3944.22
maize,maharashtra,25-03-2023,3726.62,4384.26
maize,maharashtra,22-04-2023,3608.29,4245.05
maize,maharashtra,20-05-2023,3693.47,4345.26
maize,maharashtra,17-06-2023,3826.26,4501.48
maize,maharashtra,15-07-2023,3698.71,4351.42
maize,maharashtra,12-08-2023,3730.26,4388.54
maize,maharashtra,09-09-2023,3880.1,4564.82
maize,maharashtra,07-10-2023,3905.39,4594.58
maize,maharashtra,04-11-2023,3919.41,4611.07
maize,maharashtra,02-12-2023,3778.39,4445.17
maize,maharashtra,30-12-2023,3525.29,4147.4
maize,maharashtra,27-01-2024,3507.88,4126.92
maize,maharashtra,24-02-2024,3458.49,4068.81
maize,maharashtra,23-03-2024,3534.39,4158.1
maize,maharashtra,20-04-2024,3478.45,4092.29
maize,maharashtra,18-05-2024,3525.88,4148.09
maize,maharashtra,15-06-2024,3721.53,4378.27
maize,maharashtra,13-07-2024,3661.01,4307.07
maize,maharashtra,10-08-2024,3760.76,4424.42
maize,maharashtra,07-09-2024,3871.76,4555.01
maize,maharashtra,05-10-2024,4049.54,4764.17
maize,maharashtra,02-11-2024,3844.22,4522.61
maize,maharashtra,30-11-2024,4030.39,4741.64
maize,maharashtra,28-12-2024,3388.76,3986.78
maize,maharashtra,25-01-2025,3402.7,4003.18
maize,maharashtra,22-02-2025,3618.01,4256.48
maize,maharashtra,22-03-2025,3554.9,4182.23
maize,maharashtra,19-04-2025,3522.89,4144.58
maize,maharashtra,17-05-2025,3834.35,4511.0
maize,maharashtra,14-06-2025,3642.02,4284.73
maize,maharashtra,12-07-2025,3728.53,4386.5
maize,maharashtra,09-08-2025,3824.2,4499.06
maize,maharashtra,06-09-2025,3644.07,4287.14
maize,maharashtra,04-10-2025,3946.7,4643.18
maize,gujarat,01-01-2022,4104.64,4828.99
maize,gujarat,29-01-2022,4363.36,5133.37
maize,gujarat,26-02-2022,4605.25,5417.94
maize,gujarat,26-03-2022,4558.8,5363.29
maize,gujarat,23-04-2022,4495.9,5289.29
maize,gujarat,21-05-2022,4770.56,5612.42
maize,gujarat,18-06-2022,4737.44,5573.46
maize,gujarat,16-07-2022,4820.21,5670.84
maize,gujarat,13-08-2022,4768.93,5610.51
maize,gujarat,10-09-2022,4942.75,5815.0
maize,gujarat,08-10-2022,4931.03,5801.21
maize,gujarat,05-11-2022,4704.93,5535.21
maize,gujarat,03-12-2022,4733.41,5568.72
maize,gujarat,31-12-2022,4463.2,5250.82
maize,gujarat,28-01-2023,4448.69,5233.75
maize,gujarat,25-02-2023,4503.78,5298.56
maize,gujarat,25-03-2023,4415.52,5194.73
maize,gujarat,22-04-2023,4677.13,5502.51
maize,gujarat,20-05-2023,4739.45,5575.82
maize,gujarat,17-06-2023,4577.11,5384.83
maize,gujarat,15-07-2023,4545.32,5347.43
maize,gujarat,12-08-2023,4878.12,5738.97
maize,gujarat,09-09-2023,4899.37,5763.97
maize,gujarat,07-10-2023,4619.76,5435.01
maize,gujarat,04-11-2023,4894.15,5757.82
maize,gujarat,02-12-2023,5183.01,6097.66
maize,gujarat,30-12-2023,4295.81,5053.89
maize,gujarat,27-01-2024,4251.83,5002.15
maize,gujarat,24-02-2024,4214.89,4958.7
maize,gujarat,23-03-2024,4383.31,5156.84
maize,gujarat,20-04-2024,4726.4,5560.47
maize,gujarat,18-05-2024,4523.92,5322.26
maize,gujarat,15-06-2024,4452.67,5238.44
maize,gujarat,13-07-2024,4750.22,5588.49
maize,gujarat,10-08-2024,4657.31,5479.19
maize,gujarat,07-09-2024,4909.35,5775.71
maize,gujarat,05-10-2024,4729.48,5564.09
maize,gujarat,02-11-2024,4909.43,5775.8
maize,gujarat,30-11-2024,4898.32,5762.73
maize,gujarat,28-12-2024,4225.04,4970.63
maize,gujarat,25-01-2025,4550.54,5353.58
maize,gujarat,22-02-2025,4519.14,5316.64
maize,gujarat,22-03-2025,4351.03,5118.86
maize,gujarat,19-04-2025,4397.45,5173.47
maize,gujarat,17-05-2025,4736.53,5572.39
maize,gujarat,14-06-2025,4594.8,5405.65
maize,gujarat,12-07-2025,4870.68,5730.21
maize,gujarat,09-08-2025,4783.65,5627.82
maize,gujarat,06-09-2025,4801.83,5649.21
maize,gujarat,04-10-2025,4883.75,5745.59
maize,rajasthan,01-01-2022,4369.14,5140.17
maize,rajasthan,29-01-2022,4474.92,5264.61
maize,rajasthan,26-02-2022,4477.89,5268.11
maize,rajasthan,26-03-2022,4307.33,5067.45
maize,rajasthan,23-04-2022,4387.78,5162.1
maize,rajasthan,21-05-2022,4410.78,5189.15
maize,rajasthan,18-06-2022,4553.35,5356.88
maize,rajasthan,16-07-2022,4752.63,5591.33
maize,rajasthan,13-08-2022,4643.92,5463.43
maize,rajasthan,10-09-2022,4839.07,5693.02
maize,rajasthan,08-10-2022,5019.87,5905.73
maize,rajasthan,05-11-2022,4784.11,5628.36
maize,rajasthan,03-12-2022,5079.18,5975.51
maize,rajasthan,31-12-2022,4554.16,5357.83
maize,rajasthan,28-01-2023,4479.58,5270.09
maize,rajasthan,25-02-2023,4463.57,5251.26
maize,rajasthan,25-03-2023,4391.8,5166.82
maize,rajasthan,22-04-2023,4584.59,5393.64
maize,rajasthan,20-05-2023,4590.1,5400.12
maize,rajasthan,17-06-2023,4869.79,5729.16
maize,rajasthan,15-07-2023,4786.17,5630.79
maize,rajasthan,12-08-2023,4985.29,5865.05
maize,rajasthan,09-09-2023,4611.57,5425.38
maize,rajasthan,07-10-2023,5096.28,5995.62
maize,rajasthan,04-11-2023,4902.92,5768.14
maize,rajasthan,02-12-2023,5237.44,6161.69
maize,rajasthan,30-12-2023,4242.54,4991.22
maize,rajasthan,27-01-2024,4473.95,5263.47
maize,rajasthan,24-02-2024,4434.05,5216.53
maize,rajasthan,23-03-2024,4440.68,5224.33
maize,rajasthan,20-04-2024,4675.25,5500.29
maize,rajasthan,18-05-2024,4788.33,5633.33
maize,rajasthan,15-06-2024,4536.98,5337.62
maize,rajasthan,13-07-2024,4614.83,5429.21
maize,rajasthan,10-08-2024,4735.62,5571.32
maize,rajasthan,07-09-2024,4803.24,5650.87
maize,rajasthan,05-10-2024,4640.49,5459.4
maize,rajasthan,02-11-2024,4785.47,5629.96
maize,rajasthan,30-11-2024,4781.67,5625.49
maize,rajasthan,28-12-2024,4371.8,5143.29
maize,rajasthan,25-01-2025,4186.18,4924.92
maize,rajasthan,22-02-2025,4554.55,5358.29
maize,rajasthan,22-03-2025,4718.35,5551.0
maize,rajasthan,19-04-2025,4522.48,5320.57
maize,rajasthan,17-05-2025,4415.1,5194.24
maize,rajasthan,14-06-2025,4548.84,5351.58
maize,rajasthan,12-07-2025,4561.29,5366.22
maize,rajasthan,09-08-2025,4683.47,5509.96
maize,rajasthan,06-09-2025,4888.76,5751.48
maize,rajasthan,04-10-2025,4685.19,5511.99
maize,punjab,01-01-2022,4185.34,4923.93
maize,punjab,29-01-2022,4148.95,4881.12
maize,punjab,26-02-2022,4214.11,4957.78
maize,punjab,26-03-2022,4142.41,4873.42
maize,punjab,23-04-2022,4156.46,4889.95
maize,punjab,21-05-2022,4144.34,4875.7
maize,punjab,18-06-2022,4249.97,4999.96
maize,punjab,16-07-2022,4344.51,5111.19
maize,punjab,13-08-2022,4266.48,5019.39
maize,punjab,10-09-2022,4440.94,5224.63
maize,punjab,08-10-2022,4701.05,5530.65
maize,punjab,05-11-2022,4822.19,5673.17
maize,punjab,03-12-2022,4796.75,5643.24
maize,punjab,31-12-2022,4108.81,4833.89
maize,punjab,28-01-2023,4219.48,4964.09
maize,punjab,25-02-2023,4213.72,4957.32
maize,punjab,25-03-2023,4245.45,4994.65
maize,punjab,22-04-2023,4086.17,4807.26
maize,punjab,20-05-2023,4124.0,4851.77
maize,punjab,17-06-2023,4160.49,4894.7
maize,punjab,15-07-2023,4332.36,5096.9
maize,punjab,12-08-2023,4620.7,5436.12
maize,punjab,09-09-2023,4319.66,5081.95
maize,punjab,07-10-2023,4396.64,5172.52
maize,punjab,04-11-2023,4810.91,5659.89
maize,punjab,02-12-2023,4640.92,5459.91
maize,punjab,30-12-2023,3979.66,4681.95
maize,punjab,27-01-2024,4162.78,4897.39
maize,punjab,24-02-2024,3980.86,4683.36
maize,punjab,23-03-2024,4287.0,5043.53
maize,punjab,20-04-2024,4288.11,5044.84
maize,punjab,18-05-2024,4225.04,4970.63
maize,punjab,15-06-2024,4312.42,5073.43
maize,punjab,13-07-2024,4236.37,4983.96
maize,punjab,10-08-2024,4577.96,5385.83
maize,punjab,07-09-2024,4395.56,5171.25
maize,punjab,05-10-2024,4612.21,5426.13
maize,punjab,02-11-2024,4691.14,5518.99
maize,punjab,30-11-2024,4439.58,5223.04
maize,punjab,28-12-2024,4013.13,4721.33
maize,punjab,25-01-2025,4232.25,4979.12
maize,punjab,22-02-2025,4319.67,5081.97
maize,punjab,22-03-2025,4262.43,5014.62
maize,punjab,19-04-2025,4194.49,4934.69
maize,punjab,17-05-2025,4502.25,5296.77
maize,punjab,14-06-2025,4487.63,5279.56
maize,punjab,12-07-2025,4394.53,5170.03
maize,punjab,09-08-2025,4388.73,5163.21
maize,punjab,06-09-2025,4377.21,5149.66
maize,punjab,04-10-2025,4385.29,5159.17
maize,haryana,01-01-2022,4056.48,4772.33
maize,haryana,29-01-2022,4416.96,5196.42
maize,haryana,26-02-2022,4212.46,4955.84
maize,haryana,26-03-2022,4430.7,5212.59
maize,haryana,23-04-2022,4512.53,5308.86
maize,haryana,21-05-2022,4394.5,5170.0
maize,haryana,18-06-2022,4521.16,5319.01
maize,haryana,16-07-2022,4713.6,5545.41
maize,haryana,13-08-2022,4637.12,5455.43
maize,haryana,10-09-2022,4594.7,5405.53
maize,haryana,08-10-2022,4910.36,5776.89
maize,haryana,05-11-2022,4609.69,5423.16
maize,haryana,03-12-2022,4782.69,5626.69
maize,haryana,31-12-2022,4212.63,4956.04
maize,haryana,28-01-2023,4490.07,5282.44
maize,haryana,25-02-2023,4456.15,5242.53
maize,haryana,25-03-2023,4315.45,5077.0
maize,haryana,22-04-2023,4622.86,5438.66
maize,haryana,20-05-2023,4628.36,5445.13
maize,haryana,17-06-2023,4396.48,5172.33
maize,haryana,15-07-2023,4521.85,5319.82
maize,haryana,12-08-2023,4589.68,5399.62
maize,haryana,09-09-2023,4653.96,5475.25
maize,haryana,07-10-2023,4534.13,5334.27
maize,haryana,04-11-2023,4863.27,5721.5
maize,haryana,02-12-2023,4961.4,5836.94
maize,haryana,30-12-2023,4052.15,4767.23
maize,haryana,27-01-2024,4295.77,5053.85
maize,haryana,24-02-2024,4491.26,5283.84
maize,haryana,23-03-2024,4556.27,5360.32
maize,haryana,20-04-2024,4416.69,5196.11
maize,haryana,18-05-2024,4367.08,5137.74
maize,haryana,15-06-2024,4420.61,5200.72
maize,haryana,13-07-2024,4798.37,5645.14
maize,haryana,10-08-2024,4795.95,5642.3
maize,haryana,07-09-2024,4641.1,5460.12
maize,haryana,05-10-2024,4848.76,5704.42
maize,haryana,02-11-2024,4915.52,5782.96
maize,haryana,30-11-2024,5109.4,6011.06
maize,haryana,28-12-2024,4282.13,5037.8
maize,haryana,25-01-2025,4220.23,4964.98
maize,haryana,22-02-2025,4379.68,5152.57
maize,haryana,22-03-2025,4602.17,5414.32
maize,haryana,19-04-2025,4503.07,5297.73
maize,haryana,17-05-2025,4467.65,5256.06
maize,haryana,14-06-2025,4403.26,5180.3
maize,haryana,12-07-2025,4588.98,5398.8
maize,haryana,09-08-2025,4797.78,5644.45
maize,haryana,06-09-2025,4499.93,5294.03
maize,haryana,04-10-2025,4634.91,5452.83
maize,uttarpradesh,01-01-2022,3226.02,3795.32
maize,uttarpradesh,29-01-2022,3268.7,3845.53
maize,uttarpradesh,26-02-2022,3442.84,4050.4
maize,uttarpradesh,26-03-2022,3352.25,3943.82
maize,uttarpradesh,23-04-2022,3565.19,4194.34
maize,uttarpradesh,21-05-2022,3684.39,4334.58
maize,uttarpradesh,18-06-2022,3506.16,4124.89
maize,uttarpradesh,16-07-2022,3694.24,4346.17
maize,uttarpradesh,13-08-2022,3541.49,4166.46
maize,uttarpradesh,10-09-2022,3573.88,4204.57
maize,uttarpradesh,08-10-2022,3914.61,4605.42
maize,uttarpradesh,05-11-2022,3721.42,4378.14
maize,uttarpradesh,03-12-2022,3651.97,4296.43
maize,uttarpradesh,31-12-2022,3161.98,3719.98
maize,uttarpradesh,28-01-2023,3230.03,3800.04
maize,uttarpradesh,25-02-2023,3329.48,3917.03
maize,uttarpradesh,25-03-2023,3336.9,3925.76
maize,uttarpradesh,22-04-2023,3513.32,4133.32
maize,uttarpradesh,20-05-2023,3618.46,4257.01
maize,uttarpradesh,17-06-2023,3403.59,4004.22
maize,uttarpradesh,15-07-2023,3437.96,4044.66
maize,uttarpradesh,12-08-2023,3538.75,4163.24
maize,uttarpradesh,09-09-2023,3570.15,4200.18
maize,uttarpradesh,07-10-2023,3875.62,4559.55
maize,uttarpradesh,04-11-2023,3855.75,4536.18
maize,uttarpradesh,02-12-2023,3753.47,4415.85
maize,uttarpradesh,30-12-2023,3336.0,3924.71
maize,uttarpradesh,27-01-2024,3251.32,3825.08
maize,uttarpradesh,24-02-2024,3237.97,3809.38
maize,uttarpradesh,23-03-2024,3560.11,4188.36
maize,uttarpradesh,20-04-2024,3626.52,4266.49
maize,uttarpradesh,18-05-2024,3356.01,3948.25
maize,uttarpradesh,15-06-2024,3629.53,4270.03
maize,uttarpradesh,13-07-2024,3563.96,4192.89
maize,uttarpradesh,10-08-2024,3753.9,4416.35
maize,uttarpradesh,07-09-2024,3546.84,4172.75
maize,uttarpradesh,05-10-2024,3894.55,4581.82
maize,uttarpradesh,02-11-2024,3699.63,4352.51
maize,uttarpradesh,30-11-2024,3715.45,4371.12
maize,uttarpradesh,28-12-2024,3420.6,4024.24
maize,uttarpradesh,25-01-2025,3413.36,4015.72
maize,uttarpradesh,22-02-2025,3550.72,4177.32
maize,uttarpradesh,22-03-2025,3606.3,4242.71
maize,uttarpradesh,19-04-2025,3656.84,4302.17
maize,uttarpradesh,17-05-2025,3659.39,4305.16
maize,uttarpradesh,14-06-2025,3701.19,4354.34
maize,uttarpradesh,12-07-2025,3450.84,4059.81
maize,uttarpradesh,09-08-2025,3519.27,4140.32
maize,uttarpradesh,06-09-2025,3846.94,4525.81
maize,uttarpradesh,04-10-2025,3841.85,4519.82
maize,madhyapradesh,01-01-2022,3566.94,4196.4
maize,madhyapradesh,29-01-2022,3609.99,4247.05
maize,madhyapradesh,26-02-2022,3737.85,4397.47
maize,madhyapradesh,26-03-2022,3924.73,4617.33
maize,madhyapradesh,23-04-2022,3694.25,4346.18
maize,madhyapradesh,21-05-2022,3662.05,4308.3
maize,madhyapradesh,18-06-2022,3926.21,4619.07
maize,madhyapradesh,16-07-2022,3804.16,4475.48
maize,madhyapradesh,13-08-2022,3985.35,4688.65
maize,madhyapradesh,10-09-2022,4132.61,4861.9
maize,madhyapradesh,08-10-2022,3991.36,4695.72
maize,madhyapradesh,05-11-2022,3922.95,4615.23
maize,madhyapradesh,03-12-2022,4274.16,5028.42
maize,madhyapradesh,31-12-2022,3745.56,4406.54
maize,madhyapradesh,28-01-2023,3784.47,4452.32
maize,madhyapradesh,25-02-2023,3874.36,4558.07
maize,madhyapradesh,25-03-2023,3890.59,4577.16
maize,madhyapradesh,22-04-2023,3680.87,4330.43
maize,madhyapradesh,20-05-2023,3675.56,4324.19
maize,madhyapradesh,17-06-2023,3869.79,4552.7
maize,madhyapradesh,15-07-2023,3990.42,4694.61
maize,madhyapradesh,12-08-2023,3798.46,4468.78
maize,madhyapradesh,09-09-2023,4019.77,4729.14
maize,madhyapradesh,07-10-2023,4163.42,4898.14
maize,madhyapradesh,04-11-2023,4165.97,4901.14
maize,madhyapradesh,02-12-2023,4155.23,4888.51
maize,madhyapradesh,30-12-2023,3610.41,4247.54
maize,madhyapradesh,27-01-2024,3642.9,4285.77
maize,madhyapradesh,24-02-2024,3635.07,4276.55
maize,madhyapradesh,23-03-2024,3698.81,4351.54
maize,madhyapradesh,20-04-2024,3864.83,4546.86
maize,madhyapradesh,18-05-2024,3918.87,4610.43
maize,madhyapradesh,15-06-2024,3879.16,4563.72
maize,madhyapradesh,13-07-2024,3835.27,4512.08
maize,madhyapradesh,10-08-2024,3931.93,4625.8
maize,madhyapradesh,07-09-2024,4185.47,4924.08
maize,madhyapradesh,05-10-2024,4095.46,4818.19
maize,madhyapradesh,02-11-2024,3916.1,4607.18
maize,madhyapradesh,30-11-2024,4035.0,4747.06
maize,madhyapradesh,28-12-2024,3503.68,4121.98
maize,madhyapradesh,25-01-2025,3788.74,4457.34
maize,madhyapradesh,22-02-2025,3662.48,4308.8
maize,madhyapradesh,22-03-2025,3673.38,4321.62
maize,madhyapradesh,19-04-2025,3938.46,4633.48
maize,madhyapradesh,17-05-2025,3863.51,4545.31
maize,madhyapradesh,14-06-2025,4050.21,4764.95
maize,madhyapradesh,12-07-2025,3876.79,4560.93
maize,madhyapradesh,09-08-2025,3991.34,4695.69
maize,madhyapradesh,06-09-2025,3869.45,4552.29
maize,madhyapradesh,04-10-2025,3892.41,4579.31
maize,westbengal,01-01-2022,3945.55,4641.82
maize,westbengal,29-01-2022,4088.99,4810.58
maize,westbengal,26-02-2022,4090.64,4812.52
maize,westbengal,26-03-2022,4205.19,4947.28
maize,westbengal,23-04-2022,4173.76,4910.3
maize,westbengal,21-05-2022,4240.97,4989.38
maize,westbengal,18-06-2022,4265.55,5018.29
maize,westbengal,16-07-2022,4487.3,5279.18
maize,westbengal,13-08-2022,4324.06,5087.13
maize,westbengal,10-09-2022,4402.22,5179.08
maize,westbengal,08-10-2022,4360.23,5129.68
maize,westbengal,05-11-2022,4433.29,5215.63
maize,westbengal,03-12-2022,4671.42,5495.79
maize,westbengal,31-12-2022,3948.56,4645.36
maize,westbengal,28-01-2023,3885.62,4571.32
maize,westbengal,25-02-2023,4245.55,4994.76
maize,westbengal,25-03-2023,4160.18,4894.33
maize,westbengal,22-04-2023,4265.22,5017.91
maize,westbengal,20-05-2023,4376.41,5148.72
maize,westbengal,17-06-2023,4488.38,5280.45
maize,westbengal,15-07-2023,4179.82,4917.43
maize,westbengal,12-08-2023,4215.85,4959.82
maize,westbengal,09-09-2023,4248.94,4998.75
maize,westbengal,07-10-2023,4369.58,5140.68
maize,westbengal,04-11-2023,4416.37,5195.73
maize,westbengal,02-12-2023,4525.87,5324.55
maize,westbengal,30-12-2023,3925.98,4618.8
maize,westbengal,27-01-2024,4182.91,4921.07
maize,westbengal,24-02-2024,4180.25,4917.94
maize,westbengal,23-03-2024,4061.16,4777.83
maize,westbengal,20-04-2024,4291.29,5048.58
maize,westbengal,18-05-2024,4466.66,5254.9
maize,westbengal,15-06-2024,4519.29,5316.81
maize,westbengal,13-07-2024,4464.6,5252.47
maize,westbengal,10-08-2024,4510.29,5306.22
maize,westbengal,07-09-2024,4638.31,5456.84
maize,westbengal,05-10-2024,4283.19,5039.05
maize,westbengal,02-11-2024,4463.21,5250.83
maize,westbengal,30-11-2024,4752.89,5591.64
maize,westbengal,28-12-2024,4118.39,4845.16
maize,westbengal,25-01-2025,4015.94,4724.64
maize,westbengal,22-02-2025,4066.22,4783.79
maize,westbengal,22-03-2025,4188.09,4927.16
maize,westbengal,19-04-2025,4270.13,5023.68
maize,westbengal,17-05-2025,4242.87,4991.61
maize,westbengal,14-06-2025,4310.19,5070.81
maize,westbengal,12-07-2025,4468.42,5256.97
maize,westbengal,09-08-2025,4250.18,5000.21
maize,westbengal,06-09-2025,4408.96,5187.01
maize,westbengal,04-10-2025,4381.56,5154.78
maize,bihar,01-01-2022,4468.36,5256.89
maize,bihar,29-01-2022,4542.87,5344.55
maize,bihar,26-02-2022,4722.88,5556.33
maize,bihar,26-03-2022,4767.18,5608.45
maize,bihar,23-04-2022,4807.99,5656.46
maize,bihar,21-05-2022,4740.84,5577.46
maize,bihar,18-06-2022,4955.65,5830.18
maize,bihar,16-07-2022,4779.92,5623.44
maize,bihar,13-08-2022,4773.06,5615.37
maize,bihar,10-09-2022,5117.34,6020.4
maize,bihar,08-10-2022,5138.35,6045.12
maize,bihar,05-11-2022,4946.55,5819.47
maize,bihar,03-12-2022,5124.62,6028.96
maize,bihar,31-12-2022,4505.99,5301.17
maize,bihar,28-01-2023,4478.85,5269.24
maize,bihar,25-02-2023,4627.16,5443.72
maize,bihar,25-03-2023,4474.72,5264.38
maize,bihar,22-04-2023,4911.86,5778.66
maize,bihar,20-05-2023,4525.86,5324.54
maize,bihar,17-06-2023,4964.55,5840.65
maize,bihar,15-07-2023,5033.81,5922.13
maize,bihar,12-08-2023,4847.94,5703.46
maize,bihar,09-09-2023,4942.45,5814.65
maize,bihar,07-10-2023,5132.21,6037.9
maize,bihar,04-11-2023,5045.27,5935.61
maize,bihar,02-12-2023,5293.89,6228.11
maize,bihar,30-12-2023,4496.65,5290.18
maize,bihar,27-01-2024,4456.81,5243.3
maize,bihar,24-02-2024,4372.66,5144.31
maize,bihar,23-03-2024,4780.07,5623.61
maize,bihar,20-04-2024,4901.88,5766.92
maize,bihar,18-05-2024,4594.39,5405.17
maize,bihar,15-06-2024,5033.05,5921.23
maize,bihar,13-07-2024,4788.29,5633.28
maize,bihar,10-08-2024,4990.83,5871.56
maize,bihar,07-09-2024,5034.07,5922.43
maize,bihar,05-10-2024,5092.95,5991.71
maize,bihar,02-11-2024,5281.44,6213.46
maize,bihar,30-11-2024,5397.69,6350.22
maize,bihar,28-12-2024,4347.3,5114.47
maize,bihar,25-01-2025,4486.09,5277.75
maize,bihar,22-02-2025,4607.41,5420.48
maize,bihar,22-03-2025,4502.61,5297.19
maize,bihar,19-04-2025,4519.26,5316.78
maize,bihar,17-05-2025,4792.3,5638.0
maize,bihar,14-06-2025,4791.76,5637.36
maize,bihar,12-07-2025,5063.25,5956.77
maize,bihar,09-08-2025,4726.45,5560.53
maize,bihar,06-09-2025,4785.58,5630.09
maize,bihar,04-10-2025,5065.28,5959.15
maize,odisha,01-01-2022,3425.68,4030.21
maize,odisha,29-01-2022,3400.19,4000.22
maize,odisha,26-02-2022,3338.03,3927.1
maize,odisha,26-03-2022,3337.79,3926.81
maize,odisha,23-04-2022,3693.32,4345.08
maize,odisha,21-05-2022,3494.61,4111.3
maize,odisha,18-06-2022,3517.29,4137.99
maize,odisha,16-07-2022,3714.03,4369.45
maize,odisha,13-08-2022,3538.64,4163.1
maize,odisha,10-09-2022,3574.09,4204.81
maize,odisha,08-10-2022,3788.53,4457.09
maize,odisha,05-11-2022,3697.98,4350.57
maize,odisha,03-12-2022,4004.44,4711.1
maize,odisha,31-12-2022,3332.15,3920.18
maize,odisha,28-01-2023,3287.32,3867.43
maize,odisha,25-02-2023,3311.86,3896.31
maize,odisha,25-03-2023,3500.66,4118.42
maize,odisha,22-04-2023,3522.2,4143.77
maize,odisha,20-05-2023,3417.79,4020.93
maize,odisha,17-06-2023,3778.22,4444.97
maize,odisha,15-07-2023,3789.39,4458.11
maize,odisha,12-08-2023,3560.8,4189.18
maize,odisha,09-09-2023,3629.52,4270.02
maize,odisha,07-10-2023,3755.88,4418.68
maize,odisha,04-11-2023,3903.62,4592.5
maize,odisha,02-12-2023,3855.65,4536.06
maize,odisha,30-12-2023,3396.99,3996.46
maize,odisha,27-01-2024,3553.55,4180.65
maize,odisha,24-02-2024,3476.15,4089.59
maize,odisha,23-03-2024,3488.81,4104.48
maize,odisha,20-04-2024,3595.13,4229.56
maize,odisha,18-05-2024,3491.61,4107.78
maize,odisha,15-06-2024,3435.76,4042.07
maize,odisha,13-07-2024,3525.08,4147.15
maize,odisha,10-08-2024,3536.41,4160.48
maize,odisha,07-09-2024,3701.89,4355.17
maize,odisha,05-10-2024,3897.83,4585.68
maize,odisha,02-11-2024,3833.35,4509.82
maize,odisha,30-11-2024,4023.99,4734.11
maize,odisha,28-12-2024,3489.63,4105.45
maize,odisha,25-01-2025,3390.52,3988.85
maize,odisha,22-02-2025,3472.24,4084.99
maize,odisha,22-03-2025,3570.71,4200.83
maize,odisha,19-04-2025,3455.02,4064.73
maize,odisha,17-05-2025,3707.9,4362.24
maize,odisha,14-06-2025,3597.97,4232.91
maize,odisha,12-07-2025,3728.93,4386.98
maize,odisha,09-08-2025,3775.9,4442.23
maize,odisha,06-09-2025,3663.83,4310.39
maize,odisha,04-10-2025,3824.26,4499.13
pulses,karnataka,01-01-2022,1571.79,1849.17
pulses,karnataka,29-01-2022,1603.58,1886.56
pulses,karnataka,26-02-2022,1731.7,2037.3
pulses,karnataka,26-03-2022,1724.68,2029.03
pulses,karnataka,23-04-2022,1698.44,1998.16
pulses,karnataka,21-05-2022,1796.81,2113.89
pulses,karnataka,18-06-2022,1690.89,1989.28
pulses,karnataka,16-07-2022,1778.55,2092.41
pulses,karnataka,13-08-2022,1767.68,2079.62
pulses,karnataka,10-09-2022,1887.49,2220.58
pulses,karnataka,08-10-2022,1779.66,2093.72
pulses,karnataka,05-11-2022,1915.94,2254.05
pulses,karnataka,03-12-2022,1825.5,2147.65
pulses,karnataka,31-12-2022,1645.38,1935.74
pulses,karnataka,28-01-2023,1610.61,1894.83
pulses,karnataka,25-02-2023,1734.42,2040.49
pulses,karnataka,25-03-2023,1718.74,2022.05
pulses,karnataka,22-04-2023,1743.57,2051.26
pulses,karnataka,20-05-2023,1677.1,1973.06
pulses,karnataka,17-06-2023,1745.02,2052.97
pulses,karnataka,15-07-2023,1853.41,2180.48
pulses,karnataka,12-08-2023,1796.13,2113.09
pulses,karnataka,09-09-2023,1896.46,2231.13
pulses,karnataka,07-10-2023,1749.84,2058.64
pulses,karnataka,04-11-2023,1774.55,2087.71
pulses,karnataka,02-12-2023,1917.53,2255.92
pulses,karnataka,30-12-2023,1596.31,1878.01
pulses,karnataka,27-01-2024,1636.77,1925.61
pulses,karnataka,24-02-2024,1623.93,1910.51
pulses,karnataka,23-03-2024,1686.39,1983.99
pulses,karnataka,20-04-2024,1699.18,1999.03
pulses,karnataka,18-05-2024,1652.24,1943.81
pulses,karnataka,15-06-2024,1780.12,2094.26
pulses,karnataka,13-07-2024,1810.54,2130.05
pulses,karnataka,10-08-2024,1765.46,2077.01
pulses,karnataka,07-09-2024,1851.4,2178.12
pulses,karnataka,05-10-2024,1892.23,2226.15
pulses,karnataka,02-11-2024,1828.4,2151.06
pulses,karnataka,30-11-2024,1776.37,2089.85
pulses,karnataka,28-12-2024,1561.98,1837.62
pulses,karnataka,25-01-2025,1713.45,2015.82
pulses,karnataka,22-02-2025,1636.32,1925.08
pulses,karnataka,22-03-2025,1727.28,2032.09
pulses,karnataka,19-04-2025,1703.03,2003.57
pulses,karnataka,17-05-2025,1651.38,1942.8
pulses,karnataka,14-06-2025,1754.62,2064.26
pulses,karnataka,12-07-2025,1720.9,2024.59
pulses,karnataka,09-08-2025,1867.09,2196.58
pulses,karnataka,06-09-2025,1741.96,2049.36
pulses,karnataka,04-10-2025,1885.77,2218.55
pulses,tamilnadu,01-01-2022,1587.96,1868.19
pulses,tamilnadu,29-01-2022,1582.41,1861.66
pulses,tamilnadu,26-02-2022,1615.78,1900.92
pulses,tamilnadu,26-03-2022,1668.43,1962.86
pulses,tamilnadu,23-04-2022,1729.95,2035.24
pulses,tamilnadu,21-05-2022,1725.42,2029.91
pulses,tamilnadu,18-06-2022,1690.39,1988.7
pulses,tamilnadu,16-07-2022,1832.5,2155.88
pulses,tamilnadu,13-08-2022,1837.95,2162.29
pulses,tamilnadu,10-09-2022,1763.11,2074.25
pulses,tamilnadu,08-10-2022,1820.67,2141.97
pulses,tamilnadu,05-11-2022,1814.46,2134.66
pulses,tamilnadu,03-12-2022,1799.96,2117.6
pulses,tamilnadu,31-12-2022,1670.79,1965.64
pulses,tamilnadu,28-01-2023,1615.35,1900.41
pulses,tamilnadu,25-02-2023,1716.13,2018.98
pulses,tamilnadu,25-03-2023,1760.83,2071.56
pulses,tamilnadu,22-04-2023,1777.69,2091.4
pulses,tamilnadu,20-05-2023,1769.06,2081.25
pulses,tamilnadu,17-06-2023,1803.15,2121.35
pulses,tamilnadu,15-07-2023,1856.32,2183.9
pulses,tamilnadu,12-08-2023,1786.16,2101.37
pulses,tamilnadu,09-09-2023,1791.39,2107.52
pulses,tamilnadu,07-10-2023,1764.22,2075.55
pulses,tamilnadu,04-11-2023,1774.87,2088.08
pulses,tamilnadu,02-12-2023,1939.27,2281.5
pulses,tamilnadu,30-12-2023,1685.92,1983.43
pulses,tamilnadu,27-01-2024,1733.83,2039.8
pulses,tamilnadu,24-02-2024,1661.92,1955.2
pulses,tamilnadu,23-03-2024,1658.96,1951.72
pulses,tamilnadu,20-04-2024,1653.54,1945.34
pulses,tamilnadu,18-05-2024,1730.8,2036.24
pulses,tamilnadu,15-06-2024,1851.31,2178.01
pulses,tamilnadu,13-07-2024,1756.36,2066.3
pulses,tamilnadu,10-08-2024,1750.32,2059.2
pulses,tamilnadu,07-09-2024,1857.26,2185.01
pulses,tamilnadu,05-10-2024,1795.28,2112.09
pulses,tamilnadu,02-11-2024,1938.75,2280.88
pulses,tamilnadu,30-11-2024,1943.9,2286.94
pulses,tamilnadu,28-12-2024,1696.31,1995.66
pulses,tamilnadu,25-01-2025,1607.32,1890.96
pulses,tamilnadu,22-02-2025,1626.98,1914.1
pulses,tamilnadu,22-03-2025,1689.14,1987.22
pulses,tamilnadu,19-04-2025,1656.35,1948.65
pulses,tamilnadu,17-05-2025,1714.31,2016.84
pulses,tamilnadu,14-06-2025,1775.91,2089.3
pulses,tamilnadu,12-07-2025,1730.0,2035.3
pulses,tamilnadu,09-08-2025,1753.02,2062.38
pulses,tamilnadu,06-09-2025,1834.01,2157.66
pulses,tamilnadu,04-10-2025,1927.94,2268.17
pulses,andhrapradesh,01-01-2022,1207.52,1420.61
pulses,andhrapradesh,29-01-2022,1240.55,1459.47
pulses,andhrapradesh,26-02-2022,1232.53,1450.03
pulses,andhrapradesh,26-03-2022,1277.0,1502.35
pulses,andhrapradesh,23-04-2022,1281.14,1507.22
pulses,andhrapradesh,21-05-2022,1305.99,1536.46
pulses,andhrapradesh,18-06-2022,1330.62,1565.44
pulses,andhrapradesh,16-07-2022,1292.99,1521.16
pulses,andhrapradesh,13-08-2022,1410.23,1659.09
pulses,andhrapradesh,10-09-2022,1403.38,1651.04
pulses,andhrapradesh,08-10-2022,1379.84,1623.34
pulses,andhrapradesh,05-11-2022,1352.5,1591.18
pulses,andhrapradesh,03-12-2022,1388.95,1634.06
pulses,andhrapradesh,31-12-2022,1218.42,1433.44
pulses,andhrapradesh,28-01-2023,1271.05,1495.35
pulses,andhrapradesh,25-02-2023,1335.66,1571.37
pulses,andhrapradesh,25-03-2023,1238.26,1456.78
pulses,andhrapradesh,22-04-2023,1309.84,1540.99
pulses,andhrapradesh,20-05-2023,1385.41,1629.89
pulses,andhrapradesh,17-06-2023,1382.97,1627.02
pulses,andhrapradesh,15-07-2023,1307.23,1537.92
pulses,andhrapradesh,12-08-2023,1429.9,1682.24
pulses,andhrapradesh,09-09-2023,1396.47,1642.9
pulses,andhrapradesh,07-10-2023,1465.47,1724.08
pulses,andhrapradesh,04-11-2023,1441.42,1695.79
pulses,andhrapradesh,02-12-2023,1454.6,1711.29
pulses,andhrapradesh,30-12-2023,1301.82,1531.55
pulses,andhrapradesh,27-01-2024,1282.98,1509.39
pulses,andhrapradesh,24-02-2024,1252.71,1473.78
pulses,andhrapradesh,23-03-2024,1307.07,1537.73
pulses,andhrapradesh,20-04-2024,1355.23,1594.39
pulses,andhrapradesh,18-05-2024,1296.59,1525.4
pulses,andhrapradesh,15-06-2024,1383.11,1627.19
pulses,andhrapradesh,13-07-2024,1349.23,1587.33
pulses,andhrapradesh,10-08-2024,1344.61,1581.89
pulses,andhrapradesh,07-09-2024,1397.66,1644.31
pulses,andhrapradesh,05-10-2024,1410.05,1658.88
pulses,andhrapradesh,02-11-2024,1397.04,1643.58
pulses,andhrapradesh,30-11-2024,1449.27,1705.02
pulses,andhrapradesh,28-12-2024,1209.84,1423.34
pulses,andhrapradesh,25-01-2025,1269.61,1493.66
pulses,andhrapradesh,22-02-2025,1336.34,1572.16
pulses,andhrapradesh,22-03-2025,1255.14,1476.63
pulses,andhrapradesh,19-04-2025,1320.3,1553.3
pulses,andhrapradesh,17-05-2025,1373.03,1615.33
pulses,andhrapradesh,14-06-2025,1310.6,1541.88
pulses,andhrapradesh,12-07-2025,1383.8,1628.0
pulses,andhrapradesh,09-08-2025,1402.32,1649.79
pulses,andhrapradesh,06-09-2025,1399.21,1646.13
pulses,andhrapradesh,04-10-2025,1336.63,1572.51
pulses,telangana,01-01-2022,1355.39,1594.58
pulses,telangana,29-01-2022,1352.0,1590.59
pulses,telangana,26-02-2022,1376.13,1618.98
pulses,telangana,26-03-2022,1368.98,1610.57
pulses,telangana,23-04-2022,1514.07,1781.26
pulses,telangana,21-05-2022,1484.24,1746.17
pulses,telangana,18-06-2022,1553.39,1827.52
pulses,telangana,16-07-2022,1540.34,1812.16
pulses,telangana,13-08-2022,1495.53,1759.45
pulses,telangana,10-09-2022,1504.72,1770.26
pulses,telangana,08-10-2022,1578.47,1857.02
pulses,telangana,05-11-2022,1614.36,1899.25
pulses,telangana,03-12-2022,1593.95,1875.24
pulses,telangana,31-12-2022,1449.61,1705.42
pulses,telangana,28-01-2023,1421.53,1672.39
pulses,telangana,25-02-2023,1388.06,1633.01
pulses,telangana,25-03-2023,1366.94,1608.17
pulses,telangana,22-04-2023,1502.96,1768.19
pulses,telangana,20-05-2023,1445.03,1700.03
pulses,telangana,17-06-2023,1448.76,1704.42
pulses,telangana,15-07-2023,1510.25,1776.77
pulses,telangana,12-08-2023,1583.47,1862.91
pulses,telangana,09-09-2023,1564.25,1840.3
pulses,telangana,07-10-2023,1516.96,1784.66
pulses,telangana,04-11-2023,1602.85,1885.71
pulses,telangana,02-12-2023,1625.55,1912.41
pulses,telangana,30-12-2023,1398.49,1645.28
pulses,telangana,27-01-2024,1384.19,1628.46
pulses,telangana,24-02-2024,1392.76,1638.54
pulses,telangana,23-03-2024,1427.04,1678.87
pulses,telangana,20-04-2024,1380.82,1624.49
pulses,telangana,18-05-2024,1524.19,1793.17
pulses,telangana,15-06-2024,1423.14,1674.28
pulses,telangana,13-07-2024,1458.08,1715.39
pulses,telangana,10-08-2024,1542.04,1814.17
pulses,telangana,07-09-2024,1483.7,1745.53
pulses,telangana,05-10-2024,1510.09,1776.58
pulses,telangana,02-11-2024,1509.15,1775.47
pulses,telangana,30-11-2024,1605.37,1888.67
pulses,telangana,28-12-2024,1429.36,1681.6
pulses,telangana,25-01-2025,1461.29,1719.16
pulses,telangana,22-02-2025,1380.66,1624.31
pulses,telangana,22-03-2025,1374.76,1617.37
pulses,telangana,19-04-2025,1485.25,1747.35
pulses,telangana,17-05-2025,1442.12,1696.61
pulses,telangana,14-06-2025,1520.05,1788.29
pulses,telangana,12-07-2025,1465.97,1724.67
pulses,telangana,09-08-2025,1472.37,1732.2
pulses,telangana,06-09-2025,1500.23,1764.98
pulses,telangana,04-10-2025,1522.72,1791.43
pulses,kerala,01-01-2022,1443.67,1698.44
pulses,kerala,29-01-2022,1409.22,1657.91
pulses,kerala,26-02-2022,1500.96,1765.83
pulses,kerala,26-03-2022,1415.6,1665.41
pulses,kerala,23-04-2022,1566.09,1842.46
pulses,kerala,21-05-2022,1497.79,1762.11
pulses,kerala,18-06-2022,1480.1,1741.29
pulses,kerala,16-07-2022,1539.65,1811.35
pulses,kerala,13-08-2022,1567.32,1843.91
pulses,kerala,10-09-2022,1621.49,1907.63
pulses,kerala,08-10-2022,1643.74,1933.81
pulses,kerala,05-11-2022,1671.57,1966.55
pulses,kerala,03-12-2022,1685.63,1983.1
pulses,kerala,31-12-2022,1355.96,1595.25
pulses,kerala,28-01-2023,1425.02,1676.5
pulses,kerala,25-02-2023,1511.58,1778.33
pulses,kerala,25-03-2023,1515.91,1783.42
pulses,kerala,22-04-2023,1558.47,1833.49
pulses,kerala,20-05-2023,1527.59,1797.17
pulses,kerala,17-06-2023,1477.81,1738.6
pulses,kerala,15-07-2023,1583.83,1863.33
pulses,kerala,12-08-2023,1528.48,1798.21
pulses,kerala,09-09-2023,1578.51,1857.07
pulses,kerala,07-10-2023,1594.6,1876.0
pulses,kerala,04-11-2023,1599.57,1881.85
pulses,kerala,02-12-2023,1654.93,1946.98
pulses,kerala,30-12-2023,1363.38,1603.98
pulses,kerala,27-01-2024,1389.72,1634.97
pulses,kerala,24-02-2024,1455.4,1712.24
pulses,kerala,23-03-2024,1426.64,1678.4
pulses,kerala,20-04-2024,1449.01,1704.72
pulses,kerala,18-05-2024,1439.47,1693.5
pulses,kerala,15-06-2024,1531.07,1801.26
pulses,kerala,13-07-2024,1583.63,1863.09
pulses,kerala,10-08-2024,1565.16,1841.36
pulses,kerala,07-09-2024,1651.7,1943.18
pulses,kerala,05-10-2024,1672.57,1967.73
pulses,kerala,02-11-2024,1696.01,1995.31
pulses,kerala,30-11-2024,1616.79,1902.11
pulses,kerala,28-12-2024,1422.87,1673.96
pulses,kerala,25-01-2025,1462.47,1720.55
pulses,kerala,22-02-2025,1472.79,1732.69
pulses,kerala,22-03-2025,1464.18,1722.57
pulses,kerala,19-04-2025,1426.46,1678.19
pulses,kerala,17-05-2025,1576.99,1855.28
pulses,kerala,14-06-2025,1513.33,1780.39
pulses,kerala,12-07-2025,1558.89,1833.99
pulses,kerala,09-08-2025,1518.6,1786.59
pulses,kerala,06-09-2025,1574.17,1851.97
pulses,kerala,04-10-2025,1562.83,1838.62
pulses,maharashtra,01-01-2022,1719.01,2022.37
pulses,maharashtra,29-01-2022,1704.25,2005.0
pulses,maharashtra,26-02-2022,1721.63,2025.45
pulses,maharashtra,26-03-2022,1777.45,2091.12
pulses,maharashtra,23-04-2022,1800.23,2117.92
pulses,maharashtra,21-05-2022,1813.48,2133.51
pulses,maharashtra,18-06-2022,1884.59,2217.17
pulses,maharashtra,16-07-2022,1871.57,2201.85
pulses,maharashtra,13-08-2022,1801.8,2119.77
pulses,maharashtra,10-09-2022,1783.37,2098.08
pulses,maharashtra,08-10-2022,1950.63,2294.86
pulses,maharashtra,05-11-2022,1937.43,2279.33
pulses,maharashtra,03-12-2022,1967.47,2314.67
pulses,maharashtra,31-12-2022,1714.85,2017.47
pulses,maharashtra,28-01-2023,1727.36,2032.19
pulses,maharashtra,25-02-2023,1682.46,1979.36
pulses,maharashtra,25-03-2023,1736.8,2043.3
pulses,maharashtra,22-04-2023,1797.52,2114.73
pulses,maharashtra,20-05-2023,1742.63,2050.15
pulses,maharashtra,17-06-2023,1825.97,2148.2
pulses,maharashtra,15-07-2023,1911.09,2248.34
pulses,maharashtra,12-08-2023,1912.62,2250.14
pulses,maharashtra,09-09-2023,1779.22,2093.2
pulses,maharashtra,07-10-2023,1942.66,2285.48
pulses,maharashtra,04-11-2023,1940.0,2282.35
pulses,maharashtra,02-12-2023,2013.96,2369.37
pulses,maharashtra,30-12-2023,1664.44,1958.16
pulses,maharashtra,27-01-2024,1717.29,2020.34
pulses,maharashtra,24-02-2024,1792.71,2109.07
pulses,maharashtra,23-03-2024,1747.8,2056.24
pulses,maharashtra,20-04-2024,1710.61,2012.48
pulses,maharashtra,18-05-2024,1772.76,2085.6
pulses,maharashtra,15-06-2024,1867.1,2196.59
pulses,maharashtra,13-07-2024,1783.29,2097.99
pulses,maharashtra,10-08-2024,1812.88,2132.8
pulses,maharashtra,07-09-2024,1957.91,2303.42
pulses,maharashtra,05-10-2024,1921.38,2260.45
pulses,maharashtra,02-11-2024,1889.97,2223.5
pulses,maharashtra,30-11-2024,1896.24,2230.87
pulses,maharashtra,28-12-2024,1666.77,1960.91
pulses,maharashtra,25-01-2025,1766.71,2078.48
pulses,maharashtra,22-02-2025,1762.83,2073.92
pulses,maharashtra,22-03-2025,1672.85,1968.06
pulses,maharashtra,19-04-2025,1789.59,2105.4
pulses,maharashtra,17-05-2025,1835.96,2159.95
pulses,maharashtra,14-06-2025,1779.37,2093.38
pulses,maharashtra,12-07-2025,1763.15,2074.29
pulses,maharashtra,09-08-2025,1895.46,2229.95
pulses,maharashtra,06-09-2025,1950.86,2295.13
pulses,maharashtra,04-10-2025,1872.11,2202.48
pulses,gujarat,01-01-2022,1412.36,1661.6
pulses,gujarat,29-01-2022,1406.71,1654.95
pulses,gujarat,26-02-2022,1311.57,1543.02
pulses,gujarat,26-03-2022,1337.07,1573.02
pulses,gujarat,23-04-2022,1441.73,1696.15
pulses,gujarat,21-05-2022,1434.34,1687.46
pulses,gujarat,18-06-2022,1469.94,1729.34
pulses,gujarat,16-07-2022,1498.49,1762.93
pulses,gujarat,13-08-2022,1432.39,1685.16
pulses,gujarat,10-09-2022,1479.19,1740.22
pulses,gujarat,08-10-2022,1545.67,1818.44
pulses,gujarat,05-11-2022,1485.32,1747.43
pulses,gujarat,03-12-2022,1499.13,1763.68
pulses,gujarat,31-12-2022,1407.17,1655.49
pulses,gujarat,28-01-2023,1356.84,1596.28
pulses,gujarat,25-02-2023,1423.77,1675.02
pulses,gujarat,25-03-2023,1353.25,1592.06
pulses,gujarat,22-04-2023,1351.61,1590.13
pulses,gujarat,20-05-2023,1385.37,1629.85
pulses,gujarat,17-06-2023,1485.09,1747.16
pulses,gujarat,15-07-2023,1429.13,1681.33
pulses,gujarat,12-08-2023,1540.75,1812.65
pulses,gujarat,09-09-2023,1484.3,1746.24
pulses,gujarat,07-10-2023,1533.98,1804.68
pulses,gujarat,04-11-2023,1550.62,1824.26
pulses,gujarat,02-12-2023,1605.4,1888.71
pulses,gujarat,30-12-2023,1301.8,1531.53
pulses,gujarat,27-01-2024,1335.36,1571.01
pulses,gujarat,24-02-2024,1363.49,1604.11
pulses,gujarat,23-03-2024,1365.98,1607.03
pulses,gujarat,20-04-2024,1391.65,1637.23
pulses,gujarat,18-05-2024,1443.02,1697.67
pulses,gujarat,15-06-2024,1444.37,1699.26
pulses,gujarat,13-07-2024,1489.68,1752.56
pulses,gujarat,10-08-2024,1422.04,1672.99
pulses,gujarat,07-09-2024,1432.22,1684.96
pulses,gujarat,05-10-2024,1552.91,1826.95
pulses,gujarat,02-11-2024,1456.09,1713.05
pulses,gujarat,30-11-2024,1561.13,1836.62
pulses,gujarat,28-12-2024,1412.44,1661.69
pulses,gujarat,25-01-2025,1308.59,1539.52
pulses,gujarat,22-02-2025,1383.45,1627.59
pulses,gujarat,22-03-2025,1328.33,1562.74
pulses,gujarat,19-04-2025,1428.53,1680.62
pulses,gujarat,17-05-2025,1500.43,1765.21
pulses,gujarat,14-06-2025,1485.4,1747.53
pulses,gujarat,12-07-2025,1527.65,1797.23
pulses,gujarat,09-08-2025,1477.2,1737.88
pulses,gujarat,06-09-2025,1473.55,1733.59
pulses,gujarat,04-10-2025,1504.08,1769.51
pulses,rajasthan,01-01-2022,1435.36,1688.66
pulses,rajasthan,29-01-2022,1468.55,1727.71
pulses,rajasthan,26-02-2022,1460.79,1718.58
pulses,rajasthan,26-03-2022,1496.37,1760.43
pulses,rajasthan,23-04-2022,1474.34,1734.52
pulses,rajasthan,21-05-2022,1449.79,1705.63
pulses,rajasthan,18-06-2022,1419.12,1669.55
pulses,rajasthan,16-07-2022,1480.47,1741.73
pulses,rajasthan,13-08-2022,1493.53,1757.1
pulses,rajasthan,10-09-2022,1475.12,1735.44
pulses,rajasthan,08-10-2022,1547.09,1820.11
pulses,rajasthan,05-11-2022,1602.18,1884.92
pulses,rajasthan,03-12-2022,1624.03,1910.62
pulses,rajasthan,31-12-2022,1435.06,1688.31
pulses,rajasthan,28-01-2023,1348.18,1586.1
pulses,rajasthan,25-02-2023,1430.36,1682.78
pulses,rajasthan,25-03-2023,1486.05,1748.29
pulses,rajasthan,22-04-2023,1418.41,1668.72
pulses,rajasthan,20-05-2023,1496.88,1761.03
pulses,rajasthan,17-06-2023,1531.64,1801.93
pulses,rajasthan,15-07-2023,1482.33,1743.92
pulses,rajasthan,12-08-2023,1537.31,1808.6
pulses,rajasthan,09-09-2023,1560.97,1836.44
pulses,rajasthan,07-10-2023,1549.94,1823.46
pulses,rajasthan,04-11-2023,1557.38,1832.21
pulses,rajasthan,02-12-2023,1538.7,1810.23
pulses,rajasthan,30-12-2023,1448.63,1704.27
pulses,rajasthan,27-01-2024,1462.7,1720.82
pulses,rajasthan,24-02-2024,1460.2,1717.88
pulses,rajasthan,23-03-2024,1363.89,1604.58
pulses,rajasthan,20-04-2024,1430.12,1682.5
pulses,rajasthan,18-05-2024,1400.96,1648.19
pulses,rajasthan,15-06-2024,1530.53,1800.62
pulses,rajasthan,13-07-2024,1475.89,1736.34
pulses,rajasthan,10-08-2024,1510.87,1777.49
pulses,rajasthan,07-09-2024,1552.97,1827.02
pulses,rajasthan,05-10-2024,1538.28,1809.74
pulses,rajasthan,02-11-2024,1588.71,1869.07
pulses,rajasthan,30-11-2024,1521.76,1790.31
pulses,rajasthan,28-12-2024,1371.51,1613.54
pulses,rajasthan,25-01-2025,1459.05,1716.53
pulses,rajasthan,22-02-2025,1476.93,1737.57
pulses,rajasthan,22-03-2025,1502.94,1768.17
pulses,rajasthan,19-04-2025,1502.19,1767.28
pulses,rajasthan,17-05-2025,1527.1,1796.59
pulses,rajasthan,14-06-2025,1519.65,1787.82
pulses,rajasthan,12-07-2025,1471.13,1730.74
pulses,rajasthan,09-08-2025,1473.0,1732.94
pulses,rajasthan,06-09-2025,1481.73,1743.21
pulses,rajasthan,04-10-2025,1556.91,1831.66
pulses,punjab,01-01-2022,1546.05,1818.88
pulses,punjab,29-01-2022,1512.11,1778.95
pulses,punjab,26-02-2022,1473.08,1733.04
pulses,punjab,26-03-2022,1594.62,1876.02
pulses,punjab,23-04-2022,1536.14,1807.22
pulses,punjab,21-05-2022,1613.33,1898.04
pulses,punjab,18-06-2022,1612.33,1896.86
pulses,punjab,16-07-2022,1683.96,1981.13
pulses,punjab,13-08-2022,1587.26,1867.36
pulses,punjab,10-09-2022,1651.46,1942.89
pulses,punjab,08-10-2022,1614.46,1899.37
pulses,punjab,05-11-2022,1725.23,2029.68
pulses,punjab,03-12-2022,1671.77,1966.79
pulses,punjab,31-12-2022,1449.73,1705.57
pulses,punjab,28-01-2023,1549.68,1823.15
pulses,punjab,25-02-2023,1554.47,1828.79
pulses,punjab,25-03-2023,1485.06,1747.13
pulses,punjab,22-04-2023,1557.06,1831.84
pulses,punjab,20-05-2023,1620.11,1906.01
pulses,punjab,17-06-2023,1549.99,1823.52
pulses,punjab,15-07-2023,1692.76,1991.48
pulses,punjab,12-08-2023,1707.85,2009.24
pulses,punjab,09-09-2023,1704.59,2005.4
pulses,punjab,07-10-2023,1632.04,1920.05
pulses,punjab,04-11-2023,1656.47,1948.79
pulses,punjab,02-12-2023,1712.17,2014.32
pulses,punjab,30-12-2023,1552.13,1826.03
pulses,punjab,27-01-2024,1454.44,1711.11
pulses,punjab,24-02-2024,1474.3,1734.47
pulses,punjab,23-03-2024,1554.0,1828.23
pulses,punjab,20-04-2024,1602.6,1885.41
pulses,punjab,18-05-2024,1520.94,1789.34
pulses,punjab,15-06-2024,1635.28,1923.86
pulses,punjab,13-07-2024,1683.5,1980.59
pulses,punjab,10-08-2024,1712.64,2014.87
pulses,punjab,07-09-2024,1704.6,2005.41
pulses,punjab,05-10-2024,1695.89,1995.17
pulses,punjab,02-11-2024,1722.06,2025.95
pulses,punjab,30-11-2024,1695.13,1994.27
pulses,punjab,28-12-2024,1525.24,1794.4
pulses,punjab,25-01-2025,1547.08,1820.09
pulses,punjab,22-02-2025,1511.92,1778.73
pulses,punjab,22-03-2025,1570.66,1847.83
pulses,punjab,19-04-2025,1576.97,1855.26
pulses,punjab,17-05-2025,1642.37,1932.2
pulses,punjab,14-06-2025,1654.0,1945.88
pulses,punjab,12-07-2025,1578.26,1856.78
pulses,punjab,09-08-2025,1578.65,1857.24
pulses,punjab,06-09-2025,1591.91,1872.84
pulses,punjab,04-10-2025,1610.01,1894.13
pulses,haryana,01-01-2022,1655.5,1947.65
pulses,haryana,29-01-2022,1645.23,1935.56
pulses,haryana,26-02-2022,1563.32,1839.2
pulses,haryana,26-03-2022,1623.75,1910.29
pulses,haryana,23-04-2022,1724.14,2028.4
pulses,haryana,21-05-2022,1761.6,2072.47
pulses,haryana,18-06-2022,1717.99,2021.16
pulses,haryana,16-07-2022,1638.72,1927.9
pulses,haryana,13-08-2022,1668.01,1962.37
pulses,haryana,10-09-2022,1770.51,2082.95
pulses,haryana,08-10-2022,1845.94,2171.69
pulses,haryana,05-11-2022,1890.36,2223.95
pulses,haryana,03-12-2022,1790.69,2106.7
pulses,haryana,31-12-2022,1564.75,1840.88
pulses,haryana,28-01-2023,1634.74,1923.22
pulses,haryana,25-02-2023,1673.94,1969.34
pulses,haryana,25-03-2023,1648.76,1939.72
pulses,haryana,22-04-2023,1682.22,1979.08
pulses,haryana,20-05-2023,1638.26,1927.37
pulses,haryana,17-06-2023,1687.02,1984.73
pulses,haryana,15-07-2023,1731.26,2036.78
pulses,haryana,12-08-2023,1737.57,2044.2
pulses,haryana,09-09-2023,1701.55,2001.82
pulses,haryana,07-10-2023,1863.03,2191.8
pulses,haryana,04-11-2023,1864.63,2193.68
pulses,haryana,02-12-2023,1823.56,2145.36
pulses,haryana,30-12-2023,1579.15,1857.82
pulses,haryana,27-01-2024,1622.23,1908.51
pulses,haryana,24-02-2024,1568.16,1844.89
pulses,haryana,23-03-2024,1672.72,1967.91
pulses,haryana,20-04-2024,1715.47,2018.2
pulses,haryana,18-05-2024,1719.29,2022.69
pulses,haryana,15-06-2024,1721.73,2025.56
pulses,haryana,13-07-2024,1691.7,1990.23
pulses,haryana,10-08-2024,1829.98,2152.92
pulses,haryana,07-09-2024,1697.8,1997.41
pulses,haryana,05-10-2024,1872.65,2203.12
pulses,haryana,02-11-2024,1841.05,2165.94
pulses,haryana,30-11-2024,1819.63,2140.74
pulses,haryana,28-12-2024,1638.29,1927.4
pulses,haryana,25-01-2025,1605.14,1888.4
pulses,haryana,22-02-2025,1658.92,1951.67
pulses,haryana,22-03-2025,1625.23,1912.03
pulses,haryana,19-04-2025,1745.42,2053.44
pulses,haryana,17-05-2025,1656.96,1949.37
pulses,haryana,14-06-2025,1760.77,2071.5
pulses,haryana,12-07-2025,1674.75,1970.29
pulses,haryana,09-08-2025,1785.03,2100.03
pulses,haryana,06-09-2025,1818.99,2139.99
pulses,haryana,04-10-2025,1819.77,2140.9
pulses,uttarpradesh,01-01-2022,1249.37,1469.85
pulses,uttarpradesh,29-01-2022,1181.19,1389.64
pulses,uttarpradesh,26-02-2022,1233.85,1451.59
pulses,uttarpradesh,26-03-2022,1236.9,1455.18
pulses,uttarpradesh,23-04-2022,1326.77,1560.9
pulses,uttarpradesh,21-05-2022,1300.89,1530.46
pulses,uttarpradesh,18-06-2022,1340.69,1577.28
pulses,uttarpradesh,16-07-2022,1374.93,1617.57
pulses,uttarpradesh,13-08-2022,1331.97,1567.02
pulses,uttarpradesh,10-09-2022,1318.84,1551.58
pulses,uttarpradesh,08-10-2022,1379.8,1623.29
pulses,uttarpradesh,05-11-2022,1437.92,1691.67
pulses,uttarpradesh,03-12-2022,1421.46,1672.31
pulses,uttarpradesh,31-12-2022,1192.19,1402.58
pulses,uttarpradesh,28-01-2023,1223.76,1439.72
pulses,uttarpradesh,25-02-2023,1208.6,1421.88
pulses,uttarpradesh,25-03-2023,1274.99,1499.99
pulses,uttarpradesh,22-04-2023,1226.88,1443.39
pulses,uttarpradesh,20-05-2023,1326.12,1560.14
pulses,uttarpradesh,17-06-2023,1281.77,1507.97
pulses,uttarpradesh,15-07-2023,1262.2,1484.94
pulses,uttarpradesh,12-08-2023,1359.05,1598.88
pulses,uttarpradesh,09-09-2023,1351.42,1589.91
pulses,uttarpradesh,07-10-2023,1397.03,1643.57
pulses,uttarpradesh,04-11-2023,1418.67,1669.02
pulses,uttarpradesh,02-12-2023,1414.79,1664.46
pulses,uttarpradesh,30-12-2023,1200.21,1412.01
pulses,uttarpradesh,27-01-2024,1179.32,1387.44
pulses,uttarpradesh,24-02-2024,1190.62,1400.73
pulses,uttarpradesh,23-03-2024,1274.93,1499.92
pulses,uttarpradesh,20-04-2024,1239.03,1457.68
pulses,uttarpradesh,18-05-2024,1235.02,1452.97
pulses,uttarpradesh,15-06-2024,1259.02,1481.2
pulses,uttarpradesh,13-07-2024,1343.13,1580.15
pulses,uttarpradesh,10-08-2024,1356.8,1596.24
pulses,uttarpradesh,07-09-2024,1274.84,1499.81
pulses,uttarpradesh,05-10-2024,1386.31,1630.95
pulses,uttarpradesh,02-11-2024,1381.09,1624.81
pulses,uttarpradesh,30-11-2024,1410.46,1659.36
pulses,uttarpradesh,28-12-2024,1264.2,1487.3
pulses,uttarpradesh,25-01-2025,1177.36,1385.13
pulses,uttarpradesh,22-02-2025,1291.04,1518.87
pulses,uttarpradesh,22-03-2025,1241.31,1460.37
pulses,uttarpradesh,19-04-2025,1308.7,1539.65
pulses,uttarpradesh,17-05-2025,1335.05,1570.65
pulses,uttarpradesh,14-06-2025,1243.2,1462.59
pulses,uttarpradesh,12-07-2025,1372.72,1614.96
pulses,uttarpradesh,09-08-2025,1283.14,1509.58
pulses,uttarpradesh,06-09-2025,1280.64,1506.64
pulses,uttarpradesh,04-10-2025,1420.79,1671.52
pulses,madhyapradesh,01-01-2022,1550.42,1824.02
pulses,madhyapradesh,29-01-2022,1628.29,1915.63
pulses,madhyapradesh,26-02-2022,1594.39,1875.75
pulses,madhyapradesh,26-03-2022,1578.25,1856.77
pulses,madhyapradesh,23-04-2022,1537.57,1808.9
pulses,madhyapradesh,21-05-2022,1589.58,1870.1
pulses,madhyapradesh,18-06-2022,1649.16,1940.19
pulses,madhyapradesh,16-07-2022,1701.6,2001.88
pulses,madhyapradesh,13-08-2022,1766.15,2077.82
pulses,madhyapradesh,10-09-2022,1734.63,2040.74
pulses,madhyapradesh,08-10-2022,1706.15,2007.24
pulses,madhyapradesh,05-11-2022,1780.35,2094.53
pulses,madhyapradesh,03-12-2022,1818.16,2139.01
pulses,madhyapradesh,31-12-2022,1560.42,1835.79
pulses,madhyapradesh,28-01-2023,1598.42,1880.5
pulses,madhyapradesh,25-02-2023,1631.85,1919.82
pulses,madhyapradesh,25-03-2023,1617.51,1902.95
pulses,madhyapradesh,22-04-2023,1576.46,1854.66
pulses,madhyapradesh,20-05-2023,1656.88,1949.27
pulses,madhyapradesh,17-06-2023,1629.14,1916.63
pulses,madhyapradesh,15-07-2023,1606.73,1890.27
pulses,madhyapradesh,12-08-2023,1618.85,1904.53
pulses,madhyapradesh,09-09-2023,1706.68,2007.86
pulses,madhyapradesh,07-10-2023,1756.85,2066.88
pulses,madhyapradesh,04-11-2023,1748.54,2057.11
pulses,madhyapradesh,02-12-2023,1681.77,1978.55
pulses,madhyapradesh,30-12-2023,1547.28,1820.33
pulses,madhyapradesh,27-01-2024,1566.53,1842.98
pulses,madhyapradesh,24-02-2024,1538.77,1810.32
pulses,madhyapradesh,23-03-2024,1632.65,1920.77
pulses,madhyapradesh,20-04-2024,1660.19,1953.16
pulses,madhyapradesh,18-05-2024,1579.84,1858.63
pulses,madhyapradesh,15-06-2024,1648.43,1939.33
pulses,madhyapradesh,13-07-2024,1694.35,1993.35
pulses,madhyapradesh,10-08-2024,1678.15,1974.3
pulses,madhyapradesh,07-09-2024,1720.72,2024.38
pulses,madhyapradesh,05-10-2024,1658.48,1951.15
pulses,madhyapradesh,02-11-2024,1670.59,1965.4
pulses,madhyapradesh,30-11-2024,1838.21,2162.6
pulses,madhyapradesh,28-12-2024,1581.42,1860.5
pulses,madhyapradesh,25-01-2025,1506.23,1772.03
pulses,madhyapradesh,22-02-2025,1623.65,1910.18
pulses,madhyapradesh,22-03-2025,1517.02,1784.73
pulses,madhyapradesh,19-04-2025,1621.76,1907.95
pulses,madhyapradesh,17-05-2025,1637.82,1926.85
pulses,madhyapradesh,14-06-2025,1702.58,2003.04
pulses,madhyapradesh,12-07-2025,1668.29,1962.69
pulses,madhyapradesh,09-08-2025,1692.55,1991.24
pulses,madhyapradesh,06-09-2025,1722.99,2027.05
pulses,madhyapradesh,04-10-2025,1764.61,2076.01
pulses,westbengal,01-01-2022,1552.89,1826.93
pulses,westbengal,29-01-2022,1675.01,1970.6
pulses,westbengal,26-02-2022,1730.82,2036.26
pulses,westbengal,26-03-2022,1740.49,2047.63
pulses,westbengal,23-04-2022,1639.96,1929.37
pulses,westbengal,21-05-2022,1731.17,2036.67
pulses,westbengal,18-06-2022,1678.8,1975.06
pulses,westbengal,16-07-2022,1764.04,2075.34
pulses,westbengal,13-08-2022,1827.9,2150.47
pulses,westbengal,10-09-2022,1727.05,2031.82
pulses,westbengal,08-10-2022,1747.46,2055.83
pulses,westbengal,05-11-2022,1781.05,2095.35
pulses,westbengal,03-12-2022,1792.22,2108.5
pulses,westbengal,31-12-2022,1623.64,1910.16
pulses,westbengal,28-01-2023,1691.09,1989.52
pulses,westbengal,25-02-2023,1576.9,1855.18
pulses,westbengal,25-03-2023,1754.26,2063.84
pulses,westbengal,22-04-2023,1695.1,1994.23
pulses,westbengal,20-05-2023,1690.79,1989.17
pulses,westbengal,17-06-2023,1742.02,2049.43
pulses,westbengal,15-07-2023,1740.94,2048.16
pulses,westbengal,12-08-2023,1853.58,2180.68
pulses,westbengal,09-09-2023,1704.97,2005.85
pulses,westbengal,07-10-2023,1778.63,2092.51
pulses,westbengal,04-11-2023,1916.83,2255.09
pulses,westbengal,02-12-2023,1858.69,2186.69
pulses,westbengal,30-12-2023,1659.18,1951.98
pulses,westbengal,27-01-2024,1659.68,1952.56
pulses,westbengal,24-02-2024,1644.69,1934.93
pulses,westbengal,23-03-2024,1686.83,1984.51
pulses,westbengal,20-04-2024,1727.11,2031.89
pulses,westbengal,18-05-2024,1718.07,2021.26
pulses,westbengal,15-06-2024,1818.6,2139.53
pulses,westbengal,13-07-2024,1728.49,2033.52
pulses,westbengal,10-08-2024,1781.34,2095.7
pulses,westbengal,07-09-2024,1742.62,2050.14
pulses,westbengal,05-10-2024,1742.05,2049.47
pulses,westbengal,02-11-2024,1893.62,2227.79
pulses,westbengal,30-11-2024,1806.31,2125.07
pulses,westbengal,28-12-2024,1563.22,1839.08
pulses,westbengal,25-01-2025,1600.96,1883.48
pulses,westbengal,22-02-2025,1708.81,2010.37
pulses,westbengal,22-03-2025,1750.5,2059.41
pulses,westbengal,19-04-2025,1711.36,2013.37
pulses,westbengal,17-05-2025,1665.51,1959.42
pulses,westbengal,14-06-2025,1709.87,2011.61
pulses,westbengal,12-07-2025,1689.26,1987.37
pulses,westbengal,09-08-2025,1796.27,2113.26
pulses,westbengal,06-09-2025,1718.31,2021.54
pulses,westbengal,04-10-2025,1770.35,2082.77
pulses,bihar,01-01-2022,1443.56,1698.31
pulses,bihar,29-01-2022,1390.82,1636.26
pulses,bihar,26-02-2022,1362.9,1603.41
pulses,bihar,26-03-2022,1404.1,1651.88
pulses,bihar,23-04-2022,1445.91,1701.07
pulses,bihar,21-05-2022,1502.77,1767.96
pulses,bihar,18-06-2022,1496.76,1760.89
pulses,bihar,16-07-2022,1443.92,1698.73
pulses,bihar,13-08-2022,1561.53,1837.09
pulses,bihar,10-09-2022,1619.78,1905.62
pulses,bihar,08-10-2022,1591.35,1872.18
pulses,bihar,05-11-2022,1529.45,1799.35
pulses,bihar,03-12-2022,1574.85,1852.77
pulses,bihar,31-12-2022,1409.38,1658.1
pulses,bihar,28-01-2023,1449.89,1705.75
pulses,bihar,25-02-2023,1437.1,1690.7
pulses,bihar,25-03-2023,1427.91,1679.9
pulses,bihar,22-04-2023,1406.31,1654.48
pulses,bihar,20-05-2023,1546.69,1819.63
pulses,bihar,17-06-2023,1481.51,1742.95
pulses,bihar,15-07-2023,1437.19,1690.81
pulses,bihar,12-08-2023,1541.83,1813.92
pulses,bihar,09-09-2023,1478.12,1738.97
pulses,bihar,07-10-2023,1502.05,1767.12
pulses,bihar,04-11-2023,1516.41,1784.01
pulses,bihar,02-12-2023,1602.97,1885.85
pulses,bihar,30-12-2023,1327.33,1561.56
pulses,bihar,27-01-2024,1424.56,1675.95
pulses,bihar,24-02-2024,1402.66,1650.19
pulses,bihar,23-03-2024,1415.51,1665.31
pulses,bihar,20-04-2024,1423.76,1675.01
pulses,bihar,18-05-2024,1528.47,1798.2
pulses,bihar,15-06-2024,1450.51,1706.48
pulses,bihar,13-07-2024,1434.77,1687.96
pulses,bihar,10-08-2024,1507.27,1773.26
pulses,bihar,07-09-2024,1615.68,1900.8
pulses,bihar,05-10-2024,1541.7,1813.76
pulses,bihar,02-11-2024,1515.62,1783.08
pulses,bihar,30-11-2024,1663.15,1956.65
pulses,bihar,28-12-2024,1342.56,1579.48
pulses,bihar,25-01-2025,1436.94,1690.52
pulses,bihar,22-02-2025,1394.66,1640.78
pulses,bihar,22-03-2025,1485.73,1747.92
pulses,bihar,19-04-2025,1455.28,1712.09
pulses,bihar,17-05-2025,1478.36,1739.25
pulses,bihar,14-06-2025,1521.3,1789.77
pulses,bihar,12-07-2025,1563.84,1839.81
pulses,bihar,09-08-2025,1533.88,1804.57
pulses,bihar,06-09-2025,1559.91,1835.19
pulses,bihar,04-10-2025,1622.53,1908.86
pulses,odisha,01-01-2022,1327.48,1561.74
pulses,odisha,29-01-2022,1272.38,1496.92
pulses,odisha,26-02-2022,1282.28,1508.56
pulses,odisha,26-03-2022,1350.11,1588.36
pulses,odisha,23-04-2022,1396.58,1643.04
pulses,odisha,21-05-2022,1354.28,1593.27
pulses,odisha,18-06-2022,1378.78,1622.09
pulses,odisha,16-07-2022,1430.01,1682.36
pulses,odisha,13-08-2022,1394.31,1640.37
pulses,odisha,10-09-2022,1360.77,1600.9
pulses,odisha,08-10-2022,1359.15,1599.0
pulses,odisha,05-11-2022,1447.07,1702.43
pulses,odisha,03-12-2022,1410.63,1659.56
pulses,odisha,31-12-2022,1223.26,1439.13
pulses,odisha,28-01-2023,1271.0,1495.29
pulses,odisha,25-02-2023,1333.11,1568.36
pulses,odisha,25-03-2023,1259.35,1481.59
pulses,odisha,22-04-2023,1364.22,1604.97
pulses,odisha,20-05-2023,1414.06,1663.6
pulses,odisha,17-06-2023,1394.2,1640.23
pulses,odisha,15-07-2023,1347.04,1584.75
pulses,odisha,12-08-2023,1412.74,1662.05
pulses,odisha,09-09-2023,1442.63,1697.21
pulses,odisha,07-10-2023,1383.96,1628.19
pulses,odisha,04-11-2023,1515.37,1782.79
pulses,odisha,02-12-2023,1504.56,1770.07
pulses,odisha,30-12-2023,1271.02,1495.32
pulses,odisha,27-01-2024,1257.75,1479.71
pulses,odisha,24-02-2024,1293.04,1521.22
pulses,odisha,23-03-2024,1376.52,1619.44
pulses,odisha,20-04-2024,1385.03,1629.45
pulses,odisha,18-05-2024,1392.39,1638.11
pulses,odisha,15-06-2024,1339.24,1575.58
pulses,odisha,13-07-2024,1431.15,1683.71
pulses,odisha,10-08-2024,1460.09,1717.75
pulses,odisha,07-09-2024,1400.19,1647.28
pulses,odisha,05-10-2024,1402.49,1649.99
pulses,odisha,02-11-2024,1385.87,1630.44
pulses,odisha,30-11-2024,1399.52,1646.49
pulses,odisha,28-12-2024,1299.96,1529.37
pulses,odisha,25-01-2025,1343.83,1580.98
pulses,odisha,22-02-2025,1258.82,1480.97
pulses,odisha,22-03-2025,1259.95,1482.29
pulses,odisha,19-04-2025,1366.62,1607.79
pulses,odisha,17-05-2025,1357.31,1596.84
pulses,odisha,14-06-2025,1364.87,1605.73
pulses,odisha,12-07-2025,1433.42,1686.38
pulses,odisha,09-08-2025,1462.14,1720.17
pulses,odisha,06-09-2025,1402.66,1650.19
pulses,odisha,04-10-2025,1430.5,1682.94
groundnut,karnataka,01-01-2022,1563.18,1839.04
groundnut,karnataka,29-01-2022,1588.29,1868.58
groundnut,karnataka,26-02-2022,1685.39,1982.81
groundnut,karnataka,26-03-2022,1688.05,1985.94
groundnut,karnataka,23-04-2022,1677.07,1973.02
groundnut,karnataka,21-05-2022,1648.34,1939.22
groundnut,karnataka,18-06-2022,1703.18,2003.74
groundnut,karnataka,16-07-2022,1773.13,2086.03
groundnut,karnataka,13-08-2022,1765.04,2076.52
groundnut,karnataka,10-09-2022,1779.53,2093.57
groundnut,karnataka,08-10-2022,1797.45,2114.65
groundnut,karnataka,05-11-2022,1825.77,2147.97
groundnut,karnataka,03-12-2022,1754.77,2064.44
groundnut,karnataka,31-12-2022,1603.81,1886.83
groundnut,karnataka,28-01-2023,1657.41,1949.9
groundnut,karnataka,25-02-2023,1657.36,1949.84
groundnut,karnataka,25-03-2023,1686.79,1984.46
groundnut,karnataka,22-04-2023,1649.15,1940.18
groundnut,karnataka,20-05-2023,1682.23,1979.1
groundnut,karnataka,17-06-2023,1701.68,2001.98
groundnut,karnataka,15-07-2023,1782.28,2096.8
groundnut,karnataka,12-08-2023,1752.74,2062.05
groundnut,karnataka,09-09-2023,1808.76,2127.95
groundnut,karnataka,07-10-2023,1765.9,2077.53
groundnut,karnataka,04-11-2023,1732.33,2038.03
groundnut,karnataka,02-12-2023,1724.33,2028.62
groundnut,karnataka,30-12-2023,1619.53,1905.33
groundnut,karnataka,27-01-2024,1588.08,1868.33
groundnut,karnataka,24-02-2024,1678.1,1974.23
groundnut,karnataka,23-03-2024,1612.43,1896.98
groundnut,karnataka,20-04-2024,1624.64,1911.34
groundnut,karnataka,18-05-2024,1642.98,1932.92
groundnut,karnataka,15-06-2024,1618.48,1904.1
groundnut,karnataka,13-07-2024,1773.66,2086.66
groundnut,karnataka,10-08-2024,1679.57,1975.97
groundnut,karnataka,07-09-2024,1749.04,2057.69
groundnut,karnataka,05-10-2024,1808.7,2127.88
groundnut,karnataka,02-11-2024,1713.23,2015.56
groundnut,karnataka,30-11-2024,1764.68,2076.09
groundnut,karnataka,28-12-2024,1534.03,1804.74
groundnut,karnataka,25-01-2025,1540.4,1812.24
groundnut,karnataka,22-02-2025,1643.66,1933.72
groundnut,karnataka,22-03-2025,1636.17,1924.91
groundnut,karnataka,19-04-2025,1598.06,1880.07
groundnut,karnataka,17-05-2025,1631.58,1919.51
groundnut,karnataka,14-06-2025,1756.52,2066.5
groundnut,karnataka,12-07-2025,1727.5,2032.35
groundnut,karnataka,09-08-2025,1778.79,2092.7
groundnut,karnataka,06-09-2025,1661.28,1954.45
groundnut,karnataka,04-10-2025,1755.25,2065.0
groundnut,tamilnadu,01-01-2022,1502.6,1767.76
groundnut,tamilnadu,29-01-2022,1501.16,1766.07
groundnut,tamilnadu,26-02-2022,1559.71,1834.95
groundnut,tamilnadu,26-03-2022,1533.9,1804.59
groundnut,tamilnadu,23-04-2022,1556.35,1831.0
groundnut,tamilnadu,21-05-2022,1519.1,1787.18
groundnut,tamilnadu,18-06-2022,1680.05,1976.53
groundnut,tamilnadu,16-07-2022,1584.38,1863.98
groundnut,tamilnadu,13-08-2022,1630.42,1918.14
groundnut,tamilnadu,10-09-2022,1606.55,1890.06
groundnut,tamilnadu,08-10-2022,1690.68,1989.03
groundnut,tamilnadu,05-11-2022,1639.74,1929.11
groundnut,tamilnadu,03-12-2022,1732.03,2037.68
groundnut,tamilnadu,31-12-2022,1452.27,1708.55
groundnut,tamilnadu,28-01-2023,1465.83,1724.51
groundnut,tamilnadu,25-02-2023,1539.95,1811.71
groundnut,tamilnadu,25-03-2023,1506.91,1772.84
groundnut,tamilnadu,22-04-2023,1604.16,1887.25
groundnut,tamilnadu,20-05-2023,1554.42,1828.73
groundnut,tamilnadu,17-06-2023,1600.04,1882.4
groundnut,tamilnadu,15-07-2023,1602.89,1885.75
groundnut,tamilnadu,12-08-2023,1642.63,1932.51
groundnut,tamilnadu,09-09-2023,1620.07,1905.97
groundnut,tamilnadu,07-10-2023,1744.74,2052.63
groundnut,tamilnadu,04-11-2023,1643.84,1933.93
groundnut,tamilnadu,02-12-2023,1718.93,2022.27
groundnut,tamilnadu,30-12-2023,1555.41,1829.9
groundnut,tamilnadu,27-01-2024,1471.62,1731.32
groundnut,tamilnadu,24-02-2024,1519.34,1787.46
groundnut,tamilnadu,23-03-2024,1550.36,1823.95
groundnut,tamilnadu,20-04-2024,1557.19,1831.99
groundnut,tamilnadu,18-05-2024,1657.41,1949.89
groundnut,tamilnadu,15-06-2024,1568.2,1844.94
groundnut,tamilnadu,13-07-2024,1584.94,1864.64
groundnut,tamilnadu,10-08-2024,1578.42,1856.97
groundnut,tamilnadu,07-09-2024,1655.61,1947.78
groundnut,tamilnadu,05-10-2024,1733.29,2039.17
groundnut,tamilnadu,02-11-2024,1779.39,2093.4
groundnut,tamilnadu,30-11-2024,1670.8,1965.65
groundnut,tamilnadu,28-12-2024,1459.08,1716.57
groundnut,tamilnadu,25-01-2025,1519.98,1788.21
groundnut,tamilnadu,22-02-2025,1567.37,1843.97
groundnut,tamilnadu,22-03-2025,1524.11,1793.07
groundnut,tamilnadu,19-04-2025,1566.97,1843.49
groundnut,tamilnadu,17-05-2025,1606.2,1889.65
groundnut,tamilnadu,14-06-2025,1665.44,1959.34
groundnut,tamilnadu,12-07-2025,1670.78,1965.62
groundnut,tamilnadu,09-08-2025,1625.51,1912.37
groundnut,tamilnadu,06-09-2025,1717.49,2020.58
groundnut,tamilnadu,04-10-2025,1756.62,2066.61
groundnut,andhrapradesh,01-01-2022,1501.83,1766.86
groundnut,andhrapradesh,29-01-2022,1508.82,1775.08
groundnut,andhrapradesh,26-02-2022,1460.33,1718.04
groundnut,andhrapradesh,26-03-2022,1436.38,1689.86
groundnut,andhrapradesh,23-04-2022,1453.37,1709.85
groundnut,andhrapradesh,21-05-2022,1457.37,1714.55
groundnut,andhrapradesh,18-06-2022,1495.29,1759.17
groundnut,andhrapradesh,16-07-2022,1566.61,1843.07
groundnut,andhrapradesh,13-08-2022,1626.95,1914.06
groundnut,andhrapradesh,10-09-2022,1560.33,1835.68
groundnut,andhrapradesh,08-10-2022,1649.42,1940.5
groundnut,andhrapradesh,05-11-2022,1612.64,1897.22
groundnut,andhrapradesh,03-12-2022,1735.39,2041.64
groundnut,andhrapradesh,31-12-2022,1475.01,1735.31
groundnut,andhrapradesh,28-01-2023,1449.19,1704.93
groundnut,andhrapradesh,25-02-2023,1445.65,1700.77
groundnut,andhrapradesh,25-03-2023,1492.62,1756.02
groundnut,andhrapradesh,22-04-2023,1552.16,1826.07
groundnut,andhrapradesh,20-05-2023,1492.06,1755.36
groundnut,andhrapradesh,17-06-2023,1494.82,1758.61
groundnut,andhrapradesh,15-07-2023,1568.37,1845.14
groundnut,andhrapradesh,12-08-2023,1544.88,1817.51
groundnut,andhrapradesh,09-09-2023,1645.29,1935.64
groundnut,andhrapradesh,07-10-2023,1679.54,1975.93
groundnut,andhrapradesh,04-11-2023,1719.48,2022.92
groundnut,andhrapradesh,02-12-2023,1614.62,1899.55
groundnut,andhrapradesh,30-12-2023,1486.99,1749.4
groundnut,andhrapradesh,27-01-2024,1414.77,1664.44
groundnut,andhrapradesh,24-02-2024,1507.24,1773.22
groundnut,andhrapradesh,23-03-2024,1541.05,1813.0
groundnut,andhrapradesh,20-04-2024,1543.12,1815.43
groundnut,andhrapradesh,18-05-2024,1531.02,1801.2
groundnut,andhrapradesh,15-06-2024,1499.26,1763.84
groundnut,andhrapradesh,13-07-2024,1643.77,1933.85
groundnut,andhrapradesh,10-08-2024,1599.03,1881.21
groundnut,andhrapradesh,07-09-2024,1624.1,1910.71
groundnut,andhrapradesh,05-10-2024,1576.67,1854.91
groundnut,andhrapradesh,02-11-2024,1578.25,1856.77
groundnut,andhrapradesh,30-11-2024,1580.01,1858.83
groundnut,andhrapradesh,28-12-2024,1511.45,1778.18
groundnut,andhrapradesh,25-01-2025,1521.37,1789.85
groundnut,andhrapradesh,22-02-2025,1465.86,1724.54
groundnut,andhrapradesh,22-03-2025,1512.12,1778.97
groundnut,andhrapradesh,19-04-2025,1450.81,1706.84
groundnut,andhrapradesh,17-05-2025,1461.93,1719.92
groundnut,andhrapradesh,14-06-2025,1534.28,1805.03
groundnut,andhrapradesh,12-07-2025,1536.29,1807.4
groundnut,andhrapradesh,09-08-2025,1605.7,1889.06
groundnut,andhrapradesh,06-09-2025,1559.51,1834.72
groundnut,andhrapradesh,04-10-2025,1593.98,1875.27
groundnut,telangana,01-01-2022,1429.78,1682.09
groundnut,telangana,29-01-2022,1467.0,1725.88
groundnut,telangana,26-02-2022,1435.35,1688.65
groundnut,telangana,26-03-2022,1447.63,1703.09
groundnut,telangana,23-04-2022,1466.73,1725.57
groundnut,telangana,21-05-2022,1494.85,1758.65
groundnut,telangana,18-06-2022,1522.7,1791.41
groundnut,telangana,16-07-2022,1525.11,1794.25
groundnut,telangana,13-08-2022,1499.83,1764.51
groundnut,telangana,10-09-2022,1515.79,1783.28
groundnut,telangana,08-10-2022,1534.59,1805.4
groundnut,telangana,05-11-2022,1664.12,1957.79
groundnut,telangana,03-12-2022,1594.88,1876.33
groundnut,telangana,31-12-2022,1424.38,1675.74
groundnut,telangana,28-01-2023,1505.27,1770.9
groundnut,telangana,25-02-2023,1405.56,1653.6
groundnut,telangana,25-03-2023,1435.12,1688.38
groundnut,telangana,22-04-2023,1566.87,1843.38
groundnut,telangana,20-05-2023,1496.76,1760.89
groundnut,telangana,17-06-2023,1505.24,1770.87
groundnut,telangana,15-07-2023,1490.48,1753.51
groundnut,telangana,12-08-2023,1494.51,1758.25
groundnut,telangana,09-09-2023,1596.95,1878.77
groundnut,telangana,07-10-2023,1664.7,1958.47
groundnut,telangana,04-11-2023,1596.95,1878.76
groundnut,telangana,02-12-2023,1681.8,1978.59
groundnut,telangana,30-12-2023,1408.57,1657.14
groundnut,telangana,27-01-2024,1486.51,1748.83
groundnut,telangana,24-02-2024,1468.23,1727.33
groundnut,telangana,23-03-2024,1462.79,1720.93
groundnut,telangana,20-04-2024,1522.17,1790.79
groundnut,telangana,18-05-2024,1473.46,1733.48
groundnut,telangana,15-06-2024,1517.47,1785.26
groundnut,telangana,13-07-2024,1613.22,1897.91
groundnut,telangana,10-08-2024,1512.86,1779.84
groundnut,telangana,07-09-2024,1627.27,1914.43
groundnut,telangana,05-10-2024,1545.55,1818.3
groundnut,telangana,02-11-2024,1638.43,1927.56
groundnut,telangana,30-11-2024,1709.87,2011.61
groundnut,telangana,28-12-2024,1450.41,1706.37
groundnut,telangana,25-01-2025,1401.42,1648.73
groundnut,telangana,22-02-2025,1493.97,1757.61
groundnut,telangana,22-03-2025,1544.88,1817.5
groundnut,telangana,19-04-2025,1435.89,1689.28
groundnut,telangana,17-05-2025,1524.53,1793.56
groundnut,telangana,14-06-2025,1511.16,1777.83
groundnut,telangana,12-07-2025,1588.09,1868.34
groundnut,telangana,09-08-2025,1647.83,1938.62
groundnut,telangana,06-09-2025,1541.38,1813.39
groundnut,telangana,04-10-2025,1642.01,1931.78
groundnut,kerala,01-01-2022,1152.9,1356.35
groundnut,kerala,29-01-2022,1210.48,1424.1
groundnut,kerala,26-02-2022,1189.07,1398.91
groundnut,kerala,26-03-2022,1280.62,1506.61
groundnut,kerala,23-04-2022,1293.06,1521.25
groundnut,kerala,21-05-2022,1315.17,1547.26
groundnut,kerala,18-06-2022,1339.35,1575.7
groundnut,kerala,16-07-2022,1344.51,1581.78
groundnut,kerala,13-08-2022,1301.54,1531.22
groundnut,kerala,10-09-2022,1351.87,1590.43
groundnut,kerala,08-10-2022,1392.92,1638.73
groundnut,kerala,05-11-2022,1294.31,1522.72
groundnut,kerala,03-12-2022,1356.56,1595.95
groundnut,kerala,31-12-2022,1240.87,1459.85
groundnut,kerala,28-01-2023,1204.88,1417.5
groundnut,kerala,25-02-2023,1160.95,1365.82
groundnut,kerala,25-03-2023,1246.32,1466.26
groundnut,kerala,22-04-2023,1273.49,1498.22
groundnut,kerala,20-05-2023,1216.87,1431.61
groundnut,kerala,17-06-2023,1220.48,1435.86
groundnut,kerala,15-07-2023,1302.0,1531.76
groundnut,kerala,12-08-2023,1346.79,1584.46
groundnut,kerala,09-09-2023,1348.75,1586.77
groundnut,kerala,07-10-2023,1370.16,1611.95
groundnut,kerala,04-11-2023,1338.93,1575.21
groundnut,kerala,02-12-2023,1392.89,1638.69
groundnut,kerala,30-12-2023,1233.61,1451.31
groundnut,kerala,27-01-2024,1261.2,1483.76
groundnut,kerala,24-02-2024,1178.47,1386.43
groundnut,kerala,23-03-2024,1265.02,1488.26
groundnut,kerala,20-04-2024,1234.45,1452.3
groundnut,kerala,18-05-2024,1299.06,1528.31
groundnut,kerala,15-06-2024,1265.92,1489.32
groundnut,kerala,13-07-2024,1263.88,1486.92
groundnut,kerala,10-08-2024,1266.94,1490.52
groundnut,kerala,07-09-2024,1278.13,1503.68
groundnut,kerala,05-10-2024,1300.19,1529.64
groundnut,kerala,02-11-2024,1379.41,1622.83
groundnut,kerala,30-11-2024,1419.48,1669.98
groundnut,kerala,28-12-2024,1224.14,1440.17
groundnut,kerala,25-01-2025,1199.04,1410.63
groundnut,kerala,22-02-2025,1244.58,1464.21
groundnut,kerala,22-03-2025,1237.17,1455.5
groundnut,kerala,19-04-2025,1224.37,1440.43
groundnut,kerala,17-05-2025,1228.42,1445.2
groundnut,kerala,14-06-2025,1305.23,1535.56
groundnut,kerala,12-07-2025,1300.19,1529.63
groundnut,kerala,09-08-2025,1265.25,1488.53
groundnut,kerala,06-09-2025,1263.0,1485.88
groundnut,kerala,04-10-2025,1302.93,1532.86
groundnut,maharashtra,01-01-2022,1145.21,1347.31
groundnut,maharashtra,29-01-2022,1247.88,1468.1
groundnut,maharashtra,26-02-2022,1268.57,1492.43
groundnut,maharashtra,26-03-2022,1203.13,1415.45
groundnut,maharashtra,23-04-2022,1282.42,1508.73
groundnut,maharashtra,21-05-2022,1278.97,1504.67
groundnut,maharashtra,18-06-2022,1243.8,1463.29
groundnut,maharashtra,16-07-2022,1332.37,1567.49
groundnut,maharashtra,13-08-2022,1309.94,1541.11
groundnut,maharashtra,10-09-2022,1254.4,1475.77
groundnut,maharashtra,08-10-2022,1314.68,1546.68
groundnut,maharashtra,05-11-2022,1364.05,1604.76
groundnut,maharashtra,03-12-2022,1346.79,1584.46
groundnut,maharashtra,31-12-2022,1137.51,1338.25
groundnut,maharashtra,28-01-2023,1226.47,1442.91
groundnut,maharashtra,25-02-2023,1222.59,1438.34
groundnut,maharashtra,25-03-2023,1258.74,1480.87
groundnut,maharashtra,22-04-2023,1234.78,1452.68
groundnut,maharashtra,20-05-2023,1275.07,1500.08
groundnut,maharashtra,17-06-2023,1253.44,1474.64
groundnut,maharashtra,15-07-2023,1233.49,1451.16
groundnut,maharashtra,12-08-2023,1346.67,1584.32
groundnut,maharashtra,09-09-2023,1363.0,1603.53
groundnut,maharashtra,07-10-2023,1297.57,1526.55
groundnut,maharashtra,04-11-2023,1412.65,1661.94
groundnut,maharashtra,02-12-2023,1320.54,1553.58
groundnut,maharashtra,30-12-2023,1242.95,1462.3
groundnut,maharashtra,27-01-2024,1206.28,1419.15
groundnut,maharashtra,24-02-2024,1274.84,1499.81
groundnut,maharashtra,23-03-2024,1265.65,1489.0
groundnut,maharashtra,20-04-2024,1281.16,1507.25
groundnut,maharashtra,18-05-2024,1211.38,1425.15
groundnut,maharashtra,15-06-2024,1307.17,1537.85
groundnut,maharashtra,13-07-2024,1275.39,1500.46
groundnut,maharashtra,10-08-2024,1325.51,1559.42
groundnut,maharashtra,07-09-2024,1369.09,1610.69
groundnut,maharashtra,05-10-2024,1352.97,1591.73
groundnut,maharashtra,02-11-2024,1356.72,1596.14
groundnut,maharashtra,30-11-2024,1407.89,1656.34
groundnut,maharashtra,28-12-2024,1153.82,1357.43
groundnut,maharashtra,25-01-2025,1173.99,1381.17
groundnut,maharashtra,22-02-2025,1226.52,1442.97
groundnut,maharashtra,22-03-2025,1269.29,1493.28
groundnut,maharashtra,19-04-2025,1277.72,1503.2
groundnut,maharashtra,17-05-2025,1217.58,1432.45
groundnut,maharashtra,14-06-2025,1241.59,1460.69
groundnut,maharashtra,12-07-2025,1319.83,1552.74
groundnut,maharashtra,09-08-2025,1288.28,1515.62
groundnut,maharashtra,06-09-2025,1373.33,1615.68
groundnut,maharashtra,04-10-2025,1280.8,1506.82
groundnut,gujarat,01-01-2022,1225.25,1441.47
groundnut,gujarat,29-01-2022,1327.29,1561.52
groundnut,gujarat,26-02-2022,1256.31,1478.01
groundnut,gujarat,26-03-2022,1311.19,1542.58
groundnut,gujarat,23-04-2022,1358.7,1598.47
groundnut,gujarat,21-05-2022,1363.83,1604.51
groundnut,gujarat,18-06-2022,1294.65,1523.12
groundnut,gujarat,16-07-2022,1329.2,1563.76
groundnut,gujarat,13-08-2022,1346.5,1584.12
groundnut,gujarat,10-09-2022,1392.23,1637.92
groundnut,gujarat,08-10-2022,1438.24,1692.05
groundnut,gujarat,05-11-2022,1376.74,1619.7
groundnut,gujarat,03-12-2022,1392.22,1637.91
groundnut,gujarat,31-12-2022,1232.87,1450.43
groundnut,gujarat,28-01-2023,1333.28,1568.57
groundnut,gujarat,25-02-2023,1357.65,1597.23
groundnut,gujarat,25-03-2023,1259.97,1482.32
groundnut,gujarat,22-04-2023,1331.77,1566.79
groundnut,gujarat,20-05-2023,1374.48,1617.03
groundnut,gujarat,17-06-2023,1401.66,1649.01
groundnut,gujarat,15-07-2023,1389.77,1635.02
groundnut,gujarat,12-08-2023,1374.35,1616.88
groundnut,gujarat,09-09-2023,1339.68,1576.1
groundnut,gujarat,07-10-2023,1469.37,1728.67
groundnut,gujarat,04-11-2023,1476.59,1737.16
groundnut,gujarat,02-12-2023,1475.48,1735.86
groundnut,gujarat,30-12-2023,1207.37,1420.44
groundnut,gujarat,27-01-2024,1248.64,1468.99
groundnut,gujarat,24-02-2024,1242.67,1461.96
groundnut,gujarat,23-03-2024,1265.54,1488.87
groundnut,gujarat,20-04-2024,1345.13,1582.51
groundnut,gujarat,18-05-2024,1278.61,1504.25
groundnut,gujarat,15-06-2024,1423.2,1674.35
groundnut,gujarat,13-07-2024,1438.51,1692.36
groundnut,gujarat,10-08-2024,1336.57,1572.44
groundnut,gujarat,07-09-2024,1440.35,1694.53
groundnut,gujarat,05-10-2024,1399.91,1646.95
groundnut,gujarat,02-11-2024,1468.53,1727.68
groundnut,gujarat,30-11-2024,1411.17,1660.2
groundnut,gujarat,28-12-2024,1262.62,1485.43
groundnut,gujarat,25-01-2025,1288.92,1516.38
groundnut,gujarat,22-02-2025,1289.44,1516.99
groundnut,gujarat,22-03-2025,1268.23,1492.03
groundnut,gujarat,19-04-2025,1305.87,1536.32
groundnut,gujarat,17-05-2025,1297.57,1526.55
groundnut,gujarat,14-06-2025,1299.39,1528.69
groundnut,gujarat,12-07-2025,1401.97,1649.38
groundnut,gujarat,09-08-2025,1409.08,1657.74
groundnut,gujarat,06-09-2025,1354.08,1593.04
groundnut,gujarat,04-10-2025,1469.14,1728.4
groundnut,rajasthan,01-01-2022,1197.09,1408.34
groundnut,rajasthan,29-01-2022,1238.6,1457.18
groundnut,rajasthan,26-02-2022,1294.56,1523.01
groundnut,rajasthan,26-03-2022,1222.26,1437.95
groundnut,rajasthan,23-04-2022,1335.77,1571.5
groundnut,rajasthan,21-05-2022,1236.35,1454.53
groundnut,rajasthan,18-06-2022,1303.82,1533.9
groundnut,rajasthan,16-07-2022,1281.77,1507.97
groundnut,rajasthan,13-08-2022,1364.75,1605.59
groundnut,rajasthan,10-09-2022,1321.85,1555.12
groundnut,rajasthan,08-10-2022,1426.44,1678.17
groundnut,rajasthan,05-11-2022,1373.58,1615.98
groundnut,rajasthan,03-12-2022,1458.81,1716.25
groundnut,rajasthan,31-12-2022,1261.37,1483.97
groundnut,rajasthan,28-01-2023,1189.22,1399.08
groundnut,rajasthan,25-02-2023,1211.03,1424.74
groundnut,rajasthan,25-03-2023,1218.24,1433.22
groundnut,rajasthan,22-04-2023,1231.8,1449.18
groundnut,rajasthan,20-05-2023,1357.31,1596.84
groundnut,rajasthan,17-06-2023,1294.64,1523.11
groundnut,rajasthan,15-07-2023,1343.99,1581.17
groundnut,rajasthan,12-08-2023,1292.58,1520.68
groundnut,rajasthan,09-09-2023,1416.64,1666.64
groundnut,rajasthan,07-10-2023,1432.06,1684.78
groundnut,rajasthan,04-11-2023,1444.57,1699.49
groundnut,rajasthan,02-12-2023,1419.52,1670.02
groundnut,rajasthan,30-12-2023,1182.59,1391.28
groundnut,rajasthan,27-01-2024,1240.94,1459.93
groundnut,rajasthan,24-02-2024,1264.89,1488.11
groundnut,rajasthan,23-03-2024,1290.4,1518.12
groundnut,rajasthan,20-04-2024,1238.02,1456.5
groundnut,rajasthan,18-05-2024,1319.85,1552.77
groundnut,rajasthan,15-06-2024,1287.33,1514.5
groundnut,rajasthan,13-07-2024,1370.82,1612.73
groundnut,rajasthan,10-08-2024,1323.49,1557.05
groundnut,rajasthan,07-09-2024,1305.28,1535.62
groundnut,rajasthan,05-10-2024,1431.56,1684.19
groundnut,rajasthan,02-11-2024,1412.07,1661.26
groundnut,rajasthan,30-11-2024,1465.65,1724.3
groundnut,rajasthan,28-12-2024,1259.9,1482.23
groundnut,rajasthan,25-01-2025,1263.31,1486.25
groundnut,rajasthan,22-02-2025,1199.36,1411.01
groundnut,rajasthan,22-03-2025,1204.55,1417.12
groundnut,rajasthan,19-04-2025,1338.46,1574.66
groundnut,rajasthan,17-05-2025,1252.53,1473.57
groundnut,rajasthan,14-06-2025,1333.85,1569.24
groundnut,rajasthan,12-07-2025,1304.74,1534.99
groundnut,rajasthan,09-08-2025,1329.17,1563.73
groundnut,rajasthan,06-09-2025,1389.2,1634.35
groundnut,rajasthan,04-10-2025,1413.6,1663.06
groundnut,punjab,01-01-2022,1366.16,1607.25
groundnut,punjab,29-01-2022,1457.02,1714.14
groundnut,punjab,26-02-2022,1530.84,1800.99
groundnut,punjab,26-03-2022,1448.57,1704.2
groundnut,punjab,23-04-2022,1437.8,1691.53
groundnut,punjab,21-05-2022,1592.07,1873.02
groundnut,punjab,18-06-2022,1486.0,1748.23
groundnut,punjab,16-07-2022,1534.79,1805.63
groundnut,punjab,13-08-2022,1542.07,1814.2
groundnut,punjab,10-09-2022,1576.16,1854.31
groundnut,punjab,08-10-2022,1637.14,1926.05
groundnut,punjab,05-11-2022,1609.91,1894.01
groundnut,punjab,03-12-2022,1689.88,1988.1
groundnut,punjab,31-12-2022,1404.17,1651.97
groundnut,punjab,28-01-2023,1489.45,1752.29
groundnut,punjab,25-02-2023,1486.11,1748.36
groundnut,punjab,25-03-2023,1443.75,1698.53
groundnut,punjab,22-04-2023,1487.01,1749.42
groundnut,punjab,20-05-2023,1516.57,1784.2
groundnut,punjab,17-06-2023,1540.0,1811.77
groundnut,punjab,15-07-2023,1557.68,1832.56
groundnut,punjab,12-08-2023,1620.92,1906.97
groundnut,punjab,09-09-2023,1569.94,1846.99
groundnut,punjab,07-10-2023,1619.08,1904.8
groundnut,punjab,04-11-2023,1611.19,1895.52
groundnut,punjab,02-12-2023,1654.48,1946.45
groundnut,punjab,30-12-2023,1455.58,1712.45
groundnut,punjab,27-01-2024,1481.66,1743.13
groundnut,punjab,24-02-2024,1493.3,1756.82
groundnut,punjab,23-03-2024,1442.16,1696.66
groundnut,punjab,20-04-2024,1424.67,1676.08
groundnut,punjab,18-05-2024,1591.94,1872.87
groundnut,punjab,15-06-2024,1460.72,1718.49
groundnut,punjab,13-07-2024,1561.7,1837.29
groundnut,punjab,10-08-2024,1642.32,1932.14
groundnut,punjab,07-09-2024,1655.11,1947.19
groundnut,punjab,05-10-2024,1535.34,1806.28
groundnut,punjab,02-11-2024,1599.42,1881.67
groundnut,punjab,30-11-2024,1698.95,1998.77
groundnut,punjab,28-12-2024,1480.33,1741.56
groundnut,punjab,25-01-2025,1491.89,1755.16
groundnut,punjab,22-02-2025,1433.52,1686.5
groundnut,punjab,22-03-2025,1428.67,1680.79
groundnut,punjab,19-04-2025,1552.17,1826.08
groundnut,punjab,17-05-2025,1588.59,1868.93
groundnut,punjab,14-06-2025,1598.2,1880.24
groundnut,punjab,12-07-2025,1512.66,1779.6
groundnut,punjab,09-08-2025,1621.94,1908.16
groundnut,punjab,06-09-2025,1517.72,1785.55
groundnut,punjab,04-10-2025,1547.9,1821.06
groundnut,haryana,01-01-2022,1727.74,2032.64
groundnut,haryana,29-01-2022,1693.33,1992.15
groundnut,haryana,26-02-2022,1653.25,1945.0
groundnut,haryana,26-03-2022,1838.24,2162.64
groundnut,haryana,23-04-2022,1754.88,2064.57
groundnut,haryana,21-05-2022,1835.05,2158.88
groundnut,haryana,18-06-2022,1849.56,2175.95
groundnut,haryana,16-07-2022,1762.59,2073.63
groundnut,haryana,13-08-2022,1925.02,2264.73
groundnut,haryana,10-09-2022,1953.07,2297.73
groundnut,haryana,08-10-2022,1814.95,2135.24
groundnut,haryana,05-11-2022,1899.6,2234.82
groundnut,haryana,03-12-2022,1864.7,2193.77
groundnut,haryana,31-12-2022,1621.6,1907.76
groundnut,haryana,28-01-2023,1726.19,2030.81
groundnut,haryana,25-02-2023,1789.9,2105.76
groundnut,haryana,25-03-2023,1695.04,1994.17
groundnut,haryana,22-04-2023,1721.24,2024.99
groundnut,haryana,20-05-2023,1842.63,2167.8
groundnut,haryana,17-06-2023,1865.1,2194.23
groundnut,haryana,15-07-2023,1877.62,2208.96
groundnut,haryana,12-08-2023,1824.85,2146.88
groundnut,haryana,09-09-2023,1866.63,2196.04
groundnut,haryana,07-10-2023,1873.44,2204.05
groundnut,haryana,04-11-2023,1979.73,2329.09
groundnut,haryana,02-12-2023,1984.67,2334.91
groundnut,haryana,30-12-2023,1657.11,1949.54
groundnut,haryana,27-01-2024,1655.34,1947.46
groundnut,haryana,24-02-2024,1801.6,2119.53
groundnut,haryana,23-03-2024,1674.39,1969.87
groundnut,haryana,20-04-2024,1822.34,2143.93
groundnut,haryana,18-05-2024,1799.41,2116.95
groundnut,haryana,15-06-2024,1730.91,2036.37
groundnut,haryana,13-07-2024,1902.31,2238.01
groundnut,haryana,10-08-2024,1895.68,2230.21
groundnut,haryana,07-09-2024,1954.11,2298.95
groundnut,haryana,05-10-2024,1914.74,2252.63
groundnut,haryana,02-11-2024,1988.99,2339.99
groundnut,haryana,30-11-2024,2028.26,2386.19
groundnut,haryana,28-12-2024,1693.53,1992.39
groundnut,haryana,25-01-2025,1750.22,2059.08
groundnut,haryana,22-02-2025,1722.21,2026.13
groundnut,haryana,22-03-2025,1696.29,1995.63
groundnut,haryana,19-04-2025,1861.81,2190.36
groundnut,haryana,17-05-2025,1802.69,2120.81
groundnut,haryana,14-06-2025,1906.92,2243.43
groundnut,haryana,12-07-2025,1772.05,2084.76
groundnut,haryana,09-08-2025,1808.53,2127.68
groundnut,haryana,06-09-2025,1905.72,2242.02
groundnut,haryana,04-10-2025,1850.89,2177.52
groundnut,uttarpradesh,01-01-2022,1297.44,1526.4
groundnut,uttarpradesh,29-01-2022,1289.69,1517.28
groundnut,uttarpradesh,26-02-2022,1342.23,1579.1
groundnut,uttarpradesh,26-03-2022,1355.27,1594.43
groundnut,uttarpradesh,23-04-2022,1325.28,1559.15
groundnut,uttarpradesh,21-05-2022,1320.13,1553.1
groundnut,uttarpradesh,18-06-2022,1380.37,1623.97
groundnut,uttarpradesh,16-07-2022,1421.92,1672.85
groundnut,uttarpradesh,13-08-2022,1345.97,1583.5
groundnut,uttarpradesh,10-09-2022,1451.18,1707.27
groundnut,uttarpradesh,08-10-2022,1445.14,1700.16
groundnut,uttarpradesh,05-11-2022,1396.08,1642.45
groundnut,uttarpradesh,03-12-2022,1398.83,1645.68
groundnut,uttarpradesh,31-12-2022,1212.83,1426.86
groundnut,uttarpradesh,28-01-2023,1295.32,1523.9
groundnut,uttarpradesh,25-02-2023,1342.86,1579.84
groundnut,uttarpradesh,25-03-2023,1251.68,1472.56
groundnut,uttarpradesh,22-04-2023,1300.52,1530.02
groundnut,uttarpradesh,20-05-2023,1350.86,1589.25
groundnut,uttarpradesh,17-06-2023,1301.9,1531.65
groundnut,uttarpradesh,15-07-2023,1390.23,1635.57
groundnut,uttarpradesh,12-08-2023,1428.38,1680.45
groundnut,uttarpradesh,09-09-2023,1381.56,1625.37
groundnut,uttarpradesh,07-10-2023,1431.61,1684.25
groundnut,uttarpradesh,04-11-2023,1459.97,1717.61
groundnut,uttarpradesh,02-12-2023,1387.76,1632.66
groundnut,uttarpradesh,30-12-2023,1237.06,1455.37
groundnut,uttarpradesh,27-01-2024,1343.2,1580.23
groundnut,uttarpradesh,24-02-2024,1306.29,1536.81
groundnut,uttarpradesh,23-03-2024,1322.05,1555.35
groundnut,uttarpradesh,20-04-2024,1368.06,1609.48
groundnut,uttarpradesh,18-05-2024,1284.15,1510.77
groundnut,uttarpradesh,15-06-2024,1335.83,1571.56
groundnut,uttarpradesh,13-07-2024,1437.93,1691.68
groundnut,uttarpradesh,10-08-2024,1324.21,1557.89
groundnut,uttarpradesh,07-09-2024,1388.26,1633.25
groundnut,uttarpradesh,05-10-2024,1393.26,1639.13
groundnut,uttarpradesh,02-11-2024,1425.37,1676.91
groundnut,uttarpradesh,30-11-2024,1411.42,1660.49
groundnut,uttarpradesh,28-12-2024,1298.18,1527.27
groundnut,uttarpradesh,25-01-2025,1311.02,1542.38
groundnut,uttarpradesh,22-02-2025,1359.38,1599.27
groundnut,uttarpradesh,22-03-2025,1340.3,1576.82
groundnut,uttarpradesh,19-04-2025,1275.94,1501.11
groundnut,uttarpradesh,17-05-2025,1332.8,1568.0
groundnut,uttarpradesh,14-06-2025,1393.93,1639.92
groundnut,uttarpradesh,12-07-2025,1321.93,1555.21
groundnut,uttarpradesh,09-08-2025,1435.48,1688.8
groundnut,uttarpradesh,06-09-2025,1359.18,1599.04
groundnut,uttarpradesh,04-10-2025,1436.66,1690.19
groundnut,madhyapradesh,01-01-2022,1387.0,1631.76
groundnut,madhyapradesh,29-01-2022,1441.29,1695.63
groundnut,madhyapradesh,26-02-2022,1379.85,1623.35
groundnut,madhyapradesh,26-03-2022,1376.87,1619.85
groundnut,madhyapradesh,23-04-2022,1438.4,1692.24
groundnut,madhyapradesh,21-05-2022,1517.16,1784.9
groundnut,madhyapradesh,18-06-2022,1417.93,1668.15
groundnut,madhyapradesh,16-07-2022,1527.86,1797.48
groundnut,madhyapradesh,13-08-2022,1570.49,1847.63
groundnut,madhyapradesh,10-09-2022,1576.53,1854.74
groundnut,madhyapradesh,08-10-2022,1570.5,1847.65
groundnut,madhyapradesh,05-11-2022,1605.85,1889.23
groundnut,madhyapradesh,03-12-2022,1527.37,1796.91
groundnut,madhyapradesh,31-12-2022,1438.88,1692.8
groundnut,madhyapradesh,28-01-2023,1394.54,1640.64
groundnut,madhyapradesh,25-02-2023,1441.67,1696.08
groundnut,madhyapradesh,25-03-2023,1448.18,1703.74
groundnut,madhyapradesh,22-04-2023,1505.84,1771.58
groundnut,madhyapradesh,20-05-2023,1437.72,1691.43
groundnut,madhyapradesh,17-06-2023,1520.22,1788.49
groundnut,madhyapradesh,15-07-2023,1471.12,1730.73
groundnut,madhyapradesh,12-08-2023,1491.22,1754.38
groundnut,madhyapradesh,09-09-2023,1583.94,1863.46
groundnut,madhyapradesh,07-10-2023,1535.97,1807.02
groundnut,madhyapradesh,04-11-2023,1624.9,1911.65
groundnut,madhyapradesh,02-12-2023,1624.31,1910.95
groundnut,madhyapradesh,30-12-2023,1359.67,1599.61
groundnut,madhyapradesh,27-01-2024,1351.74,1590.28
groundnut,madhyapradesh,24-02-2024,1424.98,1676.45
groundnut,madhyapradesh,23-03-2024,1365.95,1607.0
groundnut,madhyapradesh,20-04-2024,1393.55,1639.47
groundnut,madhyapradesh,18-05-2024,1479.55,1740.65
groundnut,madhyapradesh,15-06-2024,1477.67,1738.44
groundnut,madhyapradesh,13-07-2024,1540.75,1812.65
groundnut,madhyapradesh,10-08-2024,1458.3,1715.65
groundnut,madhyapradesh,07-09-2024,1586.16,1866.07
groundnut,madhyapradesh,05-10-2024,1553.94,1828.17
groundnut,madhyapradesh,02-11-2024,1637.14,1926.05
groundnut,madhyapradesh,30-11-2024,1625.45,1912.3
groundnut,madhyapradesh,28-12-2024,1318.35,1551.0
groundnut,madhyapradesh,25-01-2025,1335.77,1571.49
groundnut,madhyapradesh,22-02-2025,1383.17,1627.26
groundnut,madhyapradesh,22-03-2025,1488.5,1751.18
groundnut,madhyapradesh,19-04-2025,1394.86,1641.01
groundnut,madhyapradesh,17-05-2025,1428.77,1680.9
groundnut,madhyapradesh,14-06-2025,1457.84,1715.11
groundnut,madhyapradesh,12-07-2025,1433.77,1686.79
groundnut,madhyapradesh,09-08-2025,1463.83,1722.15
groundnut,madhyapradesh,06-09-2025,1571.1,1848.35
groundnut,madhyapradesh,04-10-2025,1509.22,1775.55
groundnut,westbengal,01-01-2022,1390.35,1635.7
groundnut,westbengal,29-01-2022,1497.24,1761.46
groundnut,westbengal,26-02-2022,1482.62,1744.26
groundnut,westbengal,26-03-2022,1425.29,1676.81
groundnut,westbengal,23-04-2022,1439.96,1694.07
groundnut,westbengal,21-05-2022,1524.41,1793.42
groundnut,westbengal,18-06-2022,1461.25,1719.12
groundnut,westbengal,16-07-2022,1605.18,1888.45
groundnut,westbengal,13-08-2022,1551.8,1825.65
groundnut,westbengal,10-09-2022,1641.7,1931.41
groundnut,westbengal,08-10-2022,1669.75,1964.41
groundnut,westbengal,05-11-2022,1560.53,1835.92
groundnut,westbengal,03-12-2022,1616.61,1901.89
groundnut,westbengal,31-12-2022,1474.26,1734.42
groundnut,westbengal,28-01-2023,1508.12,1774.26
groundnut,westbengal,25-02-2023,1442.22,1696.73
groundnut,westbengal,25-03-2023,1505.38,1771.04
groundnut,westbengal,22-04-2023,1497.11,1761.31
groundnut,westbengal,20-05-2023,1478.09,1738.93
groundnut,westbengal,17-06-2023,1589.3,1869.76
groundnut,westbengal,15-07-2023,1577.84,1856.28
groundnut,westbengal,12-08-2023,1586.24,1866.16
groundnut,westbengal,09-09-2023,1607.91,1891.66
groundnut,westbengal,07-10-2023,1641.52,1931.2
groundnut,westbengal,04-11-2023,1579.31,1858.01
groundnut,westbengal,02-12-2023,1691.07,1989.49
groundnut,westbengal,30-12-2023,1354.99,1594.11
groundnut,westbengal,27-01-2024,1493.83,1757.45
groundnut,westbengal,24-02-2024,1430.09,1682.46
groundnut,westbengal,23-03-2024,1427.91,1679.9
groundnut,westbengal,20-04-2024,1481.15,1742.53
groundnut,westbengal,18-05-2024,1449.35,1705.12
groundnut,westbengal,15-06-2024,1514.66,1781.95
groundnut,westbengal,13-07-2024,1543.71,1816.13
groundnut,westbengal,10-08-2024,1503.62,1768.96
groundnut,westbengal,07-09-2024,1579.7,1858.47
groundnut,westbengal,05-10-2024,1625.72,1912.61
groundnut,westbengal,02-11-2024,1685.51,1982.95
groundnut,westbengal,30-11-2024,1632.68,1920.8
groundnut,westbengal,28-12-2024,1366.09,1607.16
groundnut,westbengal,25-01-2025,1476.33,1736.86
groundnut,westbengal,22-02-2025,1521.64,1790.17
groundnut,westbengal,22-03-2025,1540.91,1812.83
groundnut,westbengal,19-04-2025,1536.35,1807.47
groundnut,westbengal,17-05-2025,1468.5,1727.65
groundnut,westbengal,14-06-2025,1505.54,1771.22
groundnut,westbengal,12-07-2025,1521.24,1789.69
groundnut,westbengal,09-08-2025,1645.14,1935.46
groundnut,westbengal,06-09-2025,1582.94,1862.28
groundnut,westbengal,04-10-2025,1635.31,1923.89
groundnut,bihar,01-01-2022,1395.11,1641.31
groundnut,bihar,29-01-2022,1377.84,1620.99
groundnut,bihar,26-02-2022,1411.99,1661.16
groundnut,bihar,26-03-2022,1475.68,1736.1
groundnut,bihar,23-04-2022,1518.93,1786.98
groundnut,bihar,21-05-2022,1488.47,1751.14
groundnut,bihar,18-06-2022,1461.65,1719.59
groundnut,bihar,16-07-2022,1567.0,1843.53
groundnut,bihar,13-08-2022,1550.33,1823.92
groundnut,bihar,10-09-2022,1656.17,1948.44
groundnut,bihar,08-10-2022,1582.48,1861.74
groundnut,bihar,05-11-2022,1611.17,1895.49
groundnut,bihar,03-12-2022,1635.94,1924.64
groundnut,bihar,31-12-2022,1363.12,1603.67
groundnut,bihar,28-01-2023,1497.7,1762.0
groundnut,bihar,25-02-2023,1528.52,1798.26
groundnut,bihar,25-03-2023,1507.31,1773.31
groundnut,bihar,22-04-2023,1463.45,1721.71
groundnut,bihar,20-05-2023,1536.29,1807.4
groundnut,bihar,17-06-2023,1469.67,1729.02
groundnut,bihar,15-07-2023,1484.5,1746.47
groundnut,bihar,12-08-2023,1554.22,1828.49
groundnut,bihar,09-09-2023,1554.91,1829.31
groundnut,bihar,07-10-2023,1638.77,1927.96
groundnut,bihar,04-11-2023,1682.74,1979.7
groundnut,bihar,02-12-2023,1644.37,1934.55
groundnut,bihar,30-12-2023,1450.94,1706.99
groundnut,bihar,27-01-2024,1409.78,1658.57
groundnut,bihar,24-02-2024,1510.67,1777.26
groundnut,bihar,23-03-2024,1419.81,1670.36
groundnut,bihar,20-04-2024,1558.09,1833.05
groundnut,bihar,18-05-2024,1491.78,1755.03
groundnut,bihar,15-06-2024,1572.35,1849.82
groundnut,bihar,13-07-2024,1499.27,1763.85
groundnut,bihar,10-08-2024,1545.46,1818.19
groundnut,bihar,07-09-2024,1574.07,1851.85
groundnut,bihar,05-10-2024,1600.78,1883.27
groundnut,bihar,02-11-2024,1653.15,1944.88
groundnut,bihar,30-11-2024,1584.65,1864.29
groundnut,bihar,28-12-2024,1454.8,1711.53
groundnut,bihar,25-01-2025,1423.55,1674.76
groundnut,bihar,22-02-2025,1490.54,1753.58
groundnut,bihar,22-03-2025,1463.72,1722.02
groundnut,bihar,19-04-2025,1424.52,1675.9
groundnut,bihar,17-05-2025,1558.63,1833.68
groundnut,bihar,14-06-2025,1548.42,1821.67
groundnut,bihar,12-07-2025,1485.83,1748.03
groundnut,bihar,09-08-2025,1595.47,1877.02
groundnut,bihar,06-09-2025,1605.4,1888.71
groundnut,bihar,04-10-2025,1576.43,1854.62
groundnut,odisha,01-01-2022,1781.46,2095.84
groundnut,odisha,29-01-2022,1769.79,2082.11
groundnut,odisha,26-02-2022,1790.52,2106.5
groundnut,odisha,26-03-2022,1737.93,2044.62
groundnut,odisha,23-04-2022,1729.08,2034.21
groundnut,odisha,21-05-2022,1805.49,2124.11
groundnut,odisha,18-06-2022,1769.62,2081.9
groundnut,odisha,16-07-2022,1923.16,2262.54
groundnut,odisha,13-08-2022,1804.33,2122.74
groundnut,odisha,10-09-2022,1987.34,2338.05
groundnut,odisha,08-10-2022,1901.46,2237.01
groundnut,odisha,05-11-2022,1944.72,2287.91
groundnut,odisha,03-12-2022,1864.62,2193.67
groundnut,odisha,31-12-2022,1698.11,1997.78
groundnut,odisha,28-01-2023,1785.29,2100.34
groundnut,odisha,25-02-2023,1683.65,1980.77
groundnut,odisha,25-03-2023,1761.44,2072.28
groundnut,odisha,22-04-2023,1875.81,2206.84
groundnut,odisha,20-05-2023,1740.0,2047.06
groundnut,odisha,17-06-2023,1782.66,2097.25
groundnut,odisha,15-07-2023,1944.45,2287.59
groundnut,odisha,12-08-2023,1861.87,2190.43
groundnut,odisha,09-09-2023,1906.88,2243.39
groundnut,odisha,07-10-2023,1855.34,2182.75
groundnut,odisha,04-11-2023,1916.95,2255.23
groundnut,odisha,02-12-2023,1932.19,2273.17
groundnut,odisha,30-12-2023,1783.75,2098.53
groundnut,odisha,27-01-2024,1809.34,2128.64
groundnut,odisha,24-02-2024,1762.56,2073.6
groundnut,odisha,23-03-2024,1684.44,1981.69
groundnut,odisha,20-04-2024,1847.92,2174.02
groundnut,odisha,18-05-2024,1725.27,2029.73
groundnut,odisha,15-06-2024,1907.03,2243.57
groundnut,odisha,13-07-2024,1855.95,2183.47
groundnut,odisha,10-08-2024,1945.87,2289.26
groundnut,odisha,07-09-2024,1935.97,2277.61
groundnut,odisha,05-10-2024,1948.0,2291.77
groundnut,odisha,02-11-2024,1932.17,2273.14
groundnut,odisha,30-11-2024,1944.42,2287.55
groundnut,odisha,28-12-2024,1681.33,1978.03
groundnut,odisha,25-01-2025,1735.17,2041.38
groundnut,odisha,22-02-2025,1753.18,2062.56
groundnut,odisha,22-03-2025,1817.34,2138.05
groundnut,odisha,19-04-2025,1722.43,2026.39
groundnut,odisha,17-05-2025,1754.21,2063.78
groundnut,odisha,14-06-2025,1821.13,2142.51
groundnut,odisha,12-07-2025,1795.61,2112.48
groundnut,odisha,09-08-2025,1894.66,2229.01
groundnut,odisha,06-09-2025,1906.25,2242.65
groundnut,odisha,04-10-2025,1896.69,2231.4
jowar,karnataka,01-01-2022,2157.52,2538.26
jowar,karnataka,29-01-2022,2130.6,2506.59
jowar,karnataka,26-02-2022,2123.38,2498.09
jowar,karnataka,26-03-2022,2223.28,2615.62
jowar,karnataka,23-04-2022,2317.77,2726.79
jowar,karnataka,21-05-2022,2329.98,2741.15
jowar,karnataka,18-06-2022,2388.83,2810.39
jowar,karnataka,16-07-2022,2372.94,2791.69
jowar,karnataka,13-08-2022,2236.64,2631.34
jowar,karnataka,10-09-2022,2390.57,2812.43
jowar,karnataka,08-10-2022,2409.43,2834.62
jowar,karnataka,05-11-2022,2386.79,2807.99
jowar,karnataka,03-12-2022,2433.69,2863.17
jowar,karnataka,31-12-2022,2170.9,2554.0
jowar,karnataka,28-01-2023,2235.6,2630.12
jowar,karnataka,25-02-2023,2083.54,2451.22
jowar,karnataka,25-03-2023,2184.56,2570.07
jowar,karnataka,22-04-2023,2241.31,2636.84
jowar,karnataka,20-05-2023,2144.52,2522.97
jowar,karnataka,17-06-2023,2228.26,2621.48
jowar,karnataka,15-07-2023,2284.22,2687.32
jowar,karnataka,12-08-2023,2264.37,2663.97
jowar,karnataka,09-09-2023,2344.64,2758.4
jowar,karnataka,07-10-2023,2353.41,2768.72
jowar,karnataka,04-11-2023,2334.84,2746.87
jowar,karnataka,02-12-2023,2427.16,2855.48
jowar,karnataka,30-12-2023,2038.06,2397.72
jowar,karnataka,27-01-2024,2244.26,2640.31
jowar,karnataka,24-02-2024,2260.29,2659.16
jowar,karnataka,23-03-2024,2177.71,2562.01
jowar,karnataka,20-04-2024,2294.49,2699.4
jowar,karnataka,18-05-2024,2295.52,2700.61
jowar,karnataka,15-06-2024,2330.97,2742.32
jowar,karnataka,13-07-2024,2189.12,2575.44
jowar,karnataka,10-08-2024,2299.72,2705.55
jowar,karnataka,07-09-2024,2290.3,2694.47
jowar,karnataka,05-10-2024,2330.2,2741.41
jowar,karnataka,02-11-2024,2499.57,2940.67
jowar,karnataka,30-11-2024,2377.24,2796.75
jowar,karnataka,28-12-2024,2189.27,2575.61
jowar,karnataka,25-01-2025,2207.28,2596.8
jowar,karnataka,22-02-2025,2151.91,2531.66
jowar,karnataka,22-03-2025,2140.06,2517.72
jowar,karnataka,19-04-2025,2312.22,2720.26
jowar,karnataka,17-05-2025,2230.44,2624.05
jowar,karnataka,14-06-2025,2165.81,2548.01
jowar,karnataka,12-07-2025,2222.68,2614.92
jowar,karnataka,09-08-2025,2299.66,2705.48
jowar,karnataka,06-09-2025,2429.92,2858.73
jowar,karnataka,04-10-2025,2457.96,2891.72
jowar,tamilnadu,01-01-2022,1910.77,2247.96
jowar,tamilnadu,29-01-2022,2057.37,2420.43
jowar,tamilnadu,26-02-2022,2089.41,2458.13
jowar,tamilnadu,26-03-2022,1963.47,2309.97
jowar,tamilnadu,23-04-2022,2136.33,2513.33
jowar,tamilnadu,21-05-2022,2000.55,2353.59
jowar,tamilnadu,18-06-2022,2118.38,2492.21
jowar,tamilnadu,16-07-2022,2181.86,2566.89
jowar,tamilnadu,13-08-2022,2201.07,2589.49
jowar,tamilnadu,10-09-2022,2177.74,2562.05
jowar,tamilnadu,08-10-2022,2104.06,2475.36
jowar,tamilnadu,05-11-2022,2239.49,2634.7
jowar,tamilnadu,03-12-2022,2340.25,2753.23
jowar,tamilnadu,31-12-2022,1879.42,2211.08
jowar,tamilnadu,28-01-2023,2046.54,2407.7
jowar,tamilnadu,25-02-2023,1994.72,2346.73
jowar,tamilnadu,25-03-2023,2002.9,2356.35
jowar,tamilnadu,22-04-2023,1958.07,2303.61
jowar,tamilnadu,20-05-2023,2126.14,2501.34
jowar,tamilnadu,17-06-2023,2089.1,2457.77
jowar,tamilnadu,15-07-2023,2140.22,2517.9
jowar,tamilnadu,12-08-2023,2197.43,2585.21
jowar,tamilnadu,09-09-2023,2235.05,2629.47
jowar,tamilnadu,07-10-2023,2212.97,2603.5
jowar,tamilnadu,04-11-2023,2156.42,2536.96
jowar,tamilnadu,02-12-2023,2245.44,2641.7
jowar,tamilnadu,30-12-2023,2029.98,2388.21
jowar,tamilnadu,27-01-2024,1908.77,2245.61
jowar,tamilnadu,24-02-2024,1910.28,2247.39
jowar,tamilnadu,23-03-2024,2002.9,2356.35
jowar,tamilnadu,20-04-2024,2066.04,2430.63
jowar,tamilnadu,18-05-2024,2083.24,2450.87
jowar,tamilnadu,15-06-2024,1989.61,2340.72
jowar,tamilnadu,13-07-2024,2156.3,2536.82
jowar,tamilnadu,10-08-2024,2226.55,2619.47
jowar,tamilnadu,07-09-2024,2069.89,2435.17
jowar,tamilnadu,05-10-2024,2159.46,2540.54
jowar,tamilnadu,02-11-2024,2262.93,2662.27
jowar,tamilnadu,30-11-2024,2151.1,2530.71
jowar,tamilnadu,28-12-2024,1933.82,2275.08
jowar,tamilnadu,25-01-2025,1992.91,2344.6
jowar,tamilnadu,22-02-2025,1963.02,2309.44
jowar,tamilnadu,22-03-2025,1963.05,2309.47
jowar,tamilnadu,19-04-2025,2120.91,2495.19
jowar,tamilnadu,17-05-2025,2022.07,2378.9
jowar,tamilnadu,14-06-2025,2095.62,2465.43
jowar,tamilnadu,12-07-2025,2058.64,2421.93
jowar,tamilnadu,09-08-2025,2196.52,2584.14
jowar,tamilnadu,06-09-2025,2222.73,2614.98
jowar,tamilnadu,04-10-2025,2244.24,2640.28
jowar,andhrapradesh,01-01-2022,1940.42,2282.85
jowar,andhrapradesh,29-01-2022,2097.28,2467.39
jowar,andhrapradesh,26-02-2022,2060.55,2424.18
jowar,andhrapradesh,26-03-2022,2087.88,2456.33
jowar,andhrapradesh,23-04-2022,2100.68,2471.39
jowar,andhrapradesh,21-05-2022,2025.27,2382.67
jowar,andhrapradesh,18-06-2022,2124.95,2499.94
jowar,andhrapradesh,16-07-2022,2179.13,2563.68
jowar,andhrapradesh,13-08-2022,2097.41,2467.54
jowar,andhrapradesh,10-09-2022,2159.93,2541.09
jowar,andhrapradesh,08-10-2022,2320.82,2730.38
jowar,andhrapradesh,05-11-2022,2165.55,2547.71
jowar,andhrapradesh,03-12-2022,2280.93,2683.45
jowar,andhrapradesh,31-12-2022,1957.58,2303.04
jowar,andhrapradesh,28-01-2023,2077.86,2444.54
jowar,andhrapradesh,25-02-2023,2012.4,2367.53
jowar,andhrapradesh,25-03-2023,2057.54,2420.63
jowar,andhrapradesh,22-04-2023,1984.51,2334.72
jowar,andhrapradesh,20-05-2023,2018.98,2375.27
jowar,andhrapradesh,17-06-2023,2231.65,2625.47
jowar,andhrapradesh,15-07-2023,2066.98,2431.74
jowar,andhrapradesh,12-08-2023,2224.09,2616.58
jowar,andhrapradesh,09-09-2023,2180.41,2565.19
jowar,andhrapradesh,07-10-2023,2191.1,2577.76
jowar,andhrapradesh,04-11-2023,2349.66,2764.3
jowar,andhrapradesh,02-12-2023,2352.66,2767.84
jowar,andhrapradesh,30-12-2023,1921.54,2260.63
jowar,andhrapradesh,27-01-2024,1911.4,2248.71
jowar,andhrapradesh,24-02-2024,1969.25,2316.76
jowar,andhrapradesh,23-03-2024,2073.24,2439.11
jowar,andhrapradesh,20-04-2024,2106.38,2478.09
jowar,andhrapradesh,18-05-2024,2010.1,2364.82
jowar,andhrapradesh,15-06-2024,2235.21,2629.66
jowar,andhrapradesh,13-07-2024,2265.0,2664.71
jowar,andhrapradesh,10-08-2024,2179.68,2564.33
jowar,andhrapradesh,07-09-2024,2233.13,2627.21
jowar,andhrapradesh,05-10-2024,2243.1,2638.94
jowar,andhrapradesh,02-11-2024,2180.36,2565.13
jowar,andhrapradesh,30-11-2024,2337.41,2749.89
jowar,andhrapradesh,28-12-2024,2069.78,2435.03
jowar,andhrapradesh,25-01-2025,1948.12,2291.91
jowar,andhrapradesh,22-02-2025,1938.9,2281.06
jowar,andhrapradesh,22-03-2025,1961.15,2307.24
jowar,andhrapradesh,19-04-2025,2086.59,2454.81
jowar,andhrapradesh,17-05-2025,2035.59,2394.81
jowar,andhrapradesh,14-06-2025,2211.95,2602.29
jowar,andhrapradesh,12-07-2025,2075.28,2441.51
jowar,andhrapradesh,09-08-2025,2121.4,2495.76
jowar,andhrapradesh,06-09-2025,2169.88,2552.8
jowar,andhrapradesh,04-10-2025,2170.15,2553.12
jowar,telangana,01-01-2022,2123.38,2498.1
jowar,telangana,29-01-2022,2011.44,2366.4
jowar,telangana,26-02-2022,2080.83,2448.03
jowar,telangana,26-03-2022,2205.67,2594.91
jowar,telangana,23-04-2022,2103.07,2474.2
jowar,telangana,21-05-2022,2171.91,2555.19
jowar,telangana,18-06-2022,2141.18,2519.04
jowar,telangana,16-07-2022,2265.75,2665.59
jowar,telangana,13-08-2022,2235.96,2630.54
jowar,telangana,10-09-2022,2265.13,2664.86
jowar,telangana,08-10-2022,2264.75,2664.41
jowar,telangana,05-11-2022,2242.01,2637.66
jowar,telangana,03-12-2022,2261.9,2661.06
jowar,telangana,31-12-2022,2071.97,2437.61
jowar,telangana,28-01-2023,2139.06,2516.54
jowar,telangana,25-02-2023,2039.03,2398.86
jowar,telangana,25-03-2023,2087.42,2455.79
jowar,telangana,22-04-2023,2153.27,2533.26
jowar,telangana,20-05-2023,2218.36,2609.83
jowar,telangana,17-06-2023,2144.96,2523.48
jowar,telangana,15-07-2023,2276.56,2678.31
jowar,telangana,12-08-2023,2338.39,2751.05
jowar,telangana,09-09-2023,2259.51,2658.25
jowar,telangana,07-10-2023,2375.22,2794.38
jowar,telangana,04-11-2023,2295.37,2700.43
jowar,telangana,02-12-2023,2396.16,2819.01
jowar,telangana,30-12-2023,2098.17,2468.44
jowar,telangana,27-01-2024,2084.61,2452.48
jowar,telangana,24-02-2024,2107.03,2478.86
jowar,telangana,23-03-2024,2095.12,2464.85
jowar,telangana,20-04-2024,2149.74,2529.11
jowar,telangana,18-05-2024,2133.55,2510.06
jowar,telangana,15-06-2024,2215.16,2606.07
jowar,telangana,13-07-2024,2115.16,2488.42
jowar,telangana,10-08-2024,2162.46,2544.07
jowar,telangana,07-09-2024,2156.79,2537.4
jowar,telangana,05-10-2024,2290.23,2694.39
jowar,telangana,02-11-2024,2333.11,2744.83
jowar,telangana,30-11-2024,2290.09,2694.22
jowar,telangana,28-12-2024,2100.37,2471.02
jowar,telangana,25-01-2025,2089.17,2457.85
jowar,telangana,22-02-2025,2181.64,2566.63
jowar,telangana,22-03-2025,2078.86,2445.72
jowar,telangana,19-04-2025,2035.04,2394.16
jowar,telangana,17-05-2025,2091.61,2460.72
jowar,telangana,14-06-2025,2147.39,2526.34
jowar,telangana,12-07-2025,2275.86,2677.48
jowar,telangana,09-08-2025,2205.07,2594.2
jowar,telangana,06-09-2025,2165.59,2547.75
jowar,telangana,04-10-2025,2323.54,2733.58
jowar,kerala,01-01-2022,1830.02,2152.97
jowar,kerala,29-01-2022,1734.39,2040.46
jowar,kerala,26-02-2022,1791.58,2107.74
jowar,kerala,26-03-2022,1756.55,2066.53
jowar,kerala,23-04-2022,1837.11,2161.3
jowar,kerala,21-05-2022,1884.75,2217.35
jowar,kerala,18-06-2022,1970.0,2317.65
jowar,kerala,16-07-2022,2012.9,2368.12
jowar,kerala,13-08-2022,1969.99,2317.63
jowar,kerala,10-09-2022,1957.47,2302.91
jowar,kerala,08-10-2022,2022.72,2379.67
jowar,kerala,05-11-2022,2030.06,2388.31
jowar,kerala,03-12-2022,1965.48,2312.33
jowar,kerala,31-12-2022,1740.75,2047.94
jowar,kerala,28-01-2023,1821.92,2143.44
jowar,kerala,25-02-2023,1894.63,2228.98
jowar,kerala,25-03-2023,1913.36,2251.01
jowar,kerala,22-04-2023,1789.62,2105.44
jowar,kerala,20-05-2023,1965.57,2312.43
jowar,kerala,17-06-2023,1898.53,2233.57
jowar,kerala,15-07-2023,1985.31,2335.66
jowar,kerala,12-08-2023,1922.24,2261.46
jowar,kerala,09-09-2023,1944.51,2287.66
jowar,kerala,07-10-2023,1941.69,2284.34
jowar,kerala,04-11-2023,2085.83,2453.92
jowar,kerala,02-12-2023,2046.47,2407.61
jowar,kerala,30-12-2023,1867.54,2197.11
jowar,kerala,27-01-2024,1788.27,2103.85
jowar,kerala,24-02-2024,1756.09,2065.99
jowar,kerala,23-03-2024,1786.15,2101.35
jowar,kerala,20-04-2024,1836.73,2160.86
jowar,kerala,18-05-2024,1869.14,2198.99
jowar,kerala,15-06-2024,1928.13,2268.39
jowar,kerala,13-07-2024,1894.11,2228.36
jowar,kerala,10-08-2024,1986.05,2336.53
jowar,kerala,07-09-2024,2050.64,2412.52
jowar,kerala,05-10-2024,2100.04,2470.63
jowar,kerala,02-11-2024,2107.88,2479.86
jowar,kerala,30-11-2024,2002.62,2356.02
jowar,kerala,28-12-2024,1841.08,2165.98
jowar,kerala,25-01-2025,1784.96,2099.95
jowar,kerala,22-02-2025,1896.9,2231.65
jowar,kerala,22-03-2025,1924.09,2263.64
jowar,kerala,19-04-2025,1782.95,2097.59
jowar,kerala,17-05-2025,1918.68,2257.27
jowar,kerala,14-06-2025,1831.12,2154.26
jowar,kerala,12-07-2025,1857.34,2185.11
jowar,kerala,09-08-2025,2017.15,2373.12
jowar,kerala,06-09-2025,2024.33,2381.57
jowar,kerala,04-10-2025,1957.22,2302.61
jowar,maharashtra,01-01-2022,2031.98,2390.56
jowar,maharashtra,29-01-2022,2089.76,2458.54
jowar,maharashtra,26-02-2022,2064.33,2428.62
jowar,maharashtra,26-03-2022,2153.14,2533.11
jowar,maharashtra,23-04-2022,2131.85,2508.06
jowar,maharashtra,21-05-2022,2223.27,2615.61
jowar,maharashtra,18-06-2022,2196.02,2583.55
jowar,maharashtra,16-07-2022,2309.45,2717.0
jowar,maharashtra,13-08-2022,2362.69,2779.63
jowar,maharashtra,10-09-2022,2196.42,2584.02
jowar,maharashtra,08-10-2022,2279.33,2681.57
jowar,maharashtra,05-11-2022,2361.58,2778.33
jowar,maharashtra,03-12-2022,2248.58,2645.39
jowar,maharashtra,31-12-2022,1959.62,2305.44
jowar,maharashtra,28-01-2023,1976.28,2325.04
jowar,maharashtra,25-02-2023,2020.56,2377.13
jowar,maharashtra,25-03-2023,2091.51,2460.6
jowar,maharashtra,22-04-2023,2195.26,2582.66
jowar,maharashtra,20-05-2023,2166.41,2548.72
jowar,maharashtra,17-06-2023,2133.28,2509.74
jowar,maharashtra,15-07-2023,2162.71,2544.37
jowar,maharashtra,12-08-2023,2348.05,2762.41
jowar,maharashtra,09-09-2023,2252.91,2650.48
jowar,maharashtra,07-10-2023,2401.45,2825.23
jowar,maharashtra,04-11-2023,2448.31,2880.37
jowar,maharashtra,02-12-2023,2462.08,2896.57
jowar,maharashtra,30-12-2023,2127.96,2503.48
jowar,maharashtra,27-01-2024,2028.09,2385.99
jowar,maharashtra,24-02-2024,2163.57,2545.38
jowar,maharashtra,23-03-2024,2046.37,2407.49
jowar,maharashtra,20-04-2024,2251.18,2648.45
jowar,maharashtra,18-05-2024,2087.78,2456.21
jowar,maharashtra,15-06-2024,2168.38,2551.04
jowar,maharashtra,13-07-2024,2256.8,2655.06
jowar,maharashtra,10-08-2024,2327.78,2738.56
jowar,maharashtra,07-09-2024,2230.32,2623.9
jowar,maharashtra,05-10-2024,2232.35,2626.29
jowar,maharashtra,02-11-2024,2249.5,2646.47
jowar,maharashtra,30-11-2024,2350.38,2765.15
jowar,maharashtra,28-12-2024,1975.72,2324.38
jowar,maharashtra,25-01-2025,2153.23,2533.21
jowar,maharashtra,22-02-2025,2156.86,2537.48
jowar,maharashtra,22-03-2025,2211.8,2602.12
jowar,maharashtra,19-04-2025,2255.21,2653.19
jowar,maharashtra,17-05-2025,2161.53,2542.98
jowar,maharashtra,14-06-2025,2194.3,2581.53
jowar,maharashtra,12-07-2025,2147.36,2526.31
jowar,maharashtra,09-08-2025,2263.47,2662.9
jowar,maharashtra,06-09-2025,2300.63,2706.62
jowar,maharashtra,04-10-2025,2345.68,2759.62
jowar,gujarat,01-01-2022,2171.79,2555.05
jowar,gujarat,29-01-2022,2290.44,2694.64
jowar,gujarat,26-02-2022,2204.2,2593.18
jowar,gujarat,26-03-2022,2239.74,2634.99
jowar,gujarat,23-04-2022,2274.2,2675.53
jowar,gujarat,21-05-2022,2251.08,2648.33
jowar,gujarat,18-06-2022,2390.57,2812.44
jowar,gujarat,16-07-2022,2493.9,2934.0
jowar,gujarat,13-08-2022,2470.62,2906.61
jowar,gujarat,10-09-2022,2517.28,2961.5
jowar,gujarat,08-10-2022,2413.85,2839.82
jowar,gujarat,05-11-2022,2408.47,2833.49
jowar,gujarat,03-12-2022,2662.09,3131.87
jowar,gujarat,31-12-2022,2113.94,2486.99
jowar,gujarat,28-01-2023,2129.76,2505.6
jowar,gujarat,25-02-2023,2202.0,2590.59
jowar,gujarat,25-03-2023,2366.99,2784.69
jowar,gujarat,22-04-2023,2249.05,2645.94
jowar,gujarat,20-05-2023,2256.19,2654.34
jowar,gujarat,17-06-2023,2307.43,2714.62
jowar,gujarat,15-07-2023,2426.01,2854.13
jowar,gujarat,12-08-2023,2438.56,2868.89
jowar,gujarat,09-09-2023,2547.58,2997.15
jowar,gujarat,07-10-2023,2551.78,3002.09
jowar,gujarat,04-11-2023,2467.26,2902.66
jowar,gujarat,02-12-2023,2530.48,2977.03
jowar,gujarat,30-12-2023,2134.66,2511.37
jowar,gujarat,27-01-2024,2239.77,2635.02
jowar,gujarat,24-02-2024,2360.19,2776.7
jowar,gujarat,23-03-2024,2229.41,2622.84
jowar,gujarat,20-04-2024,2289.85,2693.94
jowar,gujarat,18-05-2024,2460.68,2894.92
jowar,gujarat,15-06-2024,2464.1,2898.94
jowar,gujarat,13-07-2024,2407.49,2832.34
jowar,gujarat,10-08-2024,2499.93,2941.09
jowar,gujarat,07-09-2024,2382.67,2803.14
jowar,gujarat,05-10-2024,2431.75,2860.88
jowar,gujarat,02-11-2024,2430.14,2858.99
jowar,gujarat,30-11-2024,2493.13,2933.1
jowar,gujarat,28-12-2024,2292.95,2697.59
jowar,gujarat,25-01-2025,2271.97,2672.91
jowar,gujarat,22-02-2025,2186.4,2572.24
jowar,gujarat,22-03-2025,2380.22,2800.26
jowar,gujarat,19-04-2025,2378.38,2798.1
jowar,gujarat,17-05-2025,2288.14,2691.93
jowar,gujarat,14-06-2025,2470.33,2906.27
jowar,gujarat,12-07-2025,2329.0,2740.0
jowar,gujarat,09-08-2025,2317.19,2726.11
jowar,gujarat,06-09-2025,2499.23,2940.27
jowar,gujarat,04-10-2025,2475.22,2912.02
jowar,rajasthan,01-01-2022,1777.18,2090.8
jowar,rajasthan,29-01-2022,1653.9,1945.76
jowar,rajasthan,26-02-2022,1734.97,2041.14
jowar,rajasthan,26-03-2022,1706.42,2007.55
jowar,rajasthan,23-04-2022,1789.85,2105.71
jowar,rajasthan,21-05-2022,1812.16,2131.95
jowar,rajasthan,18-06-2022,1750.12,2058.96
jowar,rajasthan,16-07-2022,1811.09,2130.7
jowar,rajasthan,13-08-2022,1799.11,2116.6
jowar,rajasthan,10-09-2022,1923.94,2263.46
jowar,rajasthan,08-10-2022,1961.5,2307.65
jowar,rajasthan,05-11-2022,1923.28,2262.68
jowar,rajasthan,03-12-2022,1919.18,2257.86
jowar,rajasthan,31-12-2022,1687.83,1985.68
jowar,rajasthan,28-01-2023,1741.91,2049.3
jowar,rajasthan,25-02-2023,1752.1,2061.29
jowar,rajasthan,25-03-2023,1767.07,2078.9
jowar,rajasthan,22-04-2023,1777.57,2091.26
jowar,rajasthan,20-05-2023,1843.52,2168.85
jowar,rajasthan,17-06-2023,1858.79,2186.81
jowar,rajasthan,15-07-2023,1938.3,2280.35
jowar,rajasthan,12-08-2023,1821.94,2143.46
jowar,rajasthan,09-09-2023,1811.04,2130.64
jowar,rajasthan,07-10-2023,1828.01,2150.6
jowar,rajasthan,04-11-2023,1892.97,2227.02
jowar,rajasthan,02-12-2023,1874.47,2205.26
jowar,rajasthan,30-12-2023,1636.41,1925.19
jowar,rajasthan,27-01-2024,1678.47,1974.67
jowar,rajasthan,24-02-2024,1767.94,2079.93
jowar,rajasthan,23-03-2024,1806.36,2125.13
jowar,rajasthan,20-04-2024,1770.12,2082.49
jowar,rajasthan,18-05-2024,1738.53,2045.33
jowar,rajasthan,15-06-2024,1874.84,2205.69
jowar,rajasthan,13-07-2024,1923.58,2263.03
jowar,rajasthan,10-08-2024,1831.06,2154.19
jowar,rajasthan,07-09-2024,1839.97,2164.67
jowar,rajasthan,05-10-2024,1971.8,2319.76
jowar,rajasthan,02-11-2024,1908.75,2245.59
jowar,rajasthan,30-11-2024,1918.0,2256.47
jowar,rajasthan,28-12-2024,1720.83,2024.51
jowar,rajasthan,25-01-2025,1766.04,2077.69
jowar,rajasthan,22-02-2025,1676.06,1971.83
jowar,rajasthan,22-03-2025,1768.77,2080.91
jowar,rajasthan,19-04-2025,1825.33,2147.45
jowar,rajasthan,17-05-2025,1806.51,2125.31
jowar,rajasthan,14-06-2025,1796.31,2113.31
jowar,rajasthan,12-07-2025,1928.61,2268.95
jowar,rajasthan,09-08-2025,1825.5,2147.65
jowar,rajasthan,06-09-2025,1860.71,2189.07
jowar,rajasthan,04-10-2025,1834.49,2158.22
jowar,punjab,01-01-2022,1714.56,2017.13
jowar,punjab,29-01-2022,1609.42,1893.43
jowar,punjab,26-02-2022,1607.43,1891.09
jowar,punjab,26-03-2022,1705.98,2007.04
jowar,punjab,23-04-2022,1702.18,2002.56
jowar,punjab,21-05-2022,1694.98,1994.09
jowar,punjab,18-06-2022,1730.17,2035.5
jowar,punjab,16-07-2022,1716.76,2019.72
jowar,punjab,13-08-2022,1845.65,2171.35
jowar,punjab,10-09-2022,1898.47,2233.49
jowar,punjab,08-10-2022,1871.72,2202.02
jowar,punjab,05-11-2022,1962.89,2309.28
jowar,punjab,03-12-2022,1911.18,2248.45
jowar,punjab,31-12-2022,1646.7,1937.3
jowar,punjab,28-01-2023,1627.05,1914.18
jowar,punjab,25-02-2023,1623.76,1910.31
jowar,punjab,25-03-2023,1764.88,2076.33
jowar,punjab,22-04-2023,1742.54,2050.05
jowar,punjab,20-05-2023,1837.35,2161.59
jowar,punjab,17-06-2023,1831.45,2154.65
jowar,punjab,15-07-2023,1797.12,2114.26
jowar,punjab,12-08-2023,1752.84,2062.16
jowar,punjab,09-09-2023,1768.92,2081.08
jowar,punjab,07-10-2023,1778.98,2092.92
jowar,punjab,04-11-2023,1838.22,2162.61
jowar,punjab,02-12-2023,1940.18,2282.57
jowar,punjab,30-12-2023,1640.82,1930.38
jowar,punjab,27-01-2024,1708.4,2009.88
jowar,punjab,24-02-2024,1772.53,2085.33
jowar,punjab,23-03-2024,1668.83,1963.33
jowar,punjab,20-04-2024,1728.56,2033.6
jowar,punjab,18-05-2024,1727.69,2032.58
jowar,punjab,15-06-2024,1685.83,1983.33
jowar,punjab,13-07-2024,1766.17,2077.85
jowar,punjab,10-08-2024,1851.26,2177.95
jowar,punjab,07-09-2024,1905.49,2241.75
jowar,punjab,05-10-2024,1905.19,2241.4
jowar,punjab,02-11-2024,1941.77,2284.44
jowar,punjab,30-11-2024,1971.64,2319.58
jowar,punjab,28-12-2024,1664.42,1958.14
jowar,punjab,25-01-2025,1604.56,1887.72
jowar,punjab,22-02-2025,1721.16,2024.89
jowar,punjab,22-03-2025,1749.36,2058.07
jowar,punjab,19-04-2025,1647.94,1938.75
jowar,punjab,17-05-2025,1835.29,2159.17
jowar,punjab,14-06-2025,1835.16,2159.01
jowar,punjab,12-07-2025,1821.16,2142.54
jowar,punjab,09-08-2025,1748.18,2056.68
jowar,punjab,06-09-2025,1833.32,2156.85
jowar,punjab,04-10-2025,1806.89,2125.75
jowar,haryana,01-01-2022,2140.1,2517.76
jowar,haryana,29-01-2022,2039.79,2399.75
jowar,haryana,26-02-2022,2145.54,2524.17
jowar,haryana,26-03-2022,2054.95,2417.59
jowar,haryana,23-04-2022,2242.91,2638.72
jowar,haryana,21-05-2022,2200.95,2589.35
jowar,haryana,18-06-2022,2298.55,2704.18
jowar,haryana,16-07-2022,2305.61,2712.48
jowar,haryana,13-08-2022,2287.48,2691.15
jowar,haryana,10-09-2022,2363.52,2780.61
jowar,haryana,08-10-2022,2286.62,2690.14
jowar,haryana,05-11-2022,2430.27,2859.14
jowar,haryana,03-12-2022,2355.58,2771.27
jowar,haryana,31-12-2022,1995.43,2347.56
jowar,haryana,28-01-2023,2105.92,2477.55
jowar,haryana,25-02-2023,2175.63,2559.56
jowar,haryana,25-03-2023,2096.75,2466.77
jowar,haryana,22-04-2023,2127.6,2503.06
jowar,haryana,20-05-2023,2278.06,2680.07
jowar,haryana,17-06-2023,2154.44,2534.64
jowar,haryana,15-07-2023,2119.85,2493.94
jowar,haryana,12-08-2023,2251.81,2649.19
jowar,haryana,09-09-2023,2237.17,2631.96
jowar,haryana,07-10-2023,2324.1,2734.24
jowar,haryana,04-11-2023,2308.3,2715.65
jowar,haryana,02-12-2023,2338.69,2751.4
jowar,haryana,30-12-2023,2139.05,2516.53
jowar,haryana,27-01-2024,2129.35,2505.12
jowar,haryana,24-02-2024,2050.05,2411.82
jowar,haryana,23-03-2024,2219.38,2611.03
jowar,haryana,20-04-2024,2145.11,2523.66
jowar,haryana,18-05-2024,2211.11,2601.3
jowar,haryana,15-06-2024,2188.92,2575.2
jowar,haryana,13-07-2024,2144.1,2522.47
jowar,haryana,10-08-2024,2352.17,2767.26
jowar,haryana,07-09-2024,2300.92,2706.97
jowar,haryana,05-10-2024,2336.05,2748.29
jowar,haryana,02-11-2024,2278.14,2680.16
jowar,haryana,30-11-2024,2299.51,2705.31
jowar,haryana,28-12-2024,2104.64,2476.05
jowar,haryana,25-01-2025,1968.66,2316.07
jowar,haryana,22-02-2025,1998.22,2350.85
jowar,haryana,22-03-2025,2073.86,2439.83
jowar,haryana,19-04-2025,2165.31,2547.42
jowar,haryana,17-05-2025,2073.84,2439.81
jowar,haryana,14-06-2025,2153.67,2533.73
jowar,haryana,12-07-2025,2206.33,2595.68
jowar,haryana,09-08-2025,2283.31,2686.25
jowar,haryana,06-09-2025,2159.3,2540.35
jowar,haryana,04-10-2025,2241.15,2636.65
jowar,uttarpradesh,01-01-2022,1726.51,2031.19
jowar,uttarpradesh,29-01-2022,1850.92,2177.55
jowar,uttarpradesh,26-02-2022,1838.69,2163.17
jowar,uttarpradesh,26-03-2022,1880.03,2211.8
jowar,uttarpradesh,23-04-2022,1788.9,2104.59
jowar,uttarpradesh,21-05-2022,1797.21,2114.37
jowar,uttarpradesh,18-06-2022,1853.34,2180.4
jowar,uttarpradesh,16-07-2022,2014.02,2369.43
jowar,uttarpradesh,13-08-2022,1882.01,2214.13
jowar,uttarpradesh,10-09-2022,1979.61,2328.95
jowar,uttarpradesh,08-10-2022,1901.67,2237.26
jowar,uttarpradesh,05-11-2022,1950.49,2294.69
jowar,uttarpradesh,03-12-2022,2023.48,2380.57
jowar,uttarpradesh,31-12-2022,1739.11,2046.01
jowar,uttarpradesh,28-01-2023,1842.47,2167.61
jowar,uttarpradesh,25-02-2023,1833.58,2157.15
jowar,uttarpradesh,25-03-2023,1816.62,2137.2
jowar,uttarpradesh,22-04-2023,1939.33,2281.56
jowar,uttarpradesh,20-05-2023,1799.48,2117.04
jowar,uttarpradesh,17-06-2023,1851.56,2178.3
jowar,uttarpradesh,15-07-2023,1880.86,2212.78
jowar,uttarpradesh,12-08-2023,1904.14,2240.16
jowar,uttarpradesh,09-09-2023,1975.43,2324.03
jowar,uttarpradesh,07-10-2023,2020.41,2376.95
jowar,uttarpradesh,04-11-2023,1971.29,2319.16
jowar,uttarpradesh,02-12-2023,2044.79,2405.63
jowar,uttarpradesh,30-12-2023,1797.11,2114.25
jowar,uttarpradesh,27-01-2024,1733.08,2038.92
jowar,uttarpradesh,24-02-2024,1742.89,2050.46
jowar,uttarpradesh,23-03-2024,1840.74,2165.58
jowar,uttarpradesh,20-04-2024,1815.96,2136.42
jowar,uttarpradesh,18-05-2024,1797.14,2114.28
jowar,uttarpradesh,15-06-2024,1909.49,2246.46
jowar,uttarpradesh,13-07-2024,1943.47,2286.44
jowar,uttarpradesh,10-08-2024,1949.76,2293.84
jowar,uttarpradesh,07-09-2024,1938.54,2280.63
jowar,uttarpradesh,05-10-2024,2059.52,2422.96
jowar,uttarpradesh,02-11-2024,1994.24,2346.17
jowar,uttarpradesh,30-11-2024,1955.6,2300.71
jowar,uttarpradesh,28-12-2024,1754.51,2064.13
jowar,uttarpradesh,25-01-2025,1753.41,2062.83
jowar,uttarpradesh,22-02-2025,1887.45,2220.53
jowar,uttarpradesh,22-03-2025,1869.72,2199.67
jowar,uttarpradesh,19-04-2025,1846.96,2172.89
jowar,uttarpradesh,17-05-2025,1861.27,2189.73
jowar,uttarpradesh,14-06-2025,1881.76,2213.84
jowar,uttarpradesh,12-07-2025,1901.64,2237.22
jowar,uttarpradesh,09-08-2025,1849.2,2175.53
jowar,uttarpradesh,06-09-2025,1974.45,2322.88
jowar,uttarpradesh,04-10-2025,2075.7,2442.0
jowar,madhyapradesh,01-01-2022,1861.61,2190.13
jowar,madhyapradesh,29-01-2022,1858.98,2187.04
jowar,madhyapradesh,26-02-2022,1823.69,2145.52
jowar,madhyapradesh,26-03-2022,1834.63,2158.39
jowar,madhyapradesh,23-04-2022,1908.06,2244.78
jowar,madhyapradesh,21-05-2022,1856.5,2184.12
jowar,madhyapradesh,18-06-2022,1959.46,2305.25
jowar,madhyapradesh,16-07-2022,1986.6,2337.18
jowar,madhyapradesh,13-08-2022,1955.05,2300.06
jowar,madhyapradesh,10-09-2022,2070.5,2435.88
jowar,madhyapradesh,08-10-2022,2019.68,2376.09
jowar,madhyapradesh,05-11-2022,2044.2,2404.94
jowar,madhyapradesh,03-12-2022,1983.77,2333.85
jowar,madhyapradesh,31-12-2022,1870.98,2201.15
jowar,madhyapradesh,28-01-2023,1906.71,2243.19
jowar,madhyapradesh,25-02-2023,1853.05,2180.06
jowar,madhyapradesh,25-03-2023,1799.18,2116.68
jowar,madhyapradesh,22-04-2023,1820.87,2142.2
jowar,madhyapradesh,20-05-2023,1991.99,2343.52
jowar,madhyapradesh,17-06-2023,1980.26,2329.72
jowar,madhyapradesh,15-07-2023,1940.8,2283.29
jowar,madhyapradesh,12-08-2023,1915.93,2254.04
jowar,madhyapradesh,09-09-2023,1976.67,2325.49
jowar,madhyapradesh,07-10-2023,2037.81,2397.42
jowar,madhyapradesh,04-11-2023,2029.41,2387.54
jowar,madhyapradesh,02-12-2023,1995.23,2347.33
jowar,madhyapradesh,30-12-2023,1858.81,2186.84
jowar,madhyapradesh,27-01-2024,1869.86,2199.84
jowar,madhyapradesh,24-02-2024,1904.99,2241.16
jowar,madhyapradesh,23-03-2024,1798.92,2116.38
jowar,madhyapradesh,20-04-2024,1849.53,2175.92
jowar,madhyapradesh,18-05-2024,1859.76,2187.95
jowar,madhyapradesh,15-06-2024,1997.92,2350.5
jowar,madhyapradesh,13-07-2024,1972.74,2320.87
jowar,madhyapradesh,10-08-2024,1941.12,2283.67
jowar,madhyapradesh,07-09-2024,2054.42,2416.96
jowar,madhyapradesh,05-10-2024,2113.51,2486.48
jowar,madhyapradesh,02-11-2024,2023.14,2380.16
jowar,madhyapradesh,30-11-2024,2047.41,2408.72
jowar,madhyapradesh,28-12-2024,1903.96,2239.95
jowar,madhyapradesh,25-01-2025,1747.11,2055.42
jowar,madhyapradesh,22-02-2025,1857.65,2185.47
jowar,madhyapradesh,22-03-2025,1918.46,2257.01
jowar,madhyapradesh,19-04-2025,1832.31,2155.66
jowar,madhyapradesh,17-05-2025,1831.97,2155.26
jowar,madhyapradesh,14-06-2025,1971.27,2319.14
jowar,madhyapradesh,12-07-2025,1898.87,2233.96
jowar,madhyapradesh,09-08-2025,1915.83,2253.92
jowar,madhyapradesh,06-09-2025,1959.25,2305.0
jowar,madhyapradesh,04-10-2025,2036.23,2395.57
jowar,westbengal,01-01-2022,2096.92,2466.97
jowar,westbengal,29-01-2022,2040.2,2400.24
jowar,westbengal,26-02-2022,2079.64,2446.64
jowar,westbengal,26-03-2022,2166.81,2549.19
jowar,westbengal,23-04-2022,2320.87,2730.43
jowar,westbengal,21-05-2022,2312.05,2720.06
jowar,westbengal,18-06-2022,2344.06,2757.72
jowar,westbengal,16-07-2022,2303.62,2710.14
jowar,westbengal,13-08-2022,2393.82,2816.26
jowar,westbengal,10-09-2022,2388.05,2809.47
jowar,westbengal,08-10-2022,2457.04,2890.64
jowar,westbengal,05-11-2022,2426.22,2854.38
jowar,westbengal,03-12-2022,2408.03,2832.98
jowar,westbengal,31-12-2022,2137.49,2514.7
jowar,westbengal,28-01-2023,2067.79,2432.69
jowar,westbengal,25-02-2023,2230.24,2623.81
jowar,westbengal,25-03-2023,2222.14,2614.28
jowar,westbengal,22-04-2023,2141.11,2518.95
jowar,westbengal,20-05-2023,2294.44,2699.34
jowar,westbengal,17-06-2023,2277.18,2679.04
jowar,westbengal,15-07-2023,2287.44,2691.11
jowar,westbengal,12-08-2023,2270.52,2671.2
jowar,westbengal,09-09-2023,2384.81,2805.66
jowar,westbengal,07-10-2023,2480.71,2918.48
jowar,westbengal,04-11-2023,2396.44,2819.34
jowar,westbengal,02-12-2023,2465.09,2900.11
jowar,westbengal,30-12-2023,2085.83,2453.92
jowar,westbengal,27-01-2024,2177.28,2561.51
jowar,westbengal,24-02-2024,2076.52,2442.96
jowar,westbengal,23-03-2024,2169.51,2552.36
jowar,westbengal,20-04-2024,2197.35,2585.12
jowar,westbengal,18-05-2024,2134.55,2511.24
jowar,westbengal,15-06-2024,2256.88,2655.15
jowar,westbengal,13-07-2024,2307.63,2714.86
jowar,westbengal,10-08-2024,2205.81,2595.07
jowar,westbengal,07-09-2024,2299.26,2705.01
jowar,westbengal,05-10-2024,2406.24,2830.87
jowar,westbengal,02-11-2024,2492.43,2932.27
jowar,westbengal,30-11-2024,2453.5,2886.47
jowar,westbengal,28-12-2024,2012.32,2367.44
jowar,westbengal,25-01-2025,2221.99,2614.11
jowar,westbengal,22-02-2025,2261.42,2660.49
jowar,westbengal,22-03-2025,2180.67,2565.49
jowar,westbengal,19-04-2025,2263.38,2662.8
jowar,westbengal,17-05-2025,2190.32,2576.85
jowar,westbengal,14-06-2025,2375.8,2795.06
jowar,westbengal,12-07-2025,2260.29,2659.17
jowar,westbengal,09-08-2025,2401.74,2825.58
jowar,westbengal,06-09-2025,2346.27,2760.32
jowar,westbengal,04-10-2025,2335.97,2748.2
jowar,bihar,01-01-2022,1996.51,2348.83
jowar,bihar,29-01-2022,1954.41,2299.3
jowar,bihar,26-02-2022,2101.2,2472.0
jowar,bihar,26-03-2022,2063.1,2427.18
jowar,bihar,23-04-2022,2165.76,2547.95
jowar,bihar,21-05-2022,2110.01,2482.37
jowar,bihar,18-06-2022,2216.35,2607.47
jowar,bihar,16-07-2022,2257.77,2656.2
jowar,bihar,13-08-2022,2170.82,2553.9
jowar,bihar,10-09-2022,2304.16,2710.78
jowar,bihar,08-10-2022,2225.64,2618.4
jowar,bihar,05-11-2022,2271.21,2672.01
jowar,bihar,03-12-2022,2417.32,2843.91
jowar,bihar,31-12-2022,2047.88,2409.27
jowar,bihar,28-01-2023,2018.53,2374.74
jowar,bihar,25-02-2023,2063.09,2427.17
jowar,bihar,25-03-2023,2127.41,2502.84
jowar,bihar,22-04-2023,2135.41,2512.25
jowar,bihar,20-05-2023,2236.14,2630.75
jowar,bihar,17-06-2023,2229.41,2622.84
jowar,bihar,15-07-2023,2200.42,2588.73
jowar,bihar,12-08-2023,2137.75,2515.0
jowar,bihar,09-09-2023,2205.7,2594.94
jowar,bihar,07-10-2023,2373.73,2792.62
jowar,bihar,04-11-2023,2260.69,2659.64
jowar,bihar,02-12-2023,2348.01,2762.36
jowar,bihar,30-12-2023,1999.16,2351.95
jowar,bihar,27-01-2024,1950.76,2295.01
jowar,bihar,24-02-2024,2141.78,2519.74
jowar,bihar,23-03-2024,2022.75,2379.71
jowar,bihar,20-04-2024,2033.79,2392.7
jowar,bihar,18-05-2024,2060.03,2423.57
jowar,bihar,15-06-2024,2263.87,2663.38
jowar,bihar,13-07-2024,2189.67,2576.08
jowar,bihar,10-08-2024,2277.72,2679.67
jowar,bihar,07-09-2024,2353.27,2768.55
jowar,bihar,05-10-2024,2340.43,2753.45
jowar,bihar,02-11-2024,2348.97,2763.49
jowar,bihar,30-11-2024,2259.61,2658.37
jowar,bihar,28-12-2024,2099.29,2469.75
jowar,bihar,25-01-2025,1977.13,2326.04
jowar,bihar,22-02-2025,2150.14,2529.58
jowar,bihar,22-03-2025,2147.69,2526.7
jowar,bihar,19-04-2025,2102.36,2473.36
jowar,bihar,17-05-2025,2051.06,2413.01
jowar,bihar,14-06-2025,2193.94,2581.11
jowar,bihar,12-07-2025,2110.23,2482.62
jowar,bihar,09-08-2025,2297.01,2702.37
jowar,bihar,06-09-2025,2149.3,2528.59
jowar,bihar,04-10-2025,2330.17,2741.38
jowar,odisha,01-01-2022,2013.85,2369.24
jowar,odisha,29-01-2022,2055.32,2418.02
jowar,odisha,26-02-2022,1960.4,2306.35
jowar,odisha,26-03-2022,2060.54,2424.16
jowar,odisha,23-04-2022,2019.66,2376.07
jowar,odisha,21-05-2022,2170.12,2553.08
jowar,odisha,18-06-2022,2108.71,2480.83
jowar,odisha,16-07-2022,2053.97,2416.44
jowar,odisha,13-08-2022,2088.84,2457.46
jowar,odisha,10-09-2022,2152.61,2532.48
jowar,odisha,08-10-2022,2143.58,2521.86
jowar,odisha,05-11-2022,2148.55,2527.71
jowar,odisha,03-12-2022,2163.37,2545.14
jowar,odisha,31-12-2022,2008.63,2363.09
jowar,odisha,28-01-2023,2032.66,2391.37
jowar,odisha,25-02-2023,1934.67,2276.08
jowar,odisha,25-03-2023,2036.97,2396.44
jowar,odisha,22-04-2023,2071.08,2436.56
jowar,odisha,20-05-2023,2103.87,2475.14
jowar,odisha,17-06-2023,2031.21,2389.66
jowar,odisha,15-07-2023,2183.21,2568.48
jowar,odisha,12-08-2023,2226.09,2618.93
jowar,odisha,09-09-2023,2135.73,2512.62
jowar,odisha,07-10-2023,2170.29,2553.28
jowar,odisha,04-11-2023,2225.04,2617.7
jowar,odisha,02-12-2023,2143.19,2521.4
jowar,odisha,30-12-2023,1886.22,2219.08
jowar,odisha,27-01-2024,2017.14,2373.11
jowar,odisha,24-02-2024,2078.13,2444.86
jowar,odisha,23-03-2024,2049.12,2410.73
jowar,odisha,20-04-2024,2043.89,2404.58
jowar,odisha,18-05-2024,2137.74,2514.99
jowar,odisha,15-06-2024,2107.99,2479.99
jowar,odisha,13-07-2024,2111.99,2484.7
jowar,odisha,10-08-2024,2110.18,2482.56
jowar,odisha,07-09-2024,2191.81,2578.6
jowar,odisha,05-10-2024,2203.29,2592.11
jowar,odisha,02-11-2024,2134.53,2511.21
jowar,odisha,30-11-2024,2142.11,2520.13
jowar,odisha,28-12-2024,1933.38,2274.57
jowar,odisha,25-01-2025,1947.38,2291.03
jowar,odisha,22-02-2025,1910.43,2247.57
jowar,odisha,22-03-2025,1935.15,2276.65
jowar,odisha,19-04-2025,2102.42,2473.43
jowar,odisha,17-05-2025,2027.22,2384.97
jowar,odisha,14-06-2025,2013.28,2368.57
jowar,odisha,12-07-2025,2060.5,2424.12
jowar,odisha,09-08-2025,2163.59,2545.4
jowar,odisha,06-09-2025,2129.52,2505.32
jowar,odisha,04-10-2025,2129.99,2505.87
bajra,karnataka,01-01-2022,3306.96,3890.54
bajra,karnataka,29-01-2022,3132.68,3685.51
bajra,karnataka,26-02-2022,3318.24,3903.81
bajra,karnataka,26-03-2022,3149.5,3705.29
bajra,karnataka,23-04-2022,3455.04,4064.75
bajra,karnataka,21-05-2022,3528.66,4151.37
bajra,karnataka,18-06-2022,3265.43,3841.68
bajra,karnataka,16-07-2022,3476.03,4089.45
bajra,karnataka,13-08-2022,3612.87,4250.43
bajra,karnataka,10-09-2022,3681.59,4331.28
bajra,karnataka,08-10-2022,3568.78,4198.57
bajra,karnataka,05-11-2022,3571.99,4202.34
bajra,karnataka,03-12-2022,3486.2,4101.41
bajra,karnataka,31-12-2022,3235.64,3806.64
bajra,karnataka,28-01-2023,3087.55,3632.41
bajra,karnataka,25-02-2023,3242.7,3814.94
bajra,karnataka,25-03-2023,3429.1,4034.24
bajra,karnataka,22-04-2023,3252.36,3826.3
bajra,karnataka,20-05-2023,3212.43,3779.33
bajra,karnataka,17-06-2023,3355.22,3947.32
bajra,karnataka,15-07-2023,3367.54,3961.81
bajra,karnataka,12-08-2023,3431.88,4037.5
bajra,karnataka,09-09-2023,3622.62,4261.91
bajra,karnataka,07-10-2023,3440.04,4047.11
bajra,karnataka,04-11-2023,3625.34,4265.11
bajra,karnataka,02-12-2023,3733.24,4392.05
bajra,karnataka,30-12-2023,3307.56,3891.25
bajra,karnataka,27-01-2024,3265.03,3841.21
bajra,karnataka,24-02-2024,3375.15,3970.77
bajra,karnataka,23-03-2024,3204.69,3770.22
bajra,karnataka,20-04-2024,3189.01,3751.78
bajra,karnataka,18-05-2024,3521.89,4143.4
bajra,karnataka,15-06-2024,3548.34,4174.52
bajra,karnataka,13-07-2024,3520.1,4141.29
bajra,karnataka,10-08-2024,3582.28,4214.45
bajra,karnataka,07-09-2024,3365.21,3959.07
bajra,karnataka,05-10-2024,3740.45,4400.53
bajra,karnataka,02-11-2024,3770.69,4436.11
bajra,karnataka,30-11-2024,3683.73,4333.8
bajra,karnataka,28-12-2024,3208.65,3774.88
bajra,karnataka,25-01-2025,3077.82,3620.96
bajra,karnataka,22-02-2025,3268.85,3845.71
bajra,karnataka,22-03-2025,3438.72,4045.55
bajra,karnataka,19-04-2025,3254.85,3829.23
bajra,karnataka,17-05-2025,3216.4,3784.0
bajra,karnataka,14-06-2025,3252.07,3825.97
bajra,karnataka,12-07-2025,3452.66,4061.95
bajra,karnataka,09-08-2025,3542.08,4167.15
bajra,karnataka,06-09-2025,3505.03,4123.56
bajra,karnataka,04-10-2025,3498.62,4116.02
bajra,tamilnadu,01-01-2022,3224.18,3793.15
bajra,tamilnadu,29-01-2022,2968.23,3492.04
bajra,tamilnadu,26-02-2022,3015.5,3547.65
bajra,tamilnadu,26-03-2022,3281.63,3860.74
bajra,tamilnadu,23-04-2022,3333.29,3921.52
bajra,tamilnadu,21-05-2022,3282.23,3861.45
bajra,tamilnadu,18-06-2022,3428.7,4033.76
bajra,tamilnadu,16-07-2022,3408.77,4010.32
bajra,tamilnadu,13-08-2022,3466.84,4078.63
bajra,tamilnadu,10-09-2022,3442.66,4050.19
bajra,tamilnadu,08-10-2022,3307.99,3891.75
bajra,tamilnadu,05-11-2022,3594.52,4228.85
bajra,tamilnadu,03-12-2022,3609.08,4245.98
bajra,tamilnadu,31-12-2022,3057.37,3596.91
bajra,tamilnadu,28-01-2023,3094.61,3640.72
bajra,tamilnadu,25-02-2023,3041.51,3578.25
bajra,tamilnadu,25-03-2023,3174.41,3734.6
bajra,tamilnadu,22-04-2023,3361.03,3954.15
bajra,tamilnadu,20-05-2023,3428.89,4033.99
bajra,tamilnadu,17-06-2023,3265.67,3841.97
bajra,tamilnadu,15-07-2023,3245.3,3818.0
bajra,tamilnadu,12-08-2023,3364.78,3958.56
bajra,tamilnadu,09-09-2023,3273.28,3850.92
bajra,tamilnadu,07-10-2023,3370.28,3965.04
bajra,tamilnadu,04-11-2023,3532.52,4155.91
bajra,tamilnadu,02-12-2023,3443.31,4050.95
bajra,tamilnadu,30-12-2023,3155.21,3712.01
bajra,tamilnadu,27-01-2024,3238.47,3809.97
bajra,tamilnadu,24-02-2024,3248.35,3821.59
bajra,tamilnadu,23-03-2024,3215.97,3783.49
bajra,tamilnadu,20-04-2024,3391.35,3989.82
bajra,tamilnadu,18-05-2024,3112.37,3661.61
bajra,tamilnadu,15-06-2024,3382.21,3979.07
bajra,tamilnadu,13-07-2024,3452.52,4061.79
bajra,tamilnadu,10-08-2024,3242.9,3815.18
bajra,tamilnadu,07-09-2024,3296.84,3878.64
bajra,tamilnadu,05-10-2024,3352.48,3944.09
bajra,tamilnadu,02-11-2024,3341.72,3931.44
bajra,tamilnadu,30-11-2024,3486.68,4101.98
bajra,tamilnadu,28-12-2024,3126.8,3678.59
bajra,tamilnadu,25-01-2025,3037.69,3573.75
bajra,tamilnadu,22-02-2025,3090.31,3635.66
bajra,tamilnadu,22-03-2025,3228.13,3797.8
bajra,tamilnadu,19-04-2025,3225.76,3795.01
bajra,tamilnadu,17-05-2025,3147.52,3702.97
bajra,tamilnadu,14-06-2025,3169.4,3728.71
bajra,tamilnadu,12-07-2025,3264.24,3840.28
bajra,tamilnadu,09-08-2025,3401.05,4001.24
bajra,tamilnadu,06-09-2025,3422.94,4026.99
bajra,tamilnadu,04-10-2025,3544.54,4170.05
bajra,andhrapradesh,01-01-2022,2675.51,3147.66
bajra,andhrapradesh,29-01-2022,2528.17,2974.32
bajra,andhrapradesh,26-02-2022,2689.08,3163.62
bajra,andhrapradesh,26-03-2022,2782.64,3273.7
bajra,andhrapradesh,23-04-2022,2772.62,3261.91
bajra,andhrapradesh,21-05-2022,2672.52,3144.14
bajra,andhrapradesh,18-06-2022,2803.56,3298.31
bajra,andhrapradesh,16-07-2022,2800.68,3294.92
bajra,andhrapradesh,13-08-2022,2759.55,3246.53
bajra,andhrapradesh,10-09-2022,2913.78,3427.98
bajra,andhrapradesh,08-10-2022,2890.31,3400.37
bajra,andhrapradesh,05-11-2022,2791.07,3283.61
bajra,andhrapradesh,03-12-2022,3071.67,3613.73
bajra,andhrapradesh,31-12-2022,2621.66,3084.31
bajra,andhrapradesh,28-01-2023,2632.62,3097.2
bajra,andhrapradesh,25-02-2023,2574.98,3029.39
bajra,andhrapradesh,25-03-2023,2586.01,3042.36
bajra,andhrapradesh,22-04-2023,2599.18,3057.86
bajra,andhrapradesh,20-05-2023,2858.98,3363.51
bajra,andhrapradesh,17-06-2023,2686.74,3160.87
bajra,andhrapradesh,15-07-2023,2860.75,3365.59
bajra,andhrapradesh,12-08-2023,2743.51,3227.66
bajra,andhrapradesh,09-09-2023,2820.81,3318.6
bajra,andhrapradesh,07-10-2023,2980.73,3506.74
bajra,andhrapradesh,04-11-2023,2816.76,3313.84
bajra,andhrapradesh,02-12-2023,3094.55,3640.65
bajra,andhrapradesh,30-12-2023,2619.83,3082.15
bajra,andhrapradesh,27-01-2024,2639.91,3105.78
bajra,andhrapradesh,24-02-2024,2620.79,3083.28
bajra,andhrapradesh,23-03-2024,2562.21,3014.36
bajra,andhrapradesh,20-04-2024,2696.76,3172.66
bajra,andhrapradesh,18-05-2024,2601.85,3061.0
bajra,andhrapradesh,15-06-2024,2699.84,3176.28
bajra,andhrapradesh,13-07-2024,2760.83,3248.04
bajra,andhrapradesh,10-08-2024,2917.67,3432.55
bajra,andhrapradesh,07-09-2024,2738.56,3221.83
bajra,andhrapradesh,05-10-2024,2825.49,3324.11
bajra,andhrapradesh,02-11-2024,2953.42,3474.61
bajra,andhrapradesh,30-11-2024,2952.03,3472.98
bajra,andhrapradesh,28-12-2024,2662.06,3131.84
bajra,andhrapradesh,25-01-2025,2570.92,3024.61
bajra,andhrapradesh,22-02-2025,2513.01,2956.48
bajra,andhrapradesh,22-03-2025,2586.58,3043.04
bajra,andhrapradesh,19-04-2025,2611.94,3072.87
bajra,andhrapradesh,17-05-2025,2710.28,3188.57
bajra,andhrapradesh,14-06-2025,2637.52,3102.96
bajra,andhrapradesh,12-07-2025,2738.76,3222.07
bajra,andhrapradesh,09-08-2025,2836.97,3337.61
bajra,andhrapradesh,06-09-2025,2813.79,3310.34
bajra,andhrapradesh,04-10-2025,2752.36,3238.07
bajra,telangana,01-01-2022,2940.72,3459.67
bajra,telangana,29-01-2022,2985.86,3512.78
bajra,telangana,26-02-2022,3018.22,3550.85
bajra,telangana,26-03-2022,3026.42,3560.5
bajra,telangana,23-04-2022,2997.67,3526.67
bajra,telangana,21-05-2022,3083.27,3627.38
bajra,telangana,18-06-2022,2992.87,3521.02
bajra,telangana,16-07-2022,3177.83,3738.62
bajra,telangana,13-08-2022,3091.31,3636.84
bajra,telangana,10-09-2022,3124.33,3675.68
bajra,telangana,08-10-2022,3255.37,3829.85
bajra,telangana,05-11-2022,3293.47,3874.67
bajra,telangana,03-12-2022,3108.94,3657.58
bajra,telangana,31-12-2022,2718.9,3198.71
bajra,telangana,28-01-2023,2832.72,3332.61
bajra,telangana,25-02-2023,2964.24,3487.34
bajra,telangana,25-03-2023,2987.6,3514.82
bajra,telangana,22-04-2023,3077.15,3620.18
bajra,telangana,20-05-2023,3137.61,3691.3
bajra,telangana,17-06-2023,3030.14,3564.87
bajra,telangana,15-07-2023,3098.87,3645.73
bajra,telangana,12-08-2023,3133.09,3685.99
bajra,telangana,09-09-2023,3153.08,3709.51
bajra,telangana,07-10-2023,3075.03,3617.68
bajra,telangana,04-11-2023,3179.52,3740.61
bajra,telangana,02-12-2023,3332.92,3921.08
bajra,telangana,30-12-2023,2949.63,3470.15
bajra,telangana,27-01-2024,2759.31,3246.25
bajra,telangana,24-02-2024,2759.47,3246.43
bajra,telangana,23-03-2024,3023.3,3556.82
bajra,telangana,20-04-2024,3104.62,3652.49
bajra,telangana,18-05-2024,2881.36,3389.84
bajra,telangana,15-06-2024,2965.19,3488.46
bajra,telangana,13-07-2024,3089.71,3634.95
bajra,telangana,10-08-2024,3061.28,3601.5
bajra,telangana,07-09-2024,3113.96,3663.48
bajra,telangana,05-10-2024,3219.2,3787.29
bajra,telangana,02-11-2024,3173.21,3733.19
bajra,telangana,30-11-2024,3304.81,3888.01
bajra,telangana,28-12-2024,2909.39,3422.81
bajra,telangana,25-01-2025,2953.65,3474.88
bajra,telangana,22-02-2025,2931.39,3448.69
bajra,telangana,22-03-2025,2825.08,3323.62
bajra,telangana,19-04-2025,2990.99,3518.81
bajra,telangana,17-05-2025,2952.13,3473.1
bajra,telangana,14-06-2025,2969.63,3493.68
bajra,telangana,12-07-2025,2977.71,3503.19
bajra,telangana,09-08-2025,3100.23,3647.33
bajra,telangana,06-09-2025,3128.21,3680.25
bajra,telangana,04-10-2025,3171.74,3731.46
bajra,kerala,01-01-2022,3192.8,3756.23
bajra,kerala,29-01-2022,3350.56,3941.84
bajra,kerala,26-02-2022,3186.42,3748.73
bajra,kerala,26-03-2022,3172.34,3732.17
bajra,kerala,23-04-2022,3506.15,4124.88
bajra,kerala,21-05-2022,3322.68,3909.03
bajra,kerala,18-06-2022,3476.5,4090.0
bajra,kerala,16-07-2022,3413.78,4016.21
bajra,kerala,13-08-2022,3364.99,3958.81
bajra,kerala,10-09-2022,3444.34,4052.17
bajra,kerala,08-10-2022,3693.89,4345.75
bajra,kerala,05-11-2022,3556.66,4184.3
bajra,kerala,03-12-2022,3813.74,4486.75
bajra,kerala,31-12-2022,3079.87,3623.38
bajra,kerala,28-01-2023,3281.25,3860.29
bajra,kerala,25-02-2023,3163.16,3721.36
bajra,kerala,25-03-2023,3357.99,3950.58
bajra,kerala,22-04-2023,3207.47,3773.49
bajra,kerala,20-05-2023,3267.62,3844.26
bajra,kerala,17-06-2023,3279.87,3858.67
bajra,kerala,15-07-2023,3542.62,4167.79
bajra,kerala,12-08-2023,3645.23,4288.51
bajra,kerala,09-09-2023,3586.71,4219.66
bajra,kerala,07-10-2023,3433.37,4039.26
bajra,kerala,04-11-2023,3717.17,4373.14
bajra,kerala,02-12-2023,3516.47,4137.02
bajra,kerala,30-12-2023,3267.77,3844.43
bajra,kerala,27-01-2024,3160.99,3718.81
bajra,kerala,24-02-2024,3199.41,3764.01
bajra,kerala,23-03-2024,3378.04,3974.17
bajra,kerala,20-04-2024,3478.82,4092.73
bajra,kerala,18-05-2024,3348.81,3939.78
bajra,kerala,15-06-2024,3513.64,4133.69
bajra,kerala,13-07-2024,3513.46,4133.48
bajra,kerala,10-08-2024,3465.5,4077.06
bajra,kerala,07-09-2024,3407.94,4009.34
bajra,kerala,05-10-2024,3577.97,4209.38
bajra,kerala,02-11-2024,3642.11,4284.83
bajra,kerala,30-11-2024,3581.26,4213.25
bajra,kerala,28-12-2024,3143.39,3698.11
bajra,kerala,25-01-2025,3197.37,3761.61
bajra,kerala,22-02-2025,3384.75,3982.06
bajra,kerala,22-03-2025,3290.95,3871.71
bajra,kerala,19-04-2025,3406.41,4007.54
bajra,kerala,17-05-2025,3526.39,4148.7
bajra,kerala,14-06-2025,3315.83,3900.98
bajra,kerala,12-07-2025,3418.13,4021.33
bajra,kerala,09-08-2025,3619.76,4258.54
bajra,kerala,06-09-2025,3499.56,4117.13
bajra,kerala,04-10-2025,3565.13,4194.27
bajra,maharashtra,01-01-2022,2865.8,3371.53
bajra,maharashtra,29-01-2022,3047.87,3585.73
bajra,maharashtra,26-02-2022,2981.85,3508.06
bajra,maharashtra,26-03-2022,2880.5,3388.82
bajra,maharashtra,23-04-2022,2880.22,3388.49
bajra,maharashtra,21-05-2022,3184.89,3746.93
bajra,maharashtra,18-06-2022,3216.59,3784.22
bajra,maharashtra,16-07-2022,2976.92,3502.26
bajra,maharashtra,13-08-2022,3195.52,3759.43
bajra,maharashtra,10-09-2022,3295.38,3876.92
bajra,maharashtra,08-10-2022,3236.25,3807.35
bajra,maharashtra,05-11-2022,3360.42,3953.43
bajra,maharashtra,03-12-2022,3307.17,3890.79
bajra,maharashtra,31-12-2022,2897.65,3409.0
bajra,maharashtra,28-01-2023,2864.7,3370.23
bajra,maharashtra,25-02-2023,2861.93,3366.98
bajra,maharashtra,25-03-2023,3080.4,3624.0
bajra,maharashtra,22-04-2023,2876.6,3384.23
bajra,maharashtra,20-05-2023,3122.58,3673.62
bajra,maharashtra,17-06-2023,3052.61,3591.31
bajra,maharashtra,15-07-2023,3280.78,3859.74
bajra,maharashtra,12-08-2023,3027.79,3562.11
bajra,maharashtra,09-09-2023,3061.78,3602.09
bajra,maharashtra,07-10-2023,3373.55,3968.88
bajra,maharashtra,04-11-2023,3178.58,3739.51
bajra,maharashtra,02-12-2023,3305.62,3888.96
bajra,maharashtra,30-12-2023,2895.62,3406.61
bajra,maharashtra,27-01-2024,2924.12,3440.14
bajra,maharashtra,24-02-2024,2921.8,3437.41
bajra,maharashtra,23-03-2024,3051.28,3589.74
bajra,maharashtra,20-04-2024,3122.53,3673.57
bajra,maharashtra,18-05-2024,3061.96,3602.31
bajra,maharashtra,15-06-2024,2950.77,3471.49
bajra,maharashtra,13-07-2024,3116.55,3666.53
bajra,maharashtra,10-08-2024,3168.78,3727.98
bajra,maharashtra,07-09-2024,3178.05,3738.88
bajra,maharashtra,05-10-2024,3158.14,3715.46
bajra,maharashtra,02-11-2024,3378.44,3974.63
bajra,maharashtra,30-11-2024,3236.09,3807.16
bajra,maharashtra,28-12-2024,2800.66,3294.89
bajra,maharashtra,25-01-2025,2835.31,3335.66
bajra,maharashtra,22-02-2025,3024.78,3558.56
bajra,maharashtra,22-03-2025,2940.63,3459.56
bajra,maharashtra,19-04-2025,3004.31,3534.48
bajra,maharashtra,17-05-2025,3129.28,3681.5
bajra,maharashtra,14-06-2025,2970.54,3494.75
bajra,maharashtra,12-07-2025,3044.27,3581.49
bajra,maharashtra,09-08-2025,3234.64,3805.46
bajra,maharashtra,06-09-2025,3318.46,3904.07
bajra,maharashtra,04-10-2025,3188.1,3750.71
bajra,gujarat,01-01-2022,2565.17,3017.85
bajra,gujarat,29-01-2022,2703.33,3180.39
bajra,gujarat,26-02-2022,2667.98,3138.8
bajra,gujarat,26-03-2022,2687.65,3161.94
bajra,gujarat,23-04-2022,2677.91,3150.48
bajra,gujarat,21-05-2022,2701.52,3178.26
bajra,gujarat,18-06-2022,2774.71,3264.37
bajra,gujarat,16-07-2022,2878.68,3386.68
bajra,gujarat,13-08-2022,2713.91,3192.84
bajra,gujarat,10-09-2022,2862.27,3367.38
bajra,gujarat,08-10-2022,2963.24,3486.17
bajra,gujarat,05-11-2022,2888.57,3398.32
bajra,gujarat,03-12-2022,2972.47,3497.02
bajra,gujarat,31-12-2022,2470.96,2907.01
bajra,gujarat,28-01-2023,2533.48,2980.57
bajra,gujarat,25-02-2023,2571.68,3025.51
bajra,gujarat,25-03-2023,2610.15,3070.77
bajra,gujarat,22-04-2023,2579.0,3034.12
bajra,gujarat,20-05-2023,2702.12,3178.96
bajra,gujarat,17-06-2023,2888.77,3398.55
bajra,gujarat,15-07-2023,2808.77,3304.44
bajra,gujarat,12-08-2023,2856.96,3361.13
bajra,gujarat,09-09-2023,2929.3,3446.23
bajra,gujarat,07-10-2023,2998.83,3528.04
bajra,gujarat,04-11-2023,3025.25,3559.12
bajra,gujarat,02-12-2023,2804.69,3299.63
bajra,gujarat,30-12-2023,2466.5,2901.77
bajra,gujarat,27-01-2024,2534.28,2981.51
bajra,gujarat,24-02-2024,2642.03,3108.27
bajra,gujarat,23-03-2024,2774.07,3263.61
bajra,gujarat,20-04-2024,2757.02,3243.55
bajra,gujarat,18-05-2024,2621.88,3084.56
bajra,gujarat,15-06-2024,2627.21,3090.84
bajra,gujarat,13-07-2024,2768.47,3257.02
bajra,gujarat,10-08-2024,2873.15,3380.18
bajra,gujarat,07-09-2024,2991.25,3519.12
bajra,gujarat,05-10-2024,2777.52,3267.67
bajra,gujarat,02-11-2024,3022.47,3555.85
bajra,gujarat,30-11-2024,3070.87,3612.79
bajra,gujarat,28-12-2024,2667.37,3138.08
bajra,gujarat,25-01-2025,2557.91,3009.3
bajra,gujarat,22-02-2025,2602.02,3061.2
bajra,gujarat,22-03-2025,2674.81,3146.84
bajra,gujarat,19-04-2025,2748.7,3233.77
bajra,gujarat,17-05-2025,2619.86,3082.19
bajra,gujarat,14-06-2025,2865.12,3370.73
bajra,gujarat,12-07-2025,2898.64,3410.16
bajra,gujarat,09-08-2025,2845.36,3347.48
bajra,gujarat,06-09-2025,2884.81,3393.89
bajra,gujarat,04-10-2025,3026.01,3560.01
bajra,rajasthan,01-01-2022,2299.87,2705.73
bajra,rajasthan,29-01-2022,2241.27,2636.79
bajra,rajasthan,26-02-2022,2290.51,2694.72
bajra,rajasthan,26-03-2022,2309.06,2716.54
bajra,rajasthan,23-04-2022,2346.47,2760.55
bajra,rajasthan,21-05-2022,2466.23,2901.45
bajra,rajasthan,18-06-2022,2363.48,2780.57
bajra,rajasthan,16-07-2022,2436.78,2866.8
bajra,rajasthan,13-08-2022,2380.13,2800.15
bajra,rajasthan,10-09-2022,2419.33,2846.27
bajra,rajasthan,08-10-2022,2593.63,3051.33
bajra,rajasthan,05-11-2022,2660.81,3130.36
bajra,rajasthan,03-12-2022,2695.23,3170.86
bajra,rajasthan,31-12-2022,2152.74,2532.64
bajra,rajasthan,28-01-2023,2364.22,2781.44
bajra,rajasthan,25-02-2023,2323.82,2733.9
bajra,rajasthan,25-03-2023,2299.97,2705.85
bajra,rajasthan,22-04-2023,2393.55,2815.94
bajra,rajasthan,20-05-2023,2357.55,2773.59
bajra,rajasthan,17-06-2023,2399.52,2822.97
bajra,rajasthan,15-07-2023,2444.49,2875.87
bajra,rajasthan,12-08-2023,2492.16,2931.95
bajra,rajasthan,09-09-2023,2609.53,3070.04
bajra,rajasthan,07-10-2023,2424.59,2852.46
bajra,rajasthan,04-11-2023,2502.69,2944.34
bajra,rajasthan,02-12-2023,2541.44,2989.93
bajra,rajasthan,30-12-2023,2260.64,2659.58
bajra,rajasthan,27-01-2024,2364.62,2781.9
bajra,rajasthan,24-02-2024,2320.65,2730.18
bajra,rajasthan,23-03-2024,2410.47,2835.85
bajra,rajasthan,20-04-2024,2341.03,2754.15
bajra,rajasthan,18-05-2024,2344.05,2757.71
bajra,rajasthan,15-06-2024,2370.56,2788.89
bajra,rajasthan,13-07-2024,2363.83,2780.98
bajra,rajasthan,10-08-2024,2382.25,2802.65
bajra,rajasthan,07-09-2024,2576.86,3031.6
bajra,rajasthan,05-10-2024,2585.71,3042.01
bajra,rajasthan,02-11-2024,2679.42,3152.26
bajra,rajasthan,30-11-2024,2507.76,2950.3
bajra,rajasthan,28-12-2024,2250.54,2647.69
bajra,rajasthan,25-01-2025,2291.34,2695.7
bajra,rajasthan,22-02-2025,2328.86,2739.84
bajra,rajasthan,22-03-2025,2236.96,2631.72
bajra,rajasthan,19-04-2025,2307.56,2714.78
bajra,rajasthan,17-05-2025,2295.31,2700.36
bajra,rajasthan,14-06-2025,2359.75,2776.18
bajra,rajasthan,12-07-2025,2427.46,2855.83
bajra,rajasthan,09-08-2025,2565.59,3018.34
bajra,rajasthan,06-09-2025,2445.57,2877.14
bajra,rajasthan,04-10-2025,2631.97,3096.43
bajra,punjab,01-01-2022,3304.54,3887.69
bajra,punjab,29-01-2022,3401.57,4001.85
bajra,punjab,26-02-2022,3358.23,3950.86
bajra,punjab,26-03-2022,3223.43,3792.27
bajra,punjab,23-04-2022,3284.46,3864.07
bajra,punjab,21-05-2022,3539.86,4164.54
bajra,punjab,18-06-2022,3552.35,4179.23
bajra,punjab,16-07-2022,3338.63,3927.8
bajra,punjab,13-08-2022,3687.15,4337.82
bajra,punjab,10-09-2022,3749.51,4411.19
bajra,punjab,08-10-2022,3639.31,4281.54
bajra,punjab,05-11-2022,3774.65,4440.77
bajra,punjab,03-12-2022,3522.48,4144.09
bajra,punjab,31-12-2022,3330.01,3917.66
bajra,punjab,28-01-2023,3108.31,3656.84
bajra,punjab,25-02-2023,3205.2,3770.82
bajra,punjab,25-03-2023,3491.17,4107.26
bajra,punjab,22-04-2023,3407.73,4009.1
bajra,punjab,20-05-2023,3503.33,4121.56
bajra,punjab,17-06-2023,3471.3,4083.88
bajra,punjab,15-07-2023,3620.27,4259.14
bajra,punjab,12-08-2023,3471.78,4084.45
bajra,punjab,09-09-2023,3444.73,4052.62
bajra,punjab,07-10-2023,3699.66,4352.54
bajra,punjab,04-11-2023,3791.42,4460.5
bajra,punjab,02-12-2023,3684.67,4334.91
bajra,punjab,30-12-2023,3201.02,3765.91
bajra,punjab,27-01-2024,3185.73,3747.92
bajra,punjab,24-02-2024,3423.66,4027.83
bajra,punjab,23-03-2024,3508.32,4127.43
bajra,punjab,20-04-2024,3462.03,4072.98
bajra,punjab,18-05-2024,3292.54,3873.58
bajra,punjab,15-06-2024,3413.39,4015.75
bajra,punjab,13-07-2024,3356.76,3949.13
bajra,punjab,10-08-2024,3648.43,4292.27
bajra,punjab,07-09-2024,3666.17,4313.14
bajra,punjab,05-10-2024,3562.2,4190.82
bajra,punjab,02-11-2024,3667.66,4314.89
bajra,punjab,30-11-2024,3622.32,4261.55
bajra,punjab,28-12-2024,3264.94,3841.11
bajra,punjab,25-01-2025,3267.24,3843.81
bajra,punjab,22-02-2025,3394.77,3993.85
bajra,punjab,22-03-2025,3412.6,4014.82
bajra,punjab,19-04-2025,3320.99,3907.05
bajra,punjab,17-05-2025,3569.28,4199.15
bajra,punjab,14-06-2025,3440.98,4048.21
bajra,punjab,12-07-2025,3655.77,4300.91
bajra,punjab,09-08-2025,3648.74,4292.64
bajra,punjab,06-09-2025,3519.26,4140.3
bajra,punjab,04-10-2025,3748.64,4410.16
bajra,haryana,01-01-2022,2992.58,3520.68
bajra,haryana,29-01-2022,2784.09,3275.4
bajra,haryana,26-02-2022,2995.39,3523.99
bajra,haryana,26-03-2022,2844.41,3346.37
bajra,haryana,23-04-2022,2917.64,3432.52
bajra,haryana,21-05-2022,3025.63,3559.57
bajra,haryana,18-06-2022,3236.88,3808.1
bajra,haryana,16-07-2022,3189.85,3752.77
bajra,haryana,13-08-2022,3097.03,3643.57
bajra,haryana,10-09-2022,3095.64,3641.93
bajra,haryana,08-10-2022,3345.21,3935.54
bajra,haryana,05-11-2022,3355.98,3948.21
bajra,haryana,03-12-2022,3243.28,3815.62
bajra,haryana,31-12-2022,2796.78,3290.33
bajra,haryana,28-01-2023,3029.41,3564.01
bajra,haryana,25-02-2023,3088.89,3633.99
bajra,haryana,25-03-2023,3098.46,3645.25
bajra,haryana,22-04-2023,3103.1,3650.71
bajra,haryana,20-05-2023,2911.36,3425.13
bajra,haryana,17-06-2023,2965.39,3488.7
bajra,haryana,15-07-2023,3153.6,3710.12
bajra,haryana,12-08-2023,3079.04,3622.4
bajra,haryana,09-09-2023,3104.2,3652.0
bajra,haryana,07-10-2023,3216.87,3784.55
bajra,haryana,04-11-2023,3201.69,3766.69
bajra,haryana,02-12-2023,3275.67,3853.73
bajra,haryana,30-12-2023,2907.89,3421.05
bajra,haryana,27-01-2024,2959.88,3482.21
bajra,haryana,24-02-2024,2950.98,3471.74
bajra,haryana,23-03-2024,3038.56,3574.78
bajra,haryana,20-04-2024,2930.72,3447.91
bajra,haryana,18-05-2024,3002.32,3532.14
bajra,haryana,15-06-2024,3016.43,3548.74
bajra,haryana,13-07-2024,3070.32,3612.14
bajra,haryana,10-08-2024,3166.73,3725.57
bajra,haryana,07-09-2024,3302.62,3885.44
bajra,haryana,05-10-2024,3208.45,3774.65
bajra,haryana,02-11-2024,3232.53,3802.98
bajra,haryana,30-11-2024,3309.04,3892.99
bajra,haryana,28-12-2024,2767.35,3255.71
bajra,haryana,25-01-2025,2806.5,3301.76
bajra,haryana,22-02-2025,3068.22,3609.67
bajra,haryana,22-03-2025,3067.89,3609.28
bajra,haryana,19-04-2025,2963.18,3486.09
bajra,haryana,17-05-2025,3207.35,3773.35
bajra,haryana,14-06-2025,3045.41,3582.83
bajra,haryana,12-07-2025,3186.42,3748.73
bajra,haryana,09-08-2025,3049.63,3587.8
bajra,haryana,06-09-2025,3196.13,3760.15
bajra,haryana,04-10-2025,3184.68,3746.68
bajra,uttarpradesh,01-01-2022,2362.57,2779.49
bajra,uttarpradesh,29-01-2022,2393.88,2816.33
bajra,uttarpradesh,26-02-2022,2439.72,2870.26
bajra,uttarpradesh,26-03-2022,2399.73,2823.21
bajra,uttarpradesh,23-04-2022,2506.66,2949.01
bajra,uttarpradesh,21-05-2022,2458.77,2892.67
bajra,uttarpradesh,18-06-2022,2468.43,2904.03
bajra,uttarpradesh,16-07-2022,2452.45,2885.23
bajra,uttarpradesh,13-08-2022,2494.87,2935.14
bajra,uttarpradesh,10-09-2022,2578.97,3034.08
bajra,uttarpradesh,08-10-2022,2707.52,3185.32
bajra,uttarpradesh,05-11-2022,2709.37,3187.49
bajra,uttarpradesh,03-12-2022,2546.75,2996.18
bajra,uttarpradesh,31-12-2022,2379.91,2799.89
bajra,uttarpradesh,28-01-2023,2289.91,2694.01
bajra,uttarpradesh,25-02-2023,2331.42,2742.85
bajra,uttarpradesh,25-03-2023,2377.53,2797.09
bajra,uttarpradesh,22-04-2023,2418.41,2845.19
bajra,uttarpradesh,20-05-2023,2436.5,2866.47
bajra,uttarpradesh,17-06-2023,2593.03,3050.62
bajra,uttarpradesh,15-07-2023,2460.87,2895.14
bajra,uttarpradesh,12-08-2023,2606.29,3066.22
bajra,uttarpradesh,09-09-2023,2535.77,2983.26
bajra,uttarpradesh,07-10-2023,2688.95,3163.47
bajra,uttarpradesh,04-11-2023,2584.39,3040.46
bajra,uttarpradesh,02-12-2023,2639.72,3105.55
bajra,uttarpradesh,30-12-2023,2333.73,2745.56
bajra,uttarpradesh,27-01-2024,2267.6,2667.77
bajra,uttarpradesh,24-02-2024,2304.96,2711.72
bajra,uttarpradesh,23-03-2024,2433.75,2863.23
bajra,uttarpradesh,20-04-2024,2541.48,2989.98
bajra,uttarpradesh,18-05-2024,2489.33,2928.62
bajra,uttarpradesh,15-06-2024,2447.92,2879.91
bajra,uttarpradesh,13-07-2024,2545.68,2994.92
bajra,uttarpradesh,10-08-2024,2425.81,2853.89
bajra,uttarpradesh,07-09-2024,2634.31,3099.19
bajra,uttarpradesh,05-10-2024,2684.75,3158.53
bajra,uttarpradesh,02-11-2024,2526.88,2972.8
bajra,uttarpradesh,30-11-2024,2718.28,3197.98
bajra,uttarpradesh,28-12-2024,2412.44,2838.16
bajra,uttarpradesh,25-01-2025,2408.42,2833.44
bajra,uttarpradesh,22-02-2025,2387.29,2808.58
bajra,uttarpradesh,22-03-2025,2440.88,2871.62
bajra,uttarpradesh,19-04-2025,2437.07,2867.14
bajra,uttarpradesh,17-05-2025,2427.49,2855.87
bajra,uttarpradesh,14-06-2025,2415.24,2841.46
bajra,uttarpradesh,12-07-2025,2432.83,2862.15
bajra,uttarpradesh,09-08-2025,2557.23,3008.51
bajra,uttarpradesh,06-09-2025,2669.74,3140.87
bajra,uttarpradesh,04-10-2025,2535.41,2982.83
bajra,madhyapradesh,01-01-2022,3153.14,3709.58
bajra,madhyapradesh,29-01-2022,3014.87,3546.91
bajra,madhyapradesh,26-02-2022,3016.04,3548.28
bajra,madhyapradesh,26-03-2022,3215.42,3782.85
bajra,madhyapradesh,23-04-2022,3319.8,3905.65
bajra,madhyapradesh,21-05-2022,3068.39,3609.87
bajra,madhyapradesh,18-06-2022,3099.19,3646.11
bajra,madhyapradesh,16-07-2022,3438.25,4045.0
bajra,madhyapradesh,13-08-2022,3198.61,3763.07
bajra,madhyapradesh,10-09-2022,3334.41,3922.83
bajra,madhyapradesh,08-10-2022,3401.43,4001.68
bajra,madhyapradesh,05-11-2022,3326.19,3913.17
bajra,madhyapradesh,03-12-2022,3413.0,4015.29
bajra,madhyapradesh,31-12-2022,2946.98,3467.04
bajra,madhyapradesh,28-01-2023,3150.08,3705.98
bajra,madhyapradesh,25-02-2023,3025.88,3559.86
bajra,madhyapradesh,25-03-2023,3070.61,3612.48
bajra,madhyapradesh,22-04-2023,3060.21,3600.25
bajra,madhyapradesh,20-05-2023,3309.07,3893.02
bajra,madhyapradesh,17-06-2023,3306.0,3889.41
bajra,madhyapradesh,15-07-2023,3171.78,3731.5
bajra,madhyapradesh,12-08-2023,3411.13,4013.09
bajra,madhyapradesh,09-09-2023,3291.31,3872.13
bajra,madhyapradesh,07-10-2023,3265.17,3841.38
bajra,madhyapradesh,04-11-2023,3297.58,3879.51
bajra,madhyapradesh,02-12-2023,3559.48,4187.62
bajra,madhyapradesh,30-12-2023,3108.23,3656.74
bajra,madhyapradesh,27-01-2024,3040.59,3577.17
bajra,madhyapradesh,24-02-2024,2953.68,3474.92
bajra,madhyapradesh,23-03-2024,3245.87,3818.67
bajra,madhyapradesh,20-04-2024,3213.24,3780.28
bajra,madhyapradesh,18-05-2024,3105.64,3653.7
bajra,madhyapradesh,15-06-2024,3332.24,3920.28
bajra,madhyapradesh,13-07-2024,3389.6,3987.76
bajra,madhyapradesh,10-08-2024,3229.18,3799.03
bajra,madhyapradesh,07-09-2024,3404.39,4005.17
bajra,madhyapradesh,05-10-2024,3342.59,3932.46
bajra,madhyapradesh,02-11-2024,3383.64,3980.75
bajra,madhyapradesh,30-11-2024,3486.44,4101.69
bajra,madhyapradesh,28-12-2024,2884.42,3393.44
bajra,madhyapradesh,25-01-2025,2997.25,3526.18
bajra,madhyapradesh,22-02-2025,3012.03,3543.56
bajra,madhyapradesh,22-03-2025,3068.03,3609.45
bajra,madhyapradesh,19-04-2025,3229.51,3799.42
bajra,madhyapradesh,17-05-2025,3208.46,3774.66
bajra,madhyapradesh,14-06-2025,3187.48,3749.98
bajra,madhyapradesh,12-07-2025,3159.21,3716.72
bajra,madhyapradesh,09-08-2025,3486.53,4101.8
bajra,madhyapradesh,06-09-2025,3389.34,3987.46
bajra,madhyapradesh,04-10-2025,3400.9,4001.06
bajra,westbengal,01-01-2022,3149.29,3705.05
bajra,westbengal,29-01-2022,3096.86,3643.36
bajra,westbengal,26-02-2022,3061.85,3602.18
bajra,westbengal,26-03-2022,3255.36,3829.84
bajra,westbengal,23-04-2022,3260.44,3835.81
bajra,westbengal,21-05-2022,3292.2,3873.18
bajra,westbengal,18-06-2022,3389.51,3987.66
bajra,westbengal,16-07-2022,3279.27,3857.96
bajra,westbengal,13-08-2022,3356.85,3949.23
bajra,westbengal,10-09-2022,3657.16,4302.54
bajra,westbengal,08-10-2022,3494.17,4110.79
bajra,westbengal,05-11-2022,3473.94,4086.99
bajra,westbengal,03-12-2022,3561.74,4190.28
bajra,westbengal,31-12-2022,3158.69,3716.11
bajra,westbengal,28-01-2023,3223.41,3792.25
bajra,westbengal,25-02-2023,3163.27,3721.49
bajra,westbengal,25-03-2023,3357.18,3949.62
bajra,westbengal,22-04-2023,3452.29,4061.52
bajra,westbengal,20-05-2023,3199.71,3764.37
bajra,westbengal,17-06-2023,3262.21,3837.89
bajra,westbengal,15-07-2023,3537.46,4161.72
bajra,westbengal,12-08-2023,3448.59,4057.16
bajra,westbengal,09-09-2023,3403.96,4004.66
bajra,westbengal,07-10-2023,3403.78,4004.45
bajra,westbengal,04-11-2023,3611.15,4248.41
bajra,westbengal,02-12-2023,3599.16,4234.31
bajra,westbengal,30-12-2023,3208.88,3775.15
bajra,westbengal,27-01-2024,3199.2,3763.77
bajra,westbengal,24-02-2024,3131.09,3683.64
bajra,westbengal,23-03-2024,3343.41,3933.42
bajra,westbengal,20-04-2024,3213.76,3780.9
bajra,westbengal,18-05-2024,3271.77,3849.14
bajra,westbengal,15-06-2024,3319.1,3904.82
bajra,westbengal,13-07-2024,3293.71,3874.95
bajra,westbengal,10-08-2024,3390.46,3988.78
bajra,westbengal,07-09-2024,3514.06,4134.19
bajra,westbengal,05-10-2024,3497.41,4114.6
bajra,westbengal,02-11-2024,3393.07,3991.85
bajra,westbengal,30-11-2024,3677.43,4326.39
bajra,westbengal,28-12-2024,3218.92,3786.97
bajra,westbengal,25-01-2025,3271.68,3849.03
bajra,westbengal,22-02-2025,3231.84,3802.17
bajra,westbengal,22-03-2025,3195.44,3759.34
bajra,westbengal,19-04-2025,3345.58,3935.98
bajra,westbengal,17-05-2025,3275.23,3853.21
bajra,westbengal,14-06-2025,3444.26,4052.07
bajra,westbengal,12-07-2025,3417.88,4021.03
bajra,westbengal,09-08-2025,3575.92,4206.96
bajra,westbengal,06-09-2025,3663.29,4309.75
bajra,westbengal,04-10-2025,3382.64,3979.58
bajra,bihar,01-01-2022,2354.13,2769.56
bajra,bihar,29-01-2022,2307.88,2715.15
bajra,bihar,26-02-2022,2426.49,2854.7
bajra,bihar,26-03-2022,2313.6,2721.88
bajra,bihar,23-04-2022,2483.44,2921.69
bajra,bihar,21-05-2022,2370.24,2788.52
bajra,bihar,18-06-2022,2465.41,2900.48
bajra,bihar,16-07-2022,2628.11,3091.9
bajra,bihar,13-08-2022,2421.46,2848.78
bajra,bihar,10-09-2022,2547.8,2997.41
bajra,bihar,08-10-2022,2510.58,2953.62
bajra,bihar,05-11-2022,2704.42,3181.67
bajra,bihar,03-12-2022,2650.24,3117.93
bajra,bihar,31-12-2022,2365.61,2783.07
bajra,bihar,28-01-2023,2347.94,2762.28
bajra,bihar,25-02-2023,2341.93,2755.21
bajra,bihar,25-03-2023,2345.85,2759.82
bajra,bihar,22-04-2023,2407.67,2832.55
bajra,bihar,20-05-2023,2401.64,2825.46
bajra,bihar,17-06-2023,2585.57,3041.85
bajra,bihar,15-07-2023,2554.02,3004.73
bajra,bihar,12-08-2023,2544.18,2993.15
bajra,bihar,09-09-2023,2596.82,3055.08
bajra,bihar,07-10-2023,2562.73,3014.98
bajra,bihar,04-11-2023,2664.28,3134.45
bajra,bihar,02-12-2023,2558.51,3010.01
bajra,bihar,30-12-2023,2313.5,2721.77
bajra,bihar,27-01-2024,2267.87,2668.08
bajra,bihar,24-02-2024,2392.69,2814.93
bajra,bihar,23-03-2024,2445.87,2877.49
bajra,bihar,20-04-2024,2428.0,2856.47
bajra,bihar,18-05-2024,2391.1,2813.06
bajra,bihar,15-06-2024,2471.68,2907.86
bajra,bihar,13-07-2024,2619.16,3081.36
bajra,bihar,10-08-2024,2646.88,3113.98
bajra,bihar,07-09-2024,2623.78,3086.8
bajra,bihar,05-10-2024,2687.54,3161.81
bajra,bihar,02-11-2024,2529.13,2975.45
bajra,bihar,30-11-2024,2660.11,3129.54
bajra,bihar,28-12-2024,2384.17,2804.91
bajra,bihar,25-01-2025,2222.38,2614.56
bajra,bihar,22-02-2025,2345.92,2759.91
bajra,bihar,22-03-2025,2310.79,2718.58
bajra,bihar,19-04-2025,2318.39,2727.52
bajra,bihar,17-05-2025,2569.06,3022.42
bajra,bihar,14-06-2025,2434.21,2863.78
bajra,bihar,12-07-2025,2431.3,2860.35
bajra,bihar,09-08-2025,2587.73,3044.39
bajra,bihar,06-09-2025,2576.95,3031.71
bajra,bihar,04-10-2025,2552.19,3002.58
bajra,odisha,01-01-2022,2255.58,2653.62
bajra,odisha,29-01-2022,2212.18,2602.57
bajra,odisha,26-02-2022,2284.43,2687.57
bajra,odisha,26-03-2022,2361.22,2777.91
bajra,odisha,23-04-2022,2310.48,2718.21
bajra,odisha,21-05-2022,2434.75,2864.41
bajra,odisha,18-06-2022,2536.07,2983.61
bajra,odisha,16-07-2022,2404.78,2829.15
bajra,odisha,13-08-2022,2568.28,3021.5
bajra,odisha,10-09-2022,2609.32,3069.79
bajra,odisha,08-10-2022,2566.41,3019.3
bajra,odisha,05-11-2022,2523.15,2968.41
bajra,odisha,03-12-2022,2633.74,3098.52
bajra,odisha,31-12-2022,2240.78,2636.21
bajra,odisha,28-01-2023,2234.7,2629.06
bajra,odisha,25-02-2023,2328.63,2739.56
bajra,odisha,25-03-2023,2384.74,2805.58
bajra,odisha,22-04-2023,2275.19,2676.69
bajra,odisha,20-05-2023,2320.24,2729.69
bajra,odisha,17-06-2023,2488.11,2927.19
bajra,odisha,15-07-2023,2406.1,2830.71
bajra,odisha,12-08-2023,2429.47,2858.2
bajra,odisha,09-09-2023,2416.6,2843.06
bajra,odisha,07-10-2023,2620.47,3082.9
bajra,odisha,04-11-2023,2595.6,3053.65
bajra,odisha,02-12-2023,2670.57,3141.85
bajra,odisha,30-12-2023,2224.24,2616.75
bajra,odisha,27-01-2024,2353.2,2768.47
bajra,odisha,24-02-2024,2340.49,2753.52
bajra,odisha,23-03-2024,2295.05,2700.06
bajra,odisha,20-04-2024,2448.56,2880.66
bajra,odisha,18-05-2024,2493.05,2933.0
bajra,odisha,15-06-2024,2472.99,2909.4
bajra,odisha,13-07-2024,2453.69,2886.7
bajra,odisha,10-08-2024,2405.87,2830.43
bajra,odisha,07-09-2024,2587.99,3044.7
bajra,odisha,05-10-2024,2669.37,3140.44
bajra,odisha,02-11-2024,2467.98,2903.51
bajra,odisha,30-11-2024,2680.27,3153.26
bajra,odisha,28-12-2024,2182.68,2567.86
bajra,odisha,25-01-2025,2214.11,2604.83
bajra,odisha,22-02-2025,2405.99,2830.58
bajra,odisha,22-03-2025,2305.87,2712.79
bajra,odisha,19-04-2025,2469.62,2905.44
bajra,odisha,17-05-2025,2296.14,2701.34
bajra,odisha,14-06-2025,2434.86,2864.54
bajra,odisha,12-07-2025,2445.4,2876.94
bajra,odisha,09-08-2025,2529.48,2975.86
bajra,odisha,06-09-2025,2473.17,2909.61
bajra,odisha,04-10-2025,2545.0,2994.12
barley,karnataka,01-01-2022,2415.66,2841.95
barley,karnataka,29-01-2022,2401.34,2825.1
barley,karnataka,26-02-2022,2432.95,2862.29
barley,karnataka,26-03-2022,2484.71,2923.19
barley,karnataka,23-04-2022,2473.57,2910.08
barley,karnataka,21-05-2022,2556.59,3007.75
barley,karnataka,18-06-2022,2588.85,3045.71
barley,karnataka,16-07-2022,2710.96,3189.36
barley,karnataka,13-08-2022,2731.2,3213.18
barley,karnataka,10-09-2022,2792.4,3285.18
barley,karnataka,08-10-2022,2821.06,3318.89
barley,karnataka,05-11-2022,2821.79,3319.75
barley,karnataka,03-12-2022,2818.99,3316.46
barley,karnataka,31-12-2022,2482.82,2920.97
barley,karnataka,28-01-2023,2445.88,2877.5
barley,karnataka,25-02-2023,2458.68,2892.57
barley,karnataka,25-03-2023,2563.06,3015.36
barley,karnataka,22-04-2023,2567.76,3020.89
barley,karnataka,20-05-2023,2565.75,3018.53
barley,karnataka,17-06-2023,2564.26,3016.78
barley,karnataka,15-07-2023,2571.24,3024.99
barley,karnataka,12-08-2023,2515.47,2959.38
barley,karnataka,09-09-2023,2634.91,3099.9
barley,karnataka,07-10-2023,2691.58,3166.56
barley,karnataka,04-11-2023,2777.13,3267.21
barley,karnataka,02-12-2023,2823.73,3322.03
barley,karnataka,30-12-2023,2332.48,2744.1
barley,karnataka,27-01-2024,2445.7,2877.3
barley,karnataka,24-02-2024,2583.66,3039.6
barley,karnataka,23-03-2024,2600.53,3059.45
barley,karnataka,20-04-2024,2491.39,2931.05
barley,karnataka,18-05-2024,2469.09,2904.81
barley,karnataka,15-06-2024,2644.84,3111.58
barley,karnataka,13-07-2024,2483.12,2921.32
barley,karnataka,10-08-2024,2625.54,3088.87
barley,karnataka,07-09-2024,2677.73,3150.27
barley,karnataka,05-10-2024,2567.22,3020.26
barley,karnataka,02-11-2024,2678.92,3151.67
barley,karnataka,30-11-2024,2648.59,3115.99
barley,karnataka,28-12-2024,2369.72,2787.91
barley,karnataka,25-01-2025,2371.3,2789.77
barley,karnataka,22-02-2025,2564.88,3017.5
barley,karnataka,22-03-2025,2517.67,2961.96
barley,karnataka,19-04-2025,2403.43,2827.56
barley,karnataka,17-05-2025,2493.57,2933.61
barley,karnataka,14-06-2025,2575.44,3029.93
barley,karnataka,12-07-2025,2491.81,2931.54
barley,karnataka,09-08-2025,2692.46,3167.6
barley,karnataka,06-09-2025,2604.83,3064.51
barley,karnataka,04-10-2025,2734.58,3217.15
barley,tamilnadu,01-01-2022,3422.77,4026.79
barley,tamilnadu,29-01-2022,3478.85,4092.76
barley,tamilnadu,26-02-2022,3543.59,4168.93
barley,tamilnadu,26-03-2022,3610.68,4247.86
barley,tamilnadu,23-04-2022,3527.04,4149.46
barley,tamilnadu,21-05-2022,3518.95,4139.94
barley,tamilnadu,18-06-2022,3554.26,4181.48
barley,tamilnadu,16-07-2022,3740.25,4400.29
barley,tamilnadu,13-08-2022,3737.82,4397.43
barley,tamilnadu,10-09-2022,3801.17,4471.97
barley,tamilnadu,08-10-2022,3556.94,4184.64
barley,tamilnadu,05-11-2022,3592.86,4226.9
barley,tamilnadu,03-12-2022,3962.16,4661.37
barley,tamilnadu,31-12-2022,3200.58,3765.39
barley,tamilnadu,28-01-2023,3436.22,4042.61
barley,tamilnadu,25-02-2023,3524.34,4146.28
barley,tamilnadu,25-03-2023,3312.95,3897.59
barley,tamilnadu,22-04-2023,3453.01,4062.36
barley,tamilnadu,20-05-2023,3644.17,4287.26
barley,tamilnadu,17-06-2023,3405.51,4006.48
barley,tamilnadu,15-07-2023,3654.64,4299.58
barley,tamilnadu,12-08-2023,3486.84,4102.17
barley,tamilnadu,09-09-2023,3539.36,4163.95
barley,tamilnadu,07-10-2023,3745.59,4406.58
barley,tamilnadu,04-11-2023,3952.78,4650.33
barley,tamilnadu,02-12-2023,3695.3,4347.41
barley,tamilnadu,30-12-2023,3353.37,3945.14
barley,tamilnadu,27-01-2024,3194.68,3758.45
barley,tamilnadu,24-02-2024,3512.91,4132.83
barley,tamilnadu,23-03-2024,3559.43,4187.56
barley,tamilnadu,20-04-2024,3417.12,4020.14
barley,tamilnadu,18-05-2024,3596.09,4230.69
barley,tamilnadu,15-06-2024,3708.31,4362.72
barley,tamilnadu,13-07-2024,3636.39,4278.11
barley,tamilnadu,10-08-2024,3808.45,4480.53
barley,tamilnadu,07-09-2024,3693.83,4345.68
barley,tamilnadu,05-10-2024,3893.44,4580.52
barley,tamilnadu,02-11-2024,3734.01,4392.95
barley,tamilnadu,30-11-2024,3940.61,4636.01
barley,tamilnadu,28-12-2024,3371.81,3966.84
barley,tamilnadu,25-01-2025,3210.89,3777.52
barley,tamilnadu,22-02-2025,3508.75,4127.94
barley,tamilnadu,22-03-2025,3440.17,4047.26
barley,tamilnadu,19-04-2025,3560.71,4189.07
barley,tamilnadu,17-05-2025,3375.83,3971.56
barley,tamilnadu,14-06-2025,3543.55,4168.88
barley,tamilnadu,12-07-2025,3524.16,4146.07
barley,tamilnadu,09-08-2025,3536.57,4160.67
barley,tamilnadu,06-09-2025,3689.82,4340.96
barley,tamilnadu,04-10-2025,3607.2,4243.77
barley,andhrapradesh,01-01-2022,3179.26,3740.31
barley,andhrapradesh,29-01-2022,2959.05,3481.23
barley,andhrapradesh,26-02-2022,3080.77,3624.44
barley,andhrapradesh,26-03-2022,3142.81,3697.42
barley,andhrapradesh,23-04-2022,3177.61,3738.37
barley,andhrapradesh,21-05-2022,3289.45,3869.94
barley,andhrapradesh,18-06-2022,3370.42,3965.2
barley,andhrapradesh,16-07-2022,3366.03,3960.04
barley,andhrapradesh,13-08-2022,3369.75,3964.41
barley,andhrapradesh,10-09-2022,3289.36,3869.83
barley,andhrapradesh,08-10-2022,3317.36,3902.78
barley,andhrapradesh,05-11-2022,3577.62,4208.97
barley,andhrapradesh,03-12-2022,3424.57,4028.9
barley,andhrapradesh,31-12-2022,3103.39,3651.05
barley,andhrapradesh,28-01-2023,3258.75,3833.82
barley,andhrapradesh,25-02-2023,3236.16,3807.25
barley,andhrapradesh,25-03-2023,3282.57,3861.85
barley,andhrapradesh,22-04-2023,3137.61,3691.3
barley,andhrapradesh,20-05-2023,3226.18,3795.51
barley,andhrapradesh,17-06-2023,3167.13,3726.03
barley,andhrapradesh,15-07-2023,3418.9,4022.23
barley,andhrapradesh,12-08-2023,3296.6,3878.35
barley,andhrapradesh,09-09-2023,3536.0,4160.0
barley,andhrapradesh,07-10-2023,3508.21,4127.31
barley,andhrapradesh,04-11-2023,3637.75,4279.71
barley,andhrapradesh,02-12-2023,3426.49,4031.16
barley,andhrapradesh,30-12-2023,3154.04,3710.64
barley,andhrapradesh,27-01-2024,2999.37,3528.67
barley,andhrapradesh,24-02-2024,3011.29,3542.7
barley,andhrapradesh,23-03-2024,3256.15,3830.76
barley,andhrapradesh,20-04-2024,3124.85,3676.29
barley,andhrapradesh,18-05-2024,3149.69,3705.52
barley,andhrapradesh,15-06-2024,3244.56,3817.13
barley,andhrapradesh,13-07-2024,3252.26,3826.19
barley,andhrapradesh,10-08-2024,3276.82,3855.08
barley,andhrapradesh,07-09-2024,3551.83,4178.62
barley,andhrapradesh,05-10-2024,3347.3,3938.0
barley,andhrapradesh,02-11-2024,3425.63,4030.15
barley,andhrapradesh,30-11-2024,3605.56,4241.83
barley,andhrapradesh,28-12-2024,3002.95,3532.88
barley,andhrapradesh,25-01-2025,3110.57,3659.5
barley,andhrapradesh,22-02-2025,3176.89,3737.52
barley,andhrapradesh,22-03-2025,3142.23,3696.74
barley,andhrapradesh,19-04-2025,3274.6,3852.47
barley,andhrapradesh,17-05-2025,3250.73,3824.39
barley,andhrapradesh,14-06-2025,3348.85,3939.82
barley,andhrapradesh,12-07-2025,3454.82,4064.5
barley,andhrapradesh,09-08-2025,3225.57,3794.79
barley,andhrapradesh,06-09-2025,3535.12,4158.96
barley,andhrapradesh,04-10-2025,3419.44,4022.87
barley,telangana,01-01-2022,2769.17,3257.85
barley,telangana,29-01-2022,2945.62,3465.44
barley,telangana,26-02-2022,2878.08,3385.98
barley,telangana,26-03-2022,3050.37,3588.67
barley,telangana,23-04-2022,3082.67,3626.67
barley,telangana,21-05-2022,2940.91,3459.89
barley,telangana,18-06-2022,3126.31,3678.01
barley,telangana,16-07-2022,3101.85,3649.23
barley,telangana,13-08-2022,3239.71,3811.42
barley,telangana,10-09-2022,3265.17,3841.38
barley,telangana,08-10-2022,3076.13,3618.98
barley,telangana,05-11-2022,3331.63,3919.57
barley,telangana,03-12-2022,3199.27,3763.85
barley,telangana,31-12-2022,2842.47,3344.08
barley,telangana,28-01-2023,2751.97,3237.61
barley,telangana,25-02-2023,2810.38,3306.33
barley,telangana,25-03-2023,3005.23,3535.57
barley,telangana,22-04-2023,2900.08,3411.86
barley,telangana,20-05-2023,2920.42,3435.79
barley,telangana,17-06-2023,3091.72,3637.32
barley,telangana,15-07-2023,3061.08,3601.27
barley,telangana,12-08-2023,3097.96,3644.66
barley,telangana,09-09-2023,3199.86,3764.54
barley,telangana,07-10-2023,3057.88,3597.51
barley,telangana,04-11-2023,3308.24,3892.05
barley,telangana,02-12-2023,3320.99,3907.05
barley,telangana,30-12-2023,2957.0,3478.82
barley,telangana,27-01-2024,2745.17,3229.61
barley,telangana,24-02-2024,2899.85,3411.59
barley,telangana,23-03-2024,2909.5,3422.94
barley,telangana,20-04-2024,3038.24,3574.4
barley,telangana,18-05-2024,2908.42,3421.67
barley,telangana,15-06-2024,3191.74,3754.99
barley,telangana,13-07-2024,3040.61,3577.19
barley,telangana,10-08-2024,3125.86,3677.48
barley,telangana,07-09-2024,3072.28,3614.45
barley,telangana,05-10-2024,3054.01,3592.95
barley,telangana,02-11-2024,3343.25,3933.23
barley,telangana,30-11-2024,3264.26,3840.31
barley,telangana,28-12-2024,2873.34,3380.4
barley,telangana,25-01-2025,2868.48,3374.68
barley,telangana,22-02-2025,2893.4,3404.0
barley,telangana,22-03-2025,3057.23,3596.74
barley,telangana,19-04-2025,2919.89,3435.16
barley,telangana,17-05-2025,2991.12,3518.97
barley,telangana,14-06-2025,3015.42,3547.55
barley,telangana,12-07-2025,3156.05,3713.0
barley,telangana,09-08-2025,3073.58,3615.98
barley,telangana,06-09-2025,3321.15,3907.23
barley,telangana,04-10-2025,3328.46,3915.83
barley,kerala,01-01-2022,3216.85,3784.53
barley,kerala,29-01-2022,3133.63,3686.62
barley,kerala,26-02-2022,3144.97,3699.97
barley,kerala,26-03-2022,3296.55,3878.29
barley,kerala,23-04-2022,3394.6,3993.65
barley,kerala,21-05-2022,3253.15,3827.24
barley,kerala,18-06-2022,3167.63,3726.62
barley,kerala,16-07-2022,3367.03,3961.21
barley,kerala,13-08-2022,3545.17,4170.79
barley,kerala,10-09-2022,3573.08,4203.62
barley,kerala,08-10-2022,3640.51,4282.95
barley,kerala,05-11-2022,3673.01,4321.19
barley,kerala,03-12-2022,3448.61,4057.19
barley,kerala,31-12-2022,3238.98,3810.57
barley,kerala,28-01-2023,3210.31,3776.84
barley,kerala,25-02-2023,3052.7,3591.41
barley,kerala,25-03-2023,3155.07,3711.85
barley,kerala,22-04-2023,3396.53,3995.92
barley,kerala,20-05-2023,3440.31,4047.42
barley,kerala,17-06-2023,3260.94,3836.4
barley,kerala,15-07-2023,3452.33,4061.56
barley,kerala,12-08-2023,3504.06,4122.42
barley,kerala,09-09-2023,3425.88,4030.45
barley,kerala,07-10-2023,3362.25,3955.59
barley,kerala,04-11-2023,3341.68,3931.39
barley,kerala,02-12-2023,3430.48,4035.86
barley,kerala,30-12-2023,3211.31,3778.01
barley,kerala,27-01-2024,3069.21,3610.84
barley,kerala,24-02-2024,3037.01,3572.95
barley,kerala,23-03-2024,3123.95,3675.24
barley,kerala,20-04-2024,3150.85,3706.88
barley,kerala,18-05-2024,3151.1,3707.18
barley,kerala,15-06-2024,3239.49,3811.16
barley,kerala,13-07-2024,3425.05,4029.47
barley,kerala,10-08-2024,3519.09,4140.1
barley,kerala,07-09-2024,3396.83,3996.27
barley,kerala,05-10-2024,3470.79,4083.28
barley,kerala,02-11-2024,3462.63,4073.68
barley,kerala,30-11-2024,3545.44,4171.11
barley,kerala,28-12-2024,3150.64,3706.63
barley,kerala,25-01-2025,3193.7,3757.29
barley,kerala,22-02-2025,3300.9,3883.41
barley,kerala,22-03-2025,3262.65,3838.41
barley,kerala,19-04-2025,3354.78,3946.8
barley,kerala,17-05-2025,3353.53,3945.33
barley,kerala,14-06-2025,3411.8,4013.88
barley,kerala,12-07-2025,3227.01,3796.48
barley,kerala,09-08-2025,3275.14,3853.11
barley,kerala,06-09-2025,3530.58,4153.62
barley,kerala,04-10-2025,3351.18,3942.57
barley,maharashtra,01-01-2022,3227.2,3796.71
barley,maharashtra,29-01-2022,3242.87,3815.14
barley,maharashtra,26-02-2022,3254.38,3828.68
barley,maharashtra,26-03-2022,3195.53,3759.45
barley,maharashtra,23-04-2022,3223.94,3792.87
barley,maharashtra,21-05-2022,3156.01,3712.95
barley,maharashtra,18-06-2022,3332.06,3920.07
barley,maharashtra,16-07-2022,3455.81,4065.66
barley,maharashtra,13-08-2022,3442.89,4050.46
barley,maharashtra,10-09-2022,3356.03,3948.27
barley,maharashtra,08-10-2022,3528.7,4151.41
barley,maharashtra,05-11-2022,3624.07,4263.61
barley,maharashtra,03-12-2022,3521.55,4143.0
barley,maharashtra,31-12-2022,3053.97,3592.9
barley,maharashtra,28-01-2023,3243.96,3816.42
barley,maharashtra,25-02-2023,3216.27,3783.85
barley,maharashtra,25-03-2023,3300.85,3883.35
barley,maharashtra,22-04-2023,3393.62,3992.5
barley,maharashtra,20-05-2023,3345.24,3935.58
barley,maharashtra,17-06-2023,3215.23,3782.62
barley,maharashtra,15-07-2023,3269.37,3846.32
barley,maharashtra,12-08-2023,3314.82,3899.79
barley,maharashtra,09-09-2023,3429.8,4035.06
barley,maharashtra,07-10-2023,3434.82,4040.97
barley,maharashtra,04-11-2023,3583.91,4216.36
barley,maharashtra,02-12-2023,3541.74,4166.75
barley,maharashtra,30-12-2023,3036.93,3572.86
barley,maharashtra,27-01-2024,3106.82,3655.08
barley,maharashtra,24-02-2024,3283.29,3862.7
barley,maharashtra,23-03-2024,3070.04,3611.81
barley,maharashtra,20-04-2024,3407.94,4009.34
barley,maharashtra,18-05-2024,3271.44,3848.75
barley,maharashtra,15-06-2024,3223.72,3792.61
barley,maharashtra,13-07-2024,3436.21,4042.6
barley,maharashtra,10-08-2024,3527.47,4149.97
barley,maharashtra,07-09-2024,3439.99,4047.05
barley,maharashtra,05-10-2024,3345.12,3935.44
barley,maharashtra,02-11-2024,3595.21,4229.66
barley,maharashtra,30-11-2024,3426.02,4030.61
barley,maharashtra,28-12-2024,3216.16,3783.72
barley,maharashtra,25-01-2025,3237.77,3809.14
barley,maharashtra,22-02-2025,3025.93,3559.92
barley,maharashtra,22-03-2025,3161.54,3719.46
barley,maharashtra,19-04-2025,3282.86,3862.19
barley,maharashtra,17-05-2025,3258.99,3834.11
barley,maharashtra,14-06-2025,3320.85,3906.88
barley,maharashtra,12-07-2025,3369.99,3964.7
barley,maharashtra,09-08-2025,3570.37,4200.44
barley,maharashtra,06-09-2025,3418.17,4021.38
barley,maharashtra,04-10-2025,3585.55,4218.29
barley,gujarat,01-01-2022,2537.28,2985.03
barley,gujarat,29-01-2022,2667.77,3138.55
barley,gujarat,26-02-2022,2692.51,3167.66
barley,gujarat,26-03-2022,2778.9,3269.29
barley,gujarat,23-04-2022,2716.18,3195.51
barley,gujarat,21-05-2022,2727.06,3208.31
barley,gujarat,18-06-2022,2787.23,3279.1
barley,gujarat,16-07-2022,2780.43,3271.1
barley,gujarat,13-08-2022,2869.51,3375.89
barley,gujarat,10-09-2022,2852.85,3356.29
barley,gujarat,08-10-2022,3007.84,3538.64
barley,gujarat,05-11-2022,3098.93,3645.8
barley,gujarat,03-12-2022,2998.71,3527.89
barley,gujarat,31-12-2022,2569.73,3023.21
barley,gujarat,28-01-2023,2678.46,3151.13
barley,gujarat,25-02-2023,2571.73,3025.56
barley,gujarat,25-03-2023,2653.39,3121.64
barley,gujarat,22-04-2023,2848.28,3350.92
barley,gujarat,20-05-2023,2787.1,3278.94
barley,gujarat,17-06-2023,2710.12,3188.38
barley,gujarat,15-07-2023,2915.5,3430.0
barley,gujarat,12-08-2023,2924.59,3440.69
barley,gujarat,09-09-2023,2878.91,3386.95
barley,gujarat,07-10-2023,2792.34,3285.1
barley,gujarat,04-11-2023,2892.24,3402.64
barley,gujarat,02-12-2023,2876.09,3383.64
barley,gujarat,30-12-2023,2597.33,3055.68
barley,gujarat,27-01-2024,2597.48,3055.86
barley,gujarat,24-02-2024,2768.6,3257.18
barley,gujarat,23-03-2024,2747.6,3232.47
barley,gujarat,20-04-2024,2662.15,3131.94
barley,gujarat,18-05-2024,2717.3,3196.82
barley,gujarat,15-06-2024,2737.65,3220.77
barley,gujarat,13-07-2024,2917.29,3432.11
barley,gujarat,10-08-2024,2871.72,3378.49
barley,gujarat,07-09-2024,2799.02,3292.96
barley,gujarat,05-10-2024,2882.5,3391.18
barley,gujarat,02-11-2024,2814.13,3310.74
barley,gujarat,30-11-2024,2936.8,3455.06
barley,gujarat,28-12-2024,2635.38,3100.45
barley,gujarat,25-01-2025,2657.68,3126.68
barley,gujarat,22-02-2025,2626.85,3090.41
barley,gujarat,22-03-2025,2572.34,3026.28
barley,gujarat,19-04-2025,2794.92,3288.14
barley,gujarat,17-05-2025,2692.76,3167.95
barley,gujarat,14-06-2025,2678.38,3151.04
barley,gujarat,12-07-2025,2712.44,3191.11
barley,gujarat,09-08-2025,2924.34,3440.4
barley,gujarat,06-09-2025,2930.37,3447.49
barley,gujarat,04-10-2025,2904.21,3416.72
barley,rajasthan,01-01-2022,2691.02,3165.91
barley,rajasthan,29-01-2022,2651.0,3118.82
barley,rajasthan,26-02-2022,2566.48,3019.39
barley,rajasthan,26-03-2022,2752.73,3238.51
barley,rajasthan,23-04-2022,2788.35,3280.41
barley,rajasthan,21-05-2022,2793.57,3286.55
barley,rajasthan,18-06-2022,2768.61,3257.19
barley,rajasthan,16-07-2022,2782.53,3273.57
barley,rajasthan,13-08-2022,2706.53,3184.15
barley,rajasthan,10-09-2022,2821.91,3319.89
barley,rajasthan,08-10-2022,2788.22,3280.26
barley,rajasthan,05-11-2022,3061.73,3602.03
barley,rajasthan,03-12-2022,2995.14,3523.7
barley,rajasthan,31-12-2022,2667.95,3138.76
barley,rajasthan,28-01-2023,2571.1,3024.82
barley,rajasthan,25-02-2023,2760.38,3247.5
barley,rajasthan,25-03-2023,2553.64,3004.28
barley,rajasthan,22-04-2023,2813.31,3309.78
barley,rajasthan,20-05-2023,2798.1,3291.88
barley,rajasthan,17-06-2023,2740.71,3224.36
barley,rajasthan,15-07-2023,2660.7,3130.24
barley,rajasthan,12-08-2023,2953.49,3474.7
barley,rajasthan,09-09-2023,2788.77,3280.91
barley,rajasthan,07-10-2023,2934.51,3452.37
barley,rajasthan,04-11-2023,3034.28,3569.74
barley,rajasthan,02-12-2023,3053.96,3592.89
barley,rajasthan,30-12-2023,2552.66,3003.13
barley,rajasthan,27-01-2024,2502.03,2943.56
barley,rajasthan,24-02-2024,2552.66,3003.13
barley,rajasthan,23-03-2024,2602.22,3061.43
barley,rajasthan,20-04-2024,2644.89,3111.64
barley,rajasthan,18-05-2024,2733.88,3216.33
barley,rajasthan,15-06-2024,2859.94,3364.64
barley,rajasthan,13-07-2024,2722.56,3203.01
barley,rajasthan,10-08-2024,2910.71,3424.36
barley,rajasthan,07-09-2024,2822.32,3320.38
barley,rajasthan,05-10-2024,2882.49,3391.17
barley,rajasthan,02-11-2024,2998.57,3527.73
barley,rajasthan,30-11-2024,2935.81,3453.89
barley,rajasthan,28-12-2024,2633.21,3097.89
barley,rajasthan,25-01-2025,2674.24,3146.16
barley,rajasthan,22-02-2025,2575.11,3029.54
barley,rajasthan,22-03-2025,2711.64,3190.16
barley,rajasthan,19-04-2025,2726.21,3207.31
barley,rajasthan,17-05-2025,2841.91,3343.42
barley,rajasthan,14-06-2025,2811.32,3307.44
barley,rajasthan,12-07-2025,2730.64,3212.52
barley,rajasthan,09-08-2025,2799.98,3294.09
barley,rajasthan,06-09-2025,2720.71,3200.83
barley,rajasthan,04-10-2025,2865.56,3371.25
barley,punjab,01-01-2022,2358.32,2774.5
barley,punjab,29-01-2022,2468.91,2904.6
barley,punjab,26-02-2022,2592.59,3050.1
barley,punjab,26-03-2022,2459.37,2893.38
barley,punjab,23-04-2022,2464.4,2899.29
barley,punjab,21-05-2022,2441.54,2872.4
barley,punjab,18-06-2022,2549.76,2999.72
barley,punjab,16-07-2022,2510.87,2953.96
barley,punjab,13-08-2022,2599.18,3057.86
barley,punjab,10-09-2022,2742.58,3226.57
barley,punjab,08-10-2022,2804.56,3299.48
barley,punjab,05-11-2022,2770.02,3258.85
barley,punjab,03-12-2022,2813.41,3309.9
barley,punjab,31-12-2022,2373.22,2792.02
barley,punjab,28-01-2023,2417.56,2844.19
barley,punjab,25-02-2023,2581.19,3036.7
barley,punjab,25-03-2023,2382.83,2803.33
barley,punjab,22-04-2023,2494.64,2934.87
barley,punjab,20-05-2023,2525.76,2971.48
barley,punjab,17-06-2023,2580.85,3036.29
barley,punjab,15-07-2023,2615.42,3076.96
barley,punjab,12-08-2023,2719.94,3199.93
barley,punjab,09-09-2023,2607.93,3068.15
barley,punjab,07-10-2023,2769.46,3258.19
barley,punjab,04-11-2023,2793.38,3286.33
barley,punjab,02-12-2023,2708.18,3186.09
barley,punjab,30-12-2023,2301.63,2707.8
barley,punjab,27-01-2024,2530.82,2977.43
barley,punjab,24-02-2024,2590.56,3047.72
barley,punjab,23-03-2024,2537.84,2985.69
barley,punjab,20-04-2024,2550.59,3000.7
barley,punjab,18-05-2024,2525.48,2971.15
barley,punjab,15-06-2024,2519.38,2963.98
barley,punjab,13-07-2024,2752.7,3238.47
barley,punjab,10-08-2024,2620.79,3083.28
barley,punjab,07-09-2024,2629.73,3093.8
barley,punjab,05-10-2024,2665.61,3136.01
barley,punjab,02-11-2024,2793.8,3286.82
barley,punjab,30-11-2024,2645.4,3112.24
barley,punjab,28-12-2024,2444.72,2876.14
barley,punjab,25-01-2025,2363.21,2780.25
barley,punjab,22-02-2025,2438.09,2868.34
barley,punjab,22-03-2025,2487.77,2926.79
barley,punjab,19-04-2025,2660.74,3130.28
barley,punjab,17-05-2025,2442.91,2874.01
barley,punjab,14-06-2025,2718.13,3197.8
barley,punjab,12-07-2025,2640.22,3106.14
barley,punjab,09-08-2025,2653.07,3121.26
barley,punjab,06-09-2025,2614.4,3075.76
barley,punjab,04-10-2025,2830.14,3329.58
barley,haryana,01-01-2022,2442.53,2873.56
barley,haryana,29-01-2022,2532.34,2979.22
barley,haryana,26-02-2022,2377.1,2796.59
barley,haryana,26-03-2022,2436.45,2866.41
barley,haryana,23-04-2022,2662.08,3131.86
barley,haryana,21-05-2022,2585.52,3041.79
barley,haryana,18-06-2022,2514.03,2957.68
barley,haryana,16-07-2022,2538.08,2985.98
barley,haryana,13-08-2022,2731.56,3213.6
barley,haryana,10-09-2022,2750.97,3236.43
barley,haryana,08-10-2022,2691.21,3166.13
barley,haryana,05-11-2022,2723.09,3203.64
barley,haryana,03-12-2022,2848.19,3350.81
barley,haryana,31-12-2022,2396.86,2819.84
barley,haryana,28-01-2023,2471.06,2907.13
barley,haryana,25-02-2023,2432.19,2861.4
barley,haryana,25-03-2023,2472.77,2909.14
barley,haryana,22-04-2023,2437.15,2867.24
barley,haryana,20-05-2023,2666.14,3136.64
barley,haryana,17-06-2023,2717.05,3196.53
barley,haryana,15-07-2023,2696.43,3172.27
barley,haryana,12-08-2023,2609.36,3069.84
barley,haryana,09-09-2023,2697.52,3173.55
barley,haryana,07-10-2023,2688.78,3163.27
barley,haryana,04-11-2023,2846.91,3349.3
barley,haryana,02-12-2023,2776.94,3266.99
barley,haryana,30-12-2023,2407.91,2832.84
barley,haryana,27-01-2024,2526.58,2972.45
barley,haryana,24-02-2024,2464.41,2899.3
barley,haryana,23-03-2024,2613.35,3074.53
barley,haryana,20-04-2024,2455.42,2888.73
barley,haryana,18-05-2024,2513.03,2956.51
barley,haryana,15-06-2024,2605.99,3065.87
barley,haryana,13-07-2024,2584.04,3040.05
barley,haryana,10-08-2024,2648.23,3115.57
barley,haryana,07-09-2024,2599.85,3058.65
barley,haryana,05-10-2024,2828.79,3327.99
barley,haryana,02-11-2024,2716.17,3195.5
barley,haryana,30-11-2024,2820.91,3318.72
barley,haryana,28-12-2024,2531.24,2977.93
barley,haryana,25-01-2025,2424.83,2852.74
barley,haryana,22-02-2025,2510.71,2953.78
barley,haryana,22-03-2025,2536.88,2984.56
barley,haryana,19-04-2025,2445.51,2877.07
barley,haryana,17-05-2025,2598.15,3056.65
barley,haryana,14-06-2025,2727.1,3208.35
barley,haryana,12-07-2025,2653.81,3122.13
barley,haryana,09-08-2025,2719.5,3199.41
barley,haryana,06-09-2025,2807.69,3303.16
barley,haryana,04-10-2025,2670.52,3141.79
barley,uttarpradesh,01-01-2022,2560.89,3012.81
barley,uttarpradesh,29-01-2022,2567.75,3020.88
barley,uttarpradesh,26-02-2022,2500.09,2941.28
barley,uttarpradesh,26-03-2022,2604.21,3063.78
barley,uttarpradesh,23-04-2022,2735.04,3217.69
barley,uttarpradesh,21-05-2022,2805.5,3300.59
barley,uttarpradesh,18-06-2022,2775.73,3265.57
barley,uttarpradesh,16-07-2022,2779.73,3270.27
barley,uttarpradesh,13-08-2022,2898.71,3410.25
barley,uttarpradesh,10-09-2022,2927.88,3444.56
barley,uttarpradesh,08-10-2022,2763.64,3251.34
barley,uttarpradesh,05-11-2022,2854.36,3358.07
barley,uttarpradesh,03-12-2022,3033.5,3568.82
barley,uttarpradesh,31-12-2022,2460.66,2894.89
barley,uttarpradesh,28-01-2023,2687.55,3161.82
barley,uttarpradesh,25-02-2023,2716.55,3195.94
barley,uttarpradesh,25-03-2023,2591.66,3049.01
barley,uttarpradesh,22-04-2023,2614.88,3076.33
barley,uttarpradesh,20-05-2023,2808.46,3304.07
barley,uttarpradesh,17-06-2023,2653.51,3121.78
barley,uttarpradesh,15-07-2023,2754.59,3240.7
barley,uttarpradesh,12-08-2023,2725.75,3206.76
barley,uttarpradesh,09-09-2023,2857.99,3362.34
barley,uttarpradesh,07-10-2023,3000.59,3530.1
barley,uttarpradesh,04-11-2023,2978.06,3503.6
barley,uttarpradesh,02-12-2023,3062.2,3602.59
barley,uttarpradesh,30-12-2023,2543.31,2992.13
barley,uttarpradesh,27-01-2024,2474.86,2911.6
barley,uttarpradesh,24-02-2024,2633.82,3098.61
barley,uttarpradesh,23-03-2024,2593.91,3051.66
barley,uttarpradesh,20-04-2024,2782.35,3273.35
barley,uttarpradesh,18-05-2024,2609.82,3070.38
barley,uttarpradesh,15-06-2024,2723.28,3203.86
barley,uttarpradesh,13-07-2024,2893.22,3403.79
barley,uttarpradesh,10-08-2024,2659.13,3128.39
barley,uttarpradesh,07-09-2024,2696.49,3172.34
barley,uttarpradesh,05-10-2024,2911.1,3424.82
barley,uttarpradesh,02-11-2024,2998.39,3527.52
barley,uttarpradesh,30-11-2024,3068.85,3610.41
barley,uttarpradesh,28-12-2024,2635.37,3100.43
barley,uttarpradesh,25-01-2025,2464.35,2899.24
barley,uttarpradesh,22-02-2025,2585.1,3041.29
barley,uttarpradesh,22-03-2025,2575.12,3029.55
barley,uttarpradesh,19-04-2025,2727.83,3209.21
barley,uttarpradesh,17-05-2025,2599.48,3058.21
barley,uttarpradesh,14-06-2025,2809.22,3304.96
barley,uttarpradesh,12-07-2025,2806.0,3301.18
barley,uttarpradesh,09-08-2025,2806.61,3301.9
barley,uttarpradesh,06-09-2025,2694.05,3169.47
barley,uttarpradesh,04-10-2025,2855.01,3358.84
barley,madhyapradesh,01-01-2022,2989.88,3517.51
barley,madhyapradesh,29-01-2022,3059.77,3599.73
barley,madhyapradesh,26-02-2022,3230.12,3800.14
barley,madhyapradesh,26-03-2022,3252.47,3826.44
barley,madhyapradesh,23-04-2022,3161.63,3719.57
barley,madhyapradesh,21-05-2022,3313.78,3898.56
barley,madhyapradesh,18-06-2022,3285.39,3865.17
barley,madhyapradesh,16-07-2022,3369.36,3963.95
barley,madhyapradesh,13-08-2022,3333.78,3922.1
barley,madhyapradesh,10-09-2022,3268.18,3844.92
barley,madhyapradesh,08-10-2022,3312.36,3896.9
barley,madhyapradesh,05-11-2022,3389.56,3987.72
barley,madhyapradesh,03-12-2022,3624.26,4263.84
barley,madhyapradesh,31-12-2022,3130.51,3682.95
barley,madhyapradesh,28-01-2023,2971.17,3495.5
barley,madhyapradesh,25-02-2023,3025.67,3559.61
barley,madhyapradesh,25-03-2023,3139.76,3693.83
barley,madhyapradesh,22-04-2023,3154.09,3710.69
barley,madhyapradesh,20-05-2023,3377.46,3973.48
barley,madhyapradesh,17-06-2023,3378.59,3974.81
barley,madhyapradesh,15-07-2023,3223.44,3792.28
barley,madhyapradesh,12-08-2023,3222.49,3791.16
barley,madhyapradesh,09-09-2023,3444.08,4051.86
barley,madhyapradesh,07-10-2023,3287.67,3867.85
barley,madhyapradesh,04-11-2023,3610.62,4247.79
barley,madhyapradesh,02-12-2023,3507.14,4126.05
barley,madhyapradesh,30-12-2023,2975.15,3500.18
barley,madhyapradesh,27-01-2024,3016.99,3549.4
barley,madhyapradesh,24-02-2024,3065.2,3606.12
barley,madhyapradesh,23-03-2024,3149.82,3705.67
barley,madhyapradesh,20-04-2024,3297.54,3879.46
barley,madhyapradesh,18-05-2024,3308.24,3892.05
barley,madhyapradesh,15-06-2024,3303.98,3887.04
barley,madhyapradesh,13-07-2024,3351.03,3942.39
barley,madhyapradesh,10-08-2024,3445.51,4053.54
barley,madhyapradesh,07-09-2024,3276.32,3854.5
barley,madhyapradesh,05-10-2024,3361.28,3954.45
barley,madhyapradesh,02-11-2024,3375.15,3970.77
barley,madhyapradesh,30-11-2024,3464.77,4076.2
barley,madhyapradesh,28-12-2024,3011.18,3542.56
barley,madhyapradesh,25-01-2025,3026.64,3560.75
barley,madhyapradesh,22-02-2025,3268.45,3845.23
barley,madhyapradesh,22-03-2025,3059.12,3598.96
barley,madhyapradesh,19-04-2025,3248.35,3821.59
barley,madhyapradesh,17-05-2025,3235.5,3806.47
barley,madhyapradesh,14-06-2025,3261.87,3837.49
barley,madhyapradesh,12-07-2025,3251.59,3825.4
barley,madhyapradesh,09-08-2025,3439.61,4046.6
barley,madhyapradesh,06-09-2025,3462.1,4073.06
barley,madhyapradesh,04-10-2025,3312.55,3897.12
barley,westbengal,01-01-2022,2558.69,3010.22
barley,westbengal,29-01-2022,2656.79,3125.64
barley,westbengal,26-02-2022,2528.0,2974.12
barley,westbengal,26-03-2022,2608.1,3068.35
barley,westbengal,23-04-2022,2664.27,3134.43
barley,westbengal,21-05-2022,2773.28,3262.68
barley,westbengal,18-06-2022,2715.46,3194.66
barley,westbengal,16-07-2022,2876.94,3384.63
barley,westbengal,13-08-2022,2916.86,3431.6
barley,westbengal,10-09-2022,3022.12,3555.43
barley,westbengal,08-10-2022,2884.15,3393.12
barley,westbengal,05-11-2022,2978.73,3504.39
barley,westbengal,03-12-2022,2878.06,3385.95
barley,westbengal,31-12-2022,2548.33,2998.03
barley,westbengal,28-01-2023,2530.76,2977.36
barley,westbengal,25-02-2023,2746.79,3231.52
barley,westbengal,25-03-2023,2635.65,3100.77
barley,westbengal,22-04-2023,2683.67,3157.26
barley,westbengal,20-05-2023,2850.6,3353.65
barley,westbengal,17-06-2023,2778.29,3268.58
barley,westbengal,15-07-2023,2721.56,3201.83
barley,westbengal,12-08-2023,2854.16,3357.84
barley,westbengal,09-09-2023,2785.81,3277.42
barley,westbengal,07-10-2023,3027.19,3561.4
barley,westbengal,04-11-2023,2800.85,3295.12
barley,westbengal,02-12-2023,3109.16,3657.84
barley,westbengal,30-12-2023,2547.85,2997.47
barley,westbengal,27-01-2024,2570.97,3024.67
barley,westbengal,24-02-2024,2580.09,3035.4
barley,westbengal,23-03-2024,2625.99,3089.4
barley,westbengal,20-04-2024,2793.38,3286.33
barley,westbengal,18-05-2024,2829.67,3329.02
barley,westbengal,15-06-2024,2824.13,3322.51
barley,westbengal,13-07-2024,2774.3,3263.88
barley,westbengal,10-08-2024,2835.4,3335.77
barley,westbengal,07-09-2024,2998.1,3527.18
barley,westbengal,05-10-2024,3029.86,3564.54
barley,westbengal,02-11-2024,3043.94,3581.11
barley,westbengal,30-11-2024,3079.05,3622.41
barley,westbengal,28-12-2024,2661.94,3131.69
barley,westbengal,25-01-2025,2627.26,3090.9
barley,westbengal,22-02-2025,2581.17,3036.67
barley,westbengal,22-03-2025,2605.64,3065.46
barley,westbengal,19-04-2025,2762.46,3249.95
barley,westbengal,17-05-2025,2722.19,3202.58
barley,westbengal,14-06-2025,2670.78,3142.1
barley,westbengal,12-07-2025,2766.71,3254.95
barley,westbengal,09-08-2025,2723.77,3204.43
barley,westbengal,06-09-2025,2894.62,3405.43
barley,westbengal,04-10-2025,2921.68,3437.27
barley,bihar,01-01-2022,3183.77,3745.61
barley,bihar,29-01-2022,3253.88,3828.1
barley,bihar,26-02-2022,3006.28,3536.8
barley,bihar,26-03-2022,3205.5,3771.18
barley,bihar,23-04-2022,3141.33,3695.68
barley,bihar,21-05-2022,3181.29,3742.7
barley,bihar,18-06-2022,3378.11,3974.25
barley,bihar,16-07-2022,3400.72,4000.85
barley,bihar,13-08-2022,3426.61,4031.3
barley,bihar,10-09-2022,3326.96,3914.07
barley,bihar,08-10-2022,3517.74,4138.52
barley,bihar,05-11-2022,3475.22,4088.5
barley,bihar,03-12-2022,3366.6,3960.71
barley,bihar,31-12-2022,3102.9,3650.47
barley,bihar,28-01-2023,3123.84,3675.1
barley,bihar,25-02-2023,3017.41,3549.9
barley,bihar,25-03-2023,3085.55,3630.06
barley,bihar,22-04-2023,3329.12,3916.61
barley,bihar,20-05-2023,3118.56,3668.89
barley,bihar,17-06-2023,3432.12,4037.79
barley,bihar,15-07-2023,3344.94,3935.22
barley,bihar,12-08-2023,3227.46,3797.01
barley,bihar,09-09-2023,3320.98,3907.04
barley,bihar,07-10-2023,3481.86,4096.3
barley,bihar,04-11-2023,3518.93,4139.92
barley,bihar,02-12-2023,3516.24,4136.75
barley,bihar,30-12-2023,3080.73,3624.39
barley,bihar,27-01-2024,3195.14,3758.99
barley,bihar,24-02-2024,3088.98,3634.1
barley,bihar,23-03-2024,3226.9,3796.35
barley,bihar,20-04-2024,3124.72,3676.14
barley,bihar,18-05-2024,3135.75,3689.12
barley,bihar,15-06-2024,3161.68,3719.62
barley,bihar,13-07-2024,3236.42,3807.55
barley,bihar,10-08-2024,3390.0,3988.24
barley,bihar,07-09-2024,3316.68,3901.98
barley,bihar,05-10-2024,3447.86,4056.31
barley,bihar,02-11-2024,3514.76,4135.01
barley,bihar,30-11-2024,3557.68,4185.51
barley,bihar,28-12-2024,3180.24,3741.46
barley,bihar,25-01-2025,2986.96,3514.07
barley,bihar,22-02-2025,3267.57,3844.2
barley,bihar,22-03-2025,3272.59,3850.11
barley,bihar,19-04-2025,3124.19,3675.52
barley,bihar,17-05-2025,3360.54,3953.58
barley,bihar,14-06-2025,3336.87,3925.73
barley,bihar,12-07-2025,3322.81,3909.19
barley,bihar,09-08-2025,3207.08,3773.04
barley,bihar,06-09-2025,3500.89,4118.7
barley,bihar,04-10-2025,3487.26,4102.66
barley,odisha,01-01-2022,2712.45,3191.12
barley,odisha,29-01-2022,2840.16,3341.36
barley,odisha,26-02-2022,2877.13,3384.86
barley,odisha,26-03-2022,3039.3,3575.65
barley,odisha,23-04-2022,2884.02,3392.96
barley,odisha,21-05-2022,3087.32,3632.14
barley,odisha,18-06-2022,2937.3,3455.65
barley,odisha,16-07-2022,2979.39,3505.17
barley,odisha,13-08-2022,3101.73,3649.1
barley,odisha,10-09-2022,3058.21,3597.89
barley,odisha,08-10-2022,3133.88,3686.92
barley,odisha,05-11-2022,3339.88,3929.27
barley,odisha,03-12-2022,3366.35,3960.41
barley,odisha,31-12-2022,2799.64,3293.69
barley,odisha,28-01-2023,2786.78,3278.56
barley,odisha,25-02-2023,3009.34,3540.4
barley,odisha,25-03-2023,2899.44,3411.11
barley,odisha,22-04-2023,2843.84,3345.7
barley,odisha,20-05-2023,2848.58,3351.27
barley,odisha,17-06-2023,2992.43,3520.51
barley,odisha,15-07-2023,2988.34,3515.7
barley,odisha,12-08-2023,3213.96,3781.13
barley,odisha,09-09-2023,3100.1,3647.18
barley,odisha,07-10-2023,3196.26,3760.3
barley,odisha,04-11-2023,3200.05,3764.77
barley,odisha,02-12-2023,3120.44,3671.11
barley,odisha,30-12-2023,2881.27,3389.73
barley,odisha,27-01-2024,2912.69,3426.69
barley,odisha,24-02-2024,2790.66,3283.13
barley,odisha,23-03-2024,2908.54,3421.81
barley,odisha,20-04-2024,2890.02,3400.02
barley,odisha,18-05-2024,2987.0,3514.12
barley,odisha,15-06-2024,2893.28,3403.86
barley,odisha,13-07-2024,2986.94,3514.05
barley,odisha,10-08-2024,3116.62,3666.61
barley,odisha,07-09-2024,3139.96,3694.07
barley,odisha,05-10-2024,3043.88,3581.04
barley,odisha,02-11-2024,3078.22,3621.43
barley,odisha,30-11-2024,3308.57,3892.43
barley,odisha,28-12-2024,2883.23,3392.04
barley,odisha,25-01-2025,2938.09,3456.58
barley,odisha,22-02-2025,2904.7,3417.29
barley,odisha,22-03-2025,2808.32,3303.9
barley,odisha,19-04-2025,3077.39,3620.46
barley,odisha,17-05-2025,3121.23,3672.04
barley,odisha,14-06-2025,3059.17,3599.02
barley,odisha,12-07-2025,3135.89,3689.28
barley,odisha,09-08-2025,3169.1,3728.35
barley,odisha,06-09-2025,3045.92,3583.43
barley,odisha,04-10-2025,3289.24,3869.7
soybean,karnataka,01-01-2022,4769.72,5611.44
soybean,karnataka,29-01-2022,4571.53,5378.27
soybean,karnataka,26-02-2022,4552.97,5356.44
soybean,karnataka,26-03-2022,4698.56,5527.72
soybean,karnataka,23-04-2022,4764.83,5605.68
soybean,karnataka,21-05-2022,5012.89,5897.52
soybean,karnataka,18-06-2022,4925.47,5794.67
soybean,karnataka,16-07-2022,4970.41,5847.54
soybean,karnataka,13-08-2022,5011.34,5895.7
soybean,karnataka,10-09-2022,5080.26,5976.78
soybean,karnataka,08-10-2022,5316.0,6254.12
soybean,karnataka,05-11-2022,5187.38,6102.8
soybean,karnataka,03-12-2022,5543.24,6521.46
soybean,karnataka,31-12-2022,4538.24,5339.1
soybean,karnataka,28-01-2023,4805.51,5653.54
soybean,karnataka,25-02-2023,4944.78,5817.39
soybean,karnataka,25-03-2023,4905.61,5771.3
soybean,karnataka,22-04-2023,4603.11,5415.42
soybean,karnataka,20-05-2023,4992.89,5873.99
soybean,karnataka,17-06-2023,4806.11,5654.25
soybean,karnataka,15-07-2023,5116.32,6019.2
soybean,karnataka,12-08-2023,4961.32,5836.85
soybean,karnataka,09-09-2023,5057.9,5950.47
soybean,karnataka,07-10-2023,5087.88,5985.74
soybean,karnataka,04-11-2023,5389.99,6341.17
soybean,karnataka,02-12-2023,5202.76,6120.9
soybean,karnataka,30-12-2023,4633.28,5450.92
soybean,karnataka,27-01-2024,4522.96,5321.13
soybean,karnataka,24-02-2024,4586.01,5395.31
soybean,karnataka,23-03-2024,4779.41,5622.84
soybean,karnataka,20-04-2024,5007.8,5891.53
soybean,karnataka,18-05-2024,4700.54,5530.05
soybean,karnataka,15-06-2024,4823.21,5674.36
soybean,karnataka,13-07-2024,4920.42,5788.73
soybean,karnataka,10-08-2024,5054.98,5947.03
soybean,karnataka,07-09-2024,5236.07,6160.08
soybean,karnataka,05-10-2024,5164.56,6075.95
soybean,karnataka,02-11-2024,5484.38,6452.21
soybean,karnataka,30-11-2024,5054.67,5946.67
soybean,karnataka,28-12-2024,4679.08,5504.8
soybean,karnataka,25-01-2025,4750.68,5589.04
soybean,karnataka,22-02-2025,4913.58,5780.68
soybean,karnataka,22-03-2025,4771.81,5613.9
soybean,karnataka,19-04-2025,4729.15,5563.71
soybean,karnataka,17-05-2025,4945.12,5817.79
soybean,karnataka,14-06-2025,4888.49,5751.17
soybean,karnataka,12-07-2025,4808.22,5656.73
soybean,karnataka,09-08-2025,5135.99,6042.34
soybean,karnataka,06-09-2025,5007.99,5891.75
soybean,karnataka,04-10-2025,5112.54,6014.75
soybean,tamilnadu,01-01-2022,5196.3,6113.29
soybean,tamilnadu,29-01-2022,5273.84,6204.52
soybean,tamilnadu,26-02-2022,5679.92,6682.26
soybean,tamilnadu,26-03-2022,5510.52,6482.96
soybean,tamilnadu,23-04-2022,5832.61,6861.89
soybean,tamilnadu,21-05-2022,5694.29,6699.16
soybean,tamilnadu,18-06-2022,5608.89,6598.69
soybean,tamilnadu,16-07-2022,5673.18,6674.33
soybean,tamilnadu,13-08-2022,5826.53,6854.74
soybean,tamilnadu,10-09-2022,5833.17,6862.55
soybean,tamilnadu,08-10-2022,5830.48,6859.39
soybean,tamilnadu,05-11-2022,5991.81,7049.19
soybean,tamilnadu,03-12-2022,6261.11,7366.01
soybean,tamilnadu,31-12-2022,5548.67,6527.85
soybean,tamilnadu,28-01-2023,5343.06,6285.95
soybean,tamilnadu,25-02-2023,5558.68,6539.62
soybean,tamilnadu,25-03-2023,5491.94,6461.1
soybean,tamilnadu,22-04-2023,5404.95,6358.77
soybean,tamilnadu,20-05-2023,5900.1,6941.29
soybean,tamilnadu,17-06-2023,5560.21,6541.42
soybean,tamilnadu,15-07-2023,6046.76,7113.84
soybean,tamilnadu,12-08-2023,6071.84,7143.34
soybean,tamilnadu,09-09-2023,5901.7,6943.18
soybean,tamilnadu,07-10-2023,6295.94,7406.99
soybean,tamilnadu,04-11-2023,6397.53,7526.51
soybean,tamilnadu,02-12-2023,6182.24,7273.22
soybean,tamilnadu,30-12-2023,5614.53,6605.33
soybean,tamilnadu,27-01-2024,5301.14,6236.63
soybean,tamilnadu,24-02-2024,5523.93,6498.74
soybean,tamilnadu,23-03-2024,5586.94,6572.87
soybean,tamilnadu,20-04-2024,5581.58,6566.56
soybean,tamilnadu,18-05-2024,5845.86,6877.48
soybean,tamilnadu,15-06-2024,5929.84,6976.28
soybean,tamilnadu,13-07-2024,5734.87,6746.91
soybean,tamilnadu,10-08-2024,6093.39,7168.69
soybean,tamilnadu,07-09-2024,5726.81,6737.42
soybean,tamilnadu,05-10-2024,5849.44,6881.7
soybean,tamilnadu,02-11-2024,6093.6,7168.94
soybean,tamilnadu,30-11-2024,6151.45,7237.0
soybean,tamilnadu,28-12-2024,5399.23,6352.03
soybean,tamilnadu,25-01-2025,5226.63,6148.98
soybean,tamilnadu,22-02-2025,5557.21,6537.9
soybean,tamilnadu,22-03-2025,5840.56,6871.25
soybean,tamilnadu,19-04-2025,5683.33,6686.27
soybean,tamilnadu,17-05-2025,5465.93,6430.5
soybean,tamilnadu,14-06-2025,5774.76,6793.83
soybean,tamilnadu,12-07-2025,5603.62,6592.49
soybean,tamilnadu,09-08-2025,5948.64,6998.4
soybean,tamilnadu,06-09-2025,6192.95,7285.82
soybean,tamilnadu,04-10-2025,6257.45,7361.71
soybean,andhrapradesh,01-01-2022,4675.9,5501.06
soybean,andhrapradesh,29-01-2022,4762.21,5602.6
soybean,andhrapradesh,26-02-2022,4868.49,5727.63
soybean,andhrapradesh,26-03-2022,4846.3,5701.53
soybean,andhrapradesh,23-04-2022,5103.83,6004.51
soybean,andhrapradesh,21-05-2022,5068.99,5963.52
soybean,andhrapradesh,18-06-2022,5004.38,5887.51
soybean,andhrapradesh,16-07-2022,5197.11,6114.25
soybean,andhrapradesh,13-08-2022,5281.09,6213.05
soybean,andhrapradesh,10-09-2022,4949.4,5822.82
soybean,andhrapradesh,08-10-2022,5440.66,6400.78
soybean,andhrapradesh,05-11-2022,5336.09,6277.75
soybean,andhrapradesh,03-12-2022,5598.94,6586.99
soybean,andhrapradesh,31-12-2022,4758.09,5597.75
soybean,andhrapradesh,28-01-2023,4824.59,5675.99
soybean,andhrapradesh,25-02-2023,4724.11,5557.78
soybean,andhrapradesh,25-03-2023,4707.42,5538.14
soybean,andhrapradesh,22-04-2023,4849.02,5704.73
soybean,andhrapradesh,20-05-2023,5118.27,6021.5
soybean,andhrapradesh,17-06-2023,5107.74,6009.1
soybean,andhrapradesh,15-07-2023,5122.36,6026.3
soybean,andhrapradesh,12-08-2023,4886.39,5748.69
soybean,andhrapradesh,09-09-2023,5238.54,6162.99
soybean,andhrapradesh,07-10-2023,5136.5,6042.94
soybean,andhrapradesh,04-11-2023,5292.64,6226.63
soybean,andhrapradesh,02-12-2023,5438.67,6398.43
soybean,andhrapradesh,30-12-2023,4789.79,5635.05
soybean,andhrapradesh,27-01-2024,4667.3,5490.94
soybean,andhrapradesh,24-02-2024,4529.34,5328.63
soybean,andhrapradesh,23-03-2024,4850.84,5706.87
soybean,andhrapradesh,20-04-2024,4632.21,5449.66
soybean,andhrapradesh,18-05-2024,5092.48,5991.15
soybean,andhrapradesh,15-06-2024,4748.52,5586.5
soybean,andhrapradesh,13-07-2024,4907.77,5773.85
soybean,andhrapradesh,10-08-2024,5067.15,5961.35
soybean,andhrapradesh,07-09-2024,5037.74,5926.75
soybean,andhrapradesh,05-10-2024,5075.46,5971.13
soybean,andhrapradesh,02-11-2024,5370.13,6317.8
soybean,andhrapradesh,30-11-2024,5243.39,6168.7
soybean,andhrapradesh,28-12-2024,4621.57,5437.14
soybean,andhrapradesh,25-01-2025,4776.8,5619.76
soybean,andhrapradesh,22-02-2025,4885.37,5747.49
soybean,andhrapradesh,22-03-2025,4850.7,5706.71
soybean,andhrapradesh,19-04-2025,4801.92,5649.32
soybean,andhrapradesh,17-05-2025,5118.16,6021.37
soybean,andhrapradesh,14-06-2025,5171.74,6084.4
soybean,andhrapradesh,12-07-2025,4871.12,5730.73
soybean,andhrapradesh,09-08-2025,5243.68,6169.03
soybean,andhrapradesh,06-09-2025,5010.53,5894.74
soybean,andhrapradesh,04-10-2025,5053.9,5945.77
soybean,telangana,01-01-2022,3854.01,4534.13
soybean,telangana,29-01-2022,3995.86,4701.01
soybean,telangana,26-02-2022,4019.58,4728.92
soybean,telangana,26-03-2022,3973.75,4675.0
soybean,telangana,23-04-2022,4187.59,4926.58
soybean,telangana,21-05-2022,3983.14,4686.05
soybean,telangana,18-06-2022,4024.94,4735.22
soybean,telangana,16-07-2022,4036.29,4748.58
soybean,telangana,13-08-2022,4073.66,4792.54
soybean,telangana,10-09-2022,4159.81,4893.89
soybean,telangana,08-10-2022,4258.53,5010.04
soybean,telangana,05-11-2022,4239.29,4987.4
soybean,telangana,03-12-2022,4577.57,5385.38
soybean,telangana,31-12-2022,3707.24,4361.46
soybean,telangana,28-01-2023,3806.84,4478.63
soybean,telangana,25-02-2023,3768.48,4433.51
soybean,telangana,25-03-2023,4115.77,4842.08
soybean,telangana,22-04-2023,3981.31,4683.89
soybean,telangana,20-05-2023,4188.51,4927.66
soybean,telangana,17-06-2023,4049.45,4764.06
soybean,telangana,15-07-2023,4125.0,4852.94
soybean,telangana,12-08-2023,4298.19,5056.7
soybean,telangana,09-09-2023,4345.23,5112.04
soybean,telangana,07-10-2023,4239.71,4987.89
soybean,telangana,04-11-2023,4315.53,5077.1
soybean,telangana,02-12-2023,4341.98,5108.21
soybean,telangana,30-12-2023,3702.82,4356.26
soybean,telangana,27-01-2024,3816.55,4490.06
soybean,telangana,24-02-2024,4033.28,4745.04
soybean,telangana,23-03-2024,3796.75,4466.76
soybean,telangana,20-04-2024,3875.35,4559.23
soybean,telangana,18-05-2024,4220.58,4965.39
soybean,telangana,15-06-2024,4192.73,4932.62
soybean,telangana,13-07-2024,3991.33,4695.68
soybean,telangana,10-08-2024,4303.51,5062.95
soybean,telangana,07-09-2024,4082.33,4802.74
soybean,telangana,05-10-2024,4286.35,5042.76
soybean,telangana,02-11-2024,4384.1,5157.77
soybean,telangana,30-11-2024,4495.72,5289.08
soybean,telangana,28-12-2024,3745.26,4406.19
soybean,telangana,25-01-2025,3743.35,4403.94
soybean,telangana,22-02-2025,4100.01,4823.54
soybean,telangana,22-03-2025,4076.55,4795.94
soybean,telangana,19-04-2025,3949.35,4646.29
soybean,telangana,17-05-2025,3953.89,4651.63
soybean,telangana,14-06-2025,3941.55,4637.12
soybean,telangana,12-07-2025,4130.4,4859.29
soybean,telangana,09-08-2025,3989.09,4693.05
soybean,telangana,06-09-2025,4372.18,5143.74
soybean,telangana,04-10-2025,4248.24,4997.93
soybean,kerala,01-01-2022,5212.48,6132.33
soybean,kerala,29-01-2022,5594.03,6581.21
soybean,kerala,26-02-2022,5603.75,6592.65
soybean,kerala,26-03-2022,5451.15,6413.12
soybean,kerala,23-04-2022,5746.42,6760.49
soybean,kerala,21-05-2022,5507.25,6479.12
soybean,kerala,18-06-2022,5969.32,7022.73
soybean,kerala,16-07-2022,5512.22,6484.96
soybean,kerala,13-08-2022,5900.71,6942.01
soybean,kerala,10-09-2022,5818.27,6845.02
soybean,kerala,08-10-2022,5932.11,6978.95
soybean,kerala,05-11-2022,6286.59,7395.99
soybean,kerala,03-12-2022,5944.1,6993.06
soybean,kerala,31-12-2022,5367.29,6314.46
soybean,kerala,28-01-2023,5260.68,6189.04
soybean,kerala,25-02-2023,5226.54,6148.87
soybean,kerala,25-03-2023,5349.55,6293.59
soybean,kerala,22-04-2023,5589.13,6575.45
soybean,kerala,20-05-2023,5410.18,6364.92
soybean,kerala,17-06-2023,5489.51,6458.25
soybean,kerala,15-07-2023,5863.39,6898.11
soybean,kerala,12-08-2023,5969.76,7023.25
soybean,kerala,09-09-2023,5625.0,6617.65
soybean,kerala,07-10-2023,6129.04,7210.63
soybean,kerala,04-11-2023,6235.48,7335.86
soybean,kerala,02-12-2023,6178.98,7269.39
soybean,kerala,30-12-2023,5221.49,6142.93
soybean,kerala,27-01-2024,5309.74,6246.75
soybean,kerala,24-02-2024,5235.62,6159.55
soybean,kerala,23-03-2024,5307.54,6244.16
soybean,kerala,20-04-2024,5795.55,6818.29
soybean,kerala,18-05-2024,5880.71,6918.48
soybean,kerala,15-06-2024,5822.79,6850.34
soybean,kerala,13-07-2024,5929.68,6976.09
soybean,kerala,10-08-2024,5631.97,6625.85
soybean,kerala,07-09-2024,6106.18,7183.74
soybean,kerala,05-10-2024,5716.76,6725.6
soybean,kerala,02-11-2024,5812.04,6837.69
soybean,kerala,30-11-2024,6079.62,7152.49
soybean,kerala,28-12-2024,5186.77,6102.08
soybean,kerala,25-01-2025,5422.44,6379.34
soybean,kerala,22-02-2025,5643.03,6638.86
soybean,kerala,22-03-2025,5358.43,6304.04
soybean,kerala,19-04-2025,5453.91,6416.36
soybean,kerala,17-05-2025,5778.42,6798.14
soybean,kerala,14-06-2025,5589.47,6575.85
soybean,kerala,12-07-2025,5974.82,7029.2
soybean,kerala,09-08-2025,5546.23,6524.98
soybean,kerala,06-09-2025,6102.03,7178.86
soybean,kerala,04-10-2025,6195.18,7288.45
soybean,maharashtra,01-01-2022,3803.72,4474.97
soybean,maharashtra,29-01-2022,3937.52,4632.38
soybean,maharashtra,26-02-2022,3957.11,4655.42
soybean,maharashtra,26-03-2022,3858.63,4539.56
soybean,maharashtra,23-04-2022,3847.11,4526.01
soybean,maharashtra,21-05-2022,4253.77,5004.44
soybean,maharashtra,18-06-2022,3970.48,4671.15
soybean,maharashtra,16-07-2022,4391.77,5166.79
soybean,maharashtra,13-08-2022,4071.23,4789.68
soybean,maharashtra,10-09-2022,4273.01,5027.07
soybean,maharashtra,08-10-2022,4540.84,5342.16
soybean,maharashtra,05-11-2022,4535.47,5335.85
soybean,maharashtra,03-12-2022,4443.8,5228.0
soybean,maharashtra,31-12-2022,3710.28,4365.04
soybean,maharashtra,28-01-2023,3939.38,4634.57
soybean,maharashtra,25-02-2023,4001.17,4707.26
soybean,maharashtra,25-03-2023,3919.86,4611.6
soybean,maharashtra,22-04-2023,4030.9,4742.23
soybean,maharashtra,20-05-2023,4256.1,5007.18
soybean,maharashtra,17-06-2023,3985.41,4688.72
soybean,maharashtra,15-07-2023,4252.83,5003.33
soybean,maharashtra,12-08-2023,4178.46,4915.83
soybean,maharashtra,09-09-2023,4332.09,5096.58
soybean,maharashtra,07-10-2023,4425.16,5206.07
soybean,maharashtra,04-11-2023,4369.77,5140.91
soybean,maharashtra,02-12-2023,4537.67,5338.43
soybean,maharashtra,30-12-2023,3986.63,4690.15
soybean,maharashtra,27-01-2024,3780.7,4447.88
soybean,maharashtra,24-02-2024,3836.36,4513.37
soybean,maharashtra,23-03-2024,3847.3,4526.23
soybean,maharashtra,20-04-2024,4222.06,4967.13
soybean,maharashtra,18-05-2024,3978.99,4681.16
soybean,maharashtra,15-06-2024,3966.36,4666.31
soybean,maharashtra,13-07-2024,4017.67,4726.67
soybean,maharashtra,10-08-2024,4194.66,4934.89
soybean,maharashtra,07-09-2024,4449.15,5234.3
soybean,maharashtra,05-10-2024,4160.47,4894.67
soybean,maharashtra,02-11-2024,4259.61,5011.3
soybean,maharashtra,30-11-2024,4287.91,5044.6
soybean,maharashtra,28-12-2024,3912.46,4602.89
soybean,maharashtra,25-01-2025,3832.29,4508.58
soybean,maharashtra,22-02-2025,4134.24,4863.81
soybean,maharashtra,22-03-2025,4062.46,4779.36
soybean,maharashtra,19-04-2025,4051.29,4766.22
soybean,maharashtra,17-05-2025,4122.84,4850.4
soybean,maharashtra,14-06-2025,4298.08,5056.57
soybean,maharashtra,12-07-2025,4296.17,5054.32
soybean,maharashtra,09-08-2025,4079.4,4799.29
soybean,maharashtra,06-09-2025,4250.03,5000.03
soybean,maharashtra,04-10-2025,4401.29,5177.99
soybean,gujarat,01-01-2022,5004.55,5887.71
soybean,gujarat,29-01-2022,4629.75,5446.77
soybean,gujarat,26-02-2022,5115.34,6018.05
soybean,gujarat,26-03-2022,4918.38,5786.33
soybean,gujarat,23-04-2022,4807.82,5656.26
soybean,gujarat,21-05-2022,4941.31,5813.3
soybean,gujarat,18-06-2022,4991.23,5872.03
soybean,gujarat,16-07-2022,5028.69,5916.11
soybean,gujarat,13-08-2022,5028.97,5916.44
soybean,gujarat,10-09-2022,5491.79,6460.93
soybean,gujarat,08-10-2022,5211.98,6131.74
soybean,gujarat,05-11-2022,5357.41,6302.83
soybean,gujarat,03-12-2022,5553.77,6533.85
soybean,gujarat,31-12-2022,4788.36,5633.36
soybean,gujarat,28-01-2023,4780.13,5623.68
soybean,gujarat,25-02-2023,4979.03,5857.68
soybean,gujarat,25-03-2023,5133.3,6039.18
soybean,gujarat,22-04-2023,5074.29,5969.75
soybean,gujarat,20-05-2023,5070.84,5965.69
soybean,gujarat,17-06-2023,5008.06,5891.84
soybean,gujarat,15-07-2023,5278.15,6209.59
soybean,gujarat,12-08-2023,5298.92,6234.02
soybean,gujarat,09-09-2023,5130.67,6036.08
soybean,gujarat,07-10-2023,5275.32,6206.26
soybean,gujarat,04-11-2023,5600.65,6589.0
soybean,gujarat,02-12-2023,5747.76,6762.07
soybean,gujarat,30-12-2023,4718.05,5550.65
soybean,gujarat,27-01-2024,5046.54,5937.11
soybean,gujarat,24-02-2024,4795.46,5641.72
soybean,gujarat,23-03-2024,5128.33,6033.33
soybean,gujarat,20-04-2024,5029.04,5916.52
soybean,gujarat,18-05-2024,5120.15,6023.71
soybean,gujarat,15-06-2024,5239.22,6163.79
soybean,gujarat,13-07-2024,5302.5,6238.24
soybean,gujarat,10-08-2024,5191.58,6107.74
soybean,gujarat,07-09-2024,5344.71,6287.9
soybean,gujarat,05-10-2024,5158.7,6069.06
soybean,gujarat,02-11-2024,5380.8,6330.35
soybean,gujarat,30-11-2024,5592.48,6579.39
soybean,gujarat,28-12-2024,5019.0,5904.71
soybean,gujarat,25-01-2025,4674.43,5499.33
soybean,gujarat,22-02-2025,4781.62,5625.43
soybean,gujarat,22-03-2025,4954.4,5828.71
soybean,gujarat,19-04-2025,4839.6,5693.65
soybean,gujarat,17-05-2025,5120.95,6024.65
soybean,gujarat,14-06-2025,5049.76,5940.89
soybean,gujarat,12-07-2025,5409.57,6364.2
soybean,gujarat,09-08-2025,5172.93,6085.8
soybean,gujarat,06-09-2025,5300.49,6235.87
soybean,gujarat,04-10-2025,5655.63,6653.68
soybean,rajasthan,01-01-2022,4059.45,4775.82
soybean,rajasthan,29-01-2022,3966.47,4666.44
soybean,rajasthan,26-02-2022,3972.33,4673.33
soybean,rajasthan,26-03-2022,4241.53,4990.04
soybean,rajasthan,23-04-2022,4316.1,5077.76
soybean,rajasthan,21-05-2022,4033.05,4744.76
soybean,rajasthan,18-06-2022,4351.93,5119.92
soybean,rajasthan,16-07-2022,4139.24,4869.7
soybean,rajasthan,13-08-2022,4098.39,4821.63
soybean,rajasthan,10-09-2022,4457.02,5243.55
soybean,rajasthan,08-10-2022,4339.88,5105.74
soybean,rajasthan,05-11-2022,4498.0,5291.76
soybean,rajasthan,03-12-2022,4345.12,5111.91
soybean,rajasthan,31-12-2022,4056.69,4772.58
soybean,rajasthan,28-01-2023,3974.53,4675.92
soybean,rajasthan,25-02-2023,4133.95,4863.47
soybean,rajasthan,25-03-2023,4006.49,4713.52
soybean,rajasthan,22-04-2023,4000.3,4706.24
soybean,rajasthan,20-05-2023,4346.0,5112.94
soybean,rajasthan,17-06-2023,4221.81,4966.84
soybean,rajasthan,15-07-2023,4204.23,4946.15
soybean,rajasthan,12-08-2023,4134.31,4863.9
soybean,rajasthan,09-09-2023,4209.74,4952.63
soybean,rajasthan,07-10-2023,4463.36,5251.01
soybean,rajasthan,04-11-2023,4505.68,5300.8
soybean,rajasthan,02-12-2023,4656.42,5478.14
soybean,rajasthan,30-12-2023,4014.08,4722.45
soybean,rajasthan,27-01-2024,3826.65,4501.94
soybean,rajasthan,24-02-2024,4190.92,4930.49
soybean,rajasthan,23-03-2024,4106.83,4831.57
soybean,rajasthan,20-04-2024,4258.43,5009.92
soybean,rajasthan,18-05-2024,4067.8,4785.65
soybean,rajasthan,15-06-2024,4402.03,5178.86
soybean,rajasthan,13-07-2024,4448.8,5233.88
soybean,rajasthan,10-08-2024,4218.87,4963.38
soybean,rajasthan,07-09-2024,4529.99,5329.4
soybean,rajasthan,05-10-2024,4612.09,5425.99
soybean,rajasthan,02-11-2024,4628.39,5445.16
soybean,rajasthan,30-11-2024,4487.49,5279.4
soybean,rajasthan,28-12-2024,3773.27,4439.14
soybean,rajasthan,25-01-2025,4138.3,4868.59
soybean,rajasthan,22-02-2025,3812.91,4485.78
soybean,rajasthan,22-03-2025,3961.27,4660.32
soybean,rajasthan,19-04-2025,4134.06,4863.6
soybean,rajasthan,17-05-2025,4081.61,4801.89
soybean,rajasthan,14-06-2025,4386.88,5161.04
soybean,rajasthan,12-07-2025,4305.83,5065.68
soybean,rajasthan,09-08-2025,4504.3,5299.18
soybean,rajasthan,06-09-2025,4163.39,4898.1
soybean,rajasthan,04-10-2025,4364.73,5134.98
soybean,punjab,01-01-2022,4153.36,4886.31
soybean,punjab,29-01-2022,4181.6,4919.53
soybean,punjab,26-02-2022,4250.6,5000.71
soybean,punjab,26-03-2022,4362.41,5132.25
soybean,punjab,23-04-2022,4115.59,4841.87
soybean,punjab,21-05-2022,4396.96,5172.9
soybean,punjab,18-06-2022,4387.95,5162.29
soybean,punjab,16-07-2022,4327.27,5090.91
soybean,punjab,13-08-2022,4289.47,5046.43
soybean,punjab,10-09-2022,4624.96,5441.13
soybean,punjab,08-10-2022,4331.18,5095.5
soybean,punjab,05-11-2022,4787.74,5632.64
soybean,punjab,03-12-2022,4522.39,5320.46
soybean,punjab,31-12-2022,4181.61,4919.54
soybean,punjab,28-01-2023,3920.42,4612.26
soybean,punjab,25-02-2023,4222.84,4968.05
soybean,punjab,25-03-2023,4359.68,5129.03
soybean,punjab,22-04-2023,4077.31,4796.84
soybean,punjab,20-05-2023,4250.37,5000.44
soybean,punjab,17-06-2023,4399.26,5175.6
soybean,punjab,15-07-2023,4488.96,5281.13
soybean,punjab,12-08-2023,4208.66,4951.36
soybean,punjab,09-09-2023,4304.07,5063.61
soybean,punjab,07-10-2023,4440.07,5223.61
soybean,punjab,04-11-2023,4393.89,5169.28
soybean,punjab,02-12-2023,4685.38,5512.21
soybean,punjab,30-12-2023,4012.0,4720.0
soybean,punjab,27-01-2024,4139.17,4869.61
soybean,punjab,24-02-2024,4041.04,4754.16
soybean,punjab,23-03-2024,4017.61,4726.6
soybean,punjab,20-04-2024,4327.0,5090.59
soybean,punjab,18-05-2024,4255.07,5005.97
soybean,punjab,15-06-2024,4138.97,4869.38
soybean,punjab,13-07-2024,4584.52,5393.55
soybean,punjab,10-08-2024,4606.8,5419.77
soybean,punjab,07-09-2024,4404.35,5181.59
soybean,punjab,05-10-2024,4422.4,5202.82
soybean,punjab,02-11-2024,4799.0,5645.88
soybean,punjab,30-11-2024,4571.1,5377.76
soybean,punjab,28-12-2024,4181.0,4918.82
soybean,punjab,25-01-2025,3916.09,4607.17
soybean,punjab,22-02-2025,4110.2,4835.53
soybean,punjab,22-03-2025,4209.67,4952.55
soybean,punjab,19-04-2025,4383.32,5156.85
soybean,punjab,17-05-2025,4356.41,5125.19
soybean,punjab,14-06-2025,4452.11,5237.78
soybean,punjab,12-07-2025,4488.03,5280.04
soybean,punjab,09-08-2025,4303.3,5062.7
soybean,punjab,06-09-2025,4297.69,5056.11
soybean,punjab,04-10-2025,4750.73,5589.09
soybean,haryana,01-01-2022,4886.5,5748.82
soybean,haryana,29-01-2022,4831.6,5684.23
soybean,haryana,26-02-2022,5142.47,6049.96
soybean,haryana,26-03-2022,5102.42,6002.85
soybean,haryana,23-04-2022,5251.05,6177.7
soybean,haryana,21-05-2022,5378.48,6327.62
soybean,haryana,18-06-2022,5159.98,6070.56
soybean,haryana,16-07-2022,5333.71,6274.95
soybean,haryana,13-08-2022,5515.74,6489.11
soybean,haryana,10-09-2022,5263.49,6192.34
soybean,haryana,08-10-2022,5564.07,6545.97
soybean,haryana,05-11-2022,5379.17,6328.43
soybean,haryana,03-12-2022,5424.71,6382.01
soybean,haryana,31-12-2022,4842.36,5696.89
soybean,haryana,28-01-2023,4859.57,5717.14
soybean,haryana,25-02-2023,5126.07,6030.67
soybean,haryana,25-03-2023,5262.14,6190.75
soybean,haryana,22-04-2023,4868.21,5727.31
soybean,haryana,20-05-2023,4935.32,5806.26
soybean,haryana,17-06-2023,5359.85,6305.71
soybean,haryana,15-07-2023,5125.73,6030.27
soybean,haryana,12-08-2023,5318.76,6257.36
soybean,haryana,09-09-2023,5430.8,6389.18
soybean,haryana,07-10-2023,5532.28,6508.56
soybean,haryana,04-11-2023,5284.58,6217.15
soybean,haryana,02-12-2023,5719.12,6728.38
soybean,haryana,30-12-2023,4939.47,5811.14
soybean,haryana,27-01-2024,4928.66,5798.42
soybean,haryana,24-02-2024,5126.62,6031.32
soybean,haryana,23-03-2024,4957.31,5832.13
soybean,haryana,20-04-2024,5089.64,5987.81
soybean,haryana,18-05-2024,5358.94,6304.64
soybean,haryana,15-06-2024,5139.65,6046.65
soybean,haryana,13-07-2024,5314.56,6252.42
soybean,haryana,10-08-2024,5369.5,6317.06
soybean,haryana,07-09-2024,5539.79,6517.4
soybean,haryana,05-10-2024,5689.25,6693.24
soybean,haryana,02-11-2024,5544.11,6522.48
soybean,haryana,30-11-2024,5350.06,6294.19
soybean,haryana,28-12-2024,4966.33,5842.74
soybean,haryana,25-01-2025,4830.69,5683.16
soybean,haryana,22-02-2025,5044.89,5935.16
soybean,haryana,22-03-2025,5222.33,6143.92
soybean,haryana,19-04-2025,5040.29,5929.75
soybean,haryana,17-05-2025,5085.74,5983.22
soybean,haryana,14-06-2025,5327.77,6267.97
soybean,haryana,12-07-2025,5180.73,6094.98
soybean,haryana,09-08-2025,5474.76,6440.89
soybean,haryana,06-09-2025,5571.35,6554.53
soybean,haryana,04-10-2025,5482.06,6449.48
soybean,uttarpradesh,01-01-2022,4902.43,5767.56
soybean,uttarpradesh,29-01-2022,4903.18,5768.45
soybean,uttarpradesh,26-02-2022,4874.53,5734.74
soybean,uttarpradesh,26-03-2022,5006.69,5890.22
soybean,uttarpradesh,23-04-2022,5013.37,5898.08
soybean,uttarpradesh,21-05-2022,4751.95,5590.53
soybean,uttarpradesh,18-06-2022,5080.95,5977.59
soybean,uttarpradesh,16-07-2022,4862.78,5720.92
soybean,uttarpradesh,13-08-2022,5394.62,6346.61
soybean,uttarpradesh,10-09-2022,5013.35,5898.06
soybean,uttarpradesh,08-10-2022,5503.64,6474.87
soybean,uttarpradesh,05-11-2022,5501.25,6472.06
soybean,uttarpradesh,03-12-2022,5522.27,6496.79
soybean,uttarpradesh,31-12-2022,4859.81,5717.42
soybean,uttarpradesh,28-01-2023,4637.11,5455.42
soybean,uttarpradesh,25-02-2023,4966.1,5842.47
soybean,uttarpradesh,25-03-2023,4795.47,5641.73
soybean,uttarpradesh,22-04-2023,5163.49,6074.7
soybean,uttarpradesh,20-05-2023,4863.23,5721.45
soybean,uttarpradesh,17-06-2023,5019.91,5905.78
soybean,uttarpradesh,15-07-2023,4874.86,5735.13
soybean,uttarpradesh,12-08-2023,5142.73,6050.27
soybean,uttarpradesh,09-09-2023,5479.32,6446.26
soybean,uttarpradesh,07-10-2023,5156.39,6066.34
soybean,uttarpradesh,04-11-2023,5496.85,6466.88
soybean,uttarpradesh,02-12-2023,5241.72,6166.73
soybean,uttarpradesh,30-12-2023,4822.88,5673.98
soybean,uttarpradesh,27-01-2024,4776.77,5619.73
soybean,uttarpradesh,24-02-2024,4727.14,5561.34
soybean,uttarpradesh,23-03-2024,4823.38,5674.56
soybean,uttarpradesh,20-04-2024,4855.34,5712.17
soybean,uttarpradesh,18-05-2024,5145.97,6054.08
soybean,uttarpradesh,15-06-2024,5221.15,6142.53
soybean,uttarpradesh,13-07-2024,5287.83,6220.98
soybean,uttarpradesh,10-08-2024,5078.47,5974.67
soybean,uttarpradesh,07-09-2024,5283.69,6216.1
soybean,uttarpradesh,05-10-2024,5408.14,6362.52
soybean,uttarpradesh,02-11-2024,5519.59,6493.64
soybean,uttarpradesh,30-11-2024,5251.54,6178.28
soybean,uttarpradesh,28-12-2024,4850.06,5705.95
soybean,uttarpradesh,25-01-2025,4564.74,5370.28
soybean,uttarpradesh,22-02-2025,4919.69,5787.87
soybean,uttarpradesh,22-03-2025,4939.38,5811.03
soybean,uttarpradesh,19-04-2025,4837.79,5691.52
soybean,uttarpradesh,17-05-2025,4987.2,5867.29
soybean,uttarpradesh,14-06-2025,4888.78,5751.51
soybean,uttarpradesh,12-07-2025,5045.85,5936.29
soybean,uttarpradesh,09-08-2025,5042.79,5932.69
soybean,uttarpradesh,06-09-2025,5331.21,6272.01
soybean,uttarpradesh,04-10-2025,5202.56,6120.66
soybean,madhyapradesh,01-01-2022,5403.57,6357.14
soybean,madhyapradesh,29-01-2022,5396.76,6349.13
soybean,madhyapradesh,26-02-2022,5572.22,6555.55
soybean,madhyapradesh,26-03-2022,5296.78,6231.51
soybean,madhyapradesh,23-04-2022,5245.17,6170.79
soybean,madhyapradesh,21-05-2022,5567.23,6549.68
soybean,madhyapradesh,18-06-2022,5815.28,6841.51
soybean,madhyapradesh,16-07-2022,5764.88,6782.21
soybean,madhyapradesh,13-08-2022,5751.13,6766.03
soybean,madhyapradesh,10-09-2022,5929.84,6976.28
soybean,madhyapradesh,08-10-2022,5868.59,6904.22
soybean,madhyapradesh,05-11-2022,5850.75,6883.24
soybean,madhyapradesh,03-12-2022,6092.81,7168.01
soybean,madhyapradesh,31-12-2022,5041.19,5930.81
soybean,madhyapradesh,28-01-2023,5047.2,5937.88
soybean,madhyapradesh,25-02-2023,5379.72,6329.08
soybean,madhyapradesh,25-03-2023,5595.62,6583.08
soybean,madhyapradesh,22-04-2023,5405.16,6359.01
soybean,madhyapradesh,20-05-2023,5391.37,6342.79
soybean,madhyapradesh,17-06-2023,5707.49,6714.69
soybean,madhyapradesh,15-07-2023,5670.26,6670.9
soybean,madhyapradesh,12-08-2023,5657.53,6655.92
soybean,madhyapradesh,09-09-2023,6024.94,7088.16
soybean,madhyapradesh,07-10-2023,5614.5,6605.29
soybean,madhyapradesh,04-11-2023,6180.66,7271.36
soybean,madhyapradesh,02-12-2023,6163.89,7251.63
soybean,madhyapradesh,30-12-2023,5399.23,6352.04
soybean,madhyapradesh,27-01-2024,5154.23,6063.8
soybean,madhyapradesh,24-02-2024,5364.87,6311.61
soybean,madhyapradesh,23-03-2024,5167.07,6078.91
soybean,madhyapradesh,20-04-2024,5729.75,6740.88
soybean,madhyapradesh,18-05-2024,5490.3,6459.18
soybean,madhyapradesh,15-06-2024,5330.31,6270.95
soybean,madhyapradesh,13-07-2024,5678.83,6680.98
soybean,madhyapradesh,10-08-2024,5812.32,6838.02
soybean,madhyapradesh,07-09-2024,5650.6,6647.77
soybean,madhyapradesh,05-10-2024,5843.0,6874.12
soybean,madhyapradesh,02-11-2024,6108.05,7185.94
soybean,madhyapradesh,30-11-2024,6264.7,7370.23
soybean,madhyapradesh,28-12-2024,5065.48,5959.39
soybean,madhyapradesh,25-01-2025,5118.39,6021.64
soybean,madhyapradesh,22-02-2025,5406.31,6360.37
soybean,madhyapradesh,22-03-2025,5239.2,6163.76
soybean,madhyapradesh,19-04-2025,5191.11,6107.19
soybean,madhyapradesh,17-05-2025,5380.49,6329.99
soybean,madhyapradesh,14-06-2025,5319.14,6257.81
soybean,madhyapradesh,12-07-2025,5715.14,6723.69
soybean,madhyapradesh,09-08-2025,5909.73,6952.62
soybean,madhyapradesh,06-09-2025,5731.97,6743.5
soybean,madhyapradesh,04-10-2025,5876.18,6913.15
soybean,westbengal,01-01-2022,4734.22,5569.67
soybean,westbengal,29-01-2022,5003.91,5886.95
soybean,westbengal,26-02-2022,4934.84,5805.7
soybean,westbengal,26-03-2022,5017.88,5903.39
soybean,westbengal,23-04-2022,5209.27,6128.55
soybean,westbengal,21-05-2022,5317.09,6255.4
soybean,westbengal,18-06-2022,5260.25,6188.53
soybean,westbengal,16-07-2022,5300.5,6235.88
soybean,westbengal,13-08-2022,5505.85,6477.47
soybean,westbengal,10-09-2022,5473.47,6439.38
soybean,westbengal,08-10-2022,5244.85,6170.41
soybean,westbengal,05-11-2022,5360.96,6307.01
soybean,westbengal,03-12-2022,5710.69,6718.46
soybean,westbengal,31-12-2022,4984.77,5864.44
soybean,westbengal,28-01-2023,4748.7,5586.71
soybean,westbengal,25-02-2023,4825.28,5676.8
soybean,westbengal,25-03-2023,5181.8,6096.24
soybean,westbengal,22-04-2023,4831.12,5683.67
soybean,westbengal,20-05-2023,5256.61,6184.25
soybean,westbengal,17-06-2023,5383.18,6333.15
soybean,westbengal,15-07-2023,5061.69,5954.93
soybean,westbengal,12-08-2023,5272.81,6203.31
soybean,westbengal,09-09-2023,5115.08,6017.74
soybean,westbengal,07-10-2023,5630.26,6623.83
soybean,westbengal,04-11-2023,5585.82,6571.55
soybean,westbengal,02-12-2023,5495.11,6464.84
soybean,westbengal,30-12-2023,4764.51,5605.3
soybean,westbengal,27-01-2024,4745.48,5582.92
soybean,westbengal,24-02-2024,5045.66,5936.07
soybean,westbengal,23-03-2024,5006.4,5889.88
soybean,westbengal,20-04-2024,5124.77,6029.14
soybean,westbengal,18-05-2024,5184.37,6099.26
soybean,westbengal,15-06-2024,5207.98,6127.03
soybean,westbengal,13-07-2024,5221.22,6142.61
soybean,westbengal,10-08-2024,5507.51,6479.42
soybean,westbengal,07-09-2024,5293.85,6228.06
soybean,westbengal,05-10-2024,5411.75,6366.77
soybean,westbengal,02-11-2024,5188.77,6104.43
soybean,westbengal,30-11-2024,5556.25,6536.77
soybean,westbengal,28-12-2024,4774.72,5617.32
soybean,westbengal,25-01-2025,4804.81,5652.72
soybean,westbengal,22-02-2025,5117.09,6020.1
soybean,westbengal,22-03-2025,4791.98,5637.62
soybean,westbengal,19-04-2025,5044.47,5934.67
soybean,westbengal,17-05-2025,5103.92,6004.61
soybean,westbengal,14-06-2025,4906.42,5772.26
soybean,westbengal,12-07-2025,5113.99,6016.46
soybean,westbengal,09-08-2025,5445.79,6406.81
soybean,westbengal,06-09-2025,5125.23,6029.68
soybean,westbengal,04-10-2025,5469.64,6434.87
soybean,bihar,01-01-2022,3969.64,4670.17
soybean,bihar,29-01-2022,3960.52,4659.43
soybean,bihar,26-02-2022,4159.65,4893.71
soybean,bihar,26-03-2022,4121.78,4849.15
soybean,bihar,23-04-2022,4165.57,4900.67
soybean,bihar,21-05-2022,4123.11,4850.72
soybean,bihar,18-06-2022,4260.63,5012.51
soybean,bihar,16-07-2022,4410.83,5189.21
soybean,bihar,13-08-2022,4479.99,5270.58
soybean,bihar,10-09-2022,4197.68,4938.45
soybean,bihar,08-10-2022,4348.27,5115.61
soybean,bihar,05-11-2022,4434.61,5217.19
soybean,bihar,03-12-2022,4544.11,5346.01
soybean,bihar,31-12-2022,3818.79,4492.69
soybean,bihar,28-01-2023,3960.55,4659.47
soybean,bihar,25-02-2023,4131.23,4860.27
soybean,bihar,25-03-2023,4209.84,4952.75
soybean,bihar,22-04-2023,3933.35,4627.47
soybean,bihar,20-05-2023,4143.26,4874.42
soybean,bihar,17-06-2023,4251.07,5001.26
soybean,bihar,15-07-2023,4145.45,4877.0
soybean,bihar,12-08-2023,4061.55,4778.3
soybean,bihar,09-09-2023,4368.08,5138.92
soybean,bihar,07-10-2023,4461.86,5249.25
soybean,bihar,04-11-2023,4355.07,5123.61
soybean,bihar,02-12-2023,4296.25,5054.41
soybean,bihar,30-12-2023,4070.05,4788.3
soybean,bihar,27-01-2024,3977.86,4679.83
soybean,bihar,24-02-2024,3993.39,4698.1
soybean,bihar,23-03-2024,4122.83,4850.39
soybean,bihar,20-04-2024,4173.3,4909.76
soybean,bihar,18-05-2024,4023.24,4733.22
soybean,bihar,15-06-2024,4217.75,4962.06
soybean,bihar,13-07-2024,4333.14,5097.81
soybean,bihar,10-08-2024,4135.28,4865.04
soybean,bihar,07-09-2024,4183.0,4921.18
soybean,bihar,05-10-2024,4434.47,5217.02
soybean,bihar,02-11-2024,4415.43,5194.62
soybean,bihar,30-11-2024,4296.17,5054.32
soybean,bihar,28-12-2024,3725.01,4382.36
soybean,bihar,25-01-2025,4108.55,4833.59
soybean,bihar,22-02-2025,4011.0,4718.82
soybean,bihar,22-03-2025,4210.95,4954.06
soybean,bihar,19-04-2025,4032.54,4744.17
soybean,bihar,17-05-2025,4088.76,4810.31
soybean,bihar,14-06-2025,4257.37,5008.67
soybean,bihar,12-07-2025,4071.13,4789.57
soybean,bihar,09-08-2025,4205.32,4947.44
soybean,bihar,06-09-2025,4146.11,4877.78
soybean,bihar,04-10-2025,4305.9,5065.77
soybean,odisha,01-01-2022,5213.32,6133.32
soybean,odisha,29-01-2022,5085.41,5982.84
soybean,odisha,26-02-2022,4985.84,5865.69
soybean,odisha,26-03-2022,5159.53,6070.03
soybean,odisha,23-04-2022,5129.38,6034.57
soybean,odisha,21-05-2022,5595.35,6582.76
soybean,odisha,18-06-2022,5470.67,6436.08
soybean,odisha,16-07-2022,5373.97,6322.32
soybean,odisha,13-08-2022,5663.28,6662.68
soybean,odisha,10-09-2022,5600.16,6588.42
soybean,odisha,08-10-2022,5378.53,6327.68
soybean,odisha,05-11-2022,5772.77,6791.5
soybean,odisha,03-12-2022,6053.14,7121.34
soybean,odisha,31-12-2022,4801.48,5648.8
soybean,odisha,28-01-2023,5021.06,5907.13
soybean,odisha,25-02-2023,4977.57,5855.97
soybean,odisha,25-03-2023,5452.46,6414.66
soybean,odisha,22-04-2023,5288.9,6222.24
soybean,odisha,20-05-2023,5071.87,5966.91
soybean,odisha,17-06-2023,5336.64,6278.4
soybean,odisha,15-07-2023,5203.54,6121.81
soybean,odisha,12-08-2023,5747.98,6762.33
soybean,odisha,09-09-2023,5622.22,6614.38
soybean,odisha,07-10-2023,5852.5,6885.29
soybean,odisha,04-11-2023,5972.45,7026.41
soybean,odisha,02-12-2023,5594.9,6582.23
soybean,odisha,30-12-2023,5083.64,5980.75
soybean,odisha,27-01-2024,4923.74,5792.64
soybean,odisha,24-02-2024,5003.24,5886.17
soybean,odisha,23-03-2024,5130.25,6035.59
soybean,odisha,20-04-2024,5469.78,6435.03
soybean,odisha,18-05-2024,5556.38,6536.92
soybean,odisha,15-06-2024,5452.69,6414.93
soybean,odisha,13-07-2024,5501.92,6472.85
soybean,odisha,10-08-2024,5740.41,6753.42
soybean,odisha,07-09-2024,5702.11,6708.37
soybean,odisha,05-10-2024,5863.97,6898.79
soybean,odisha,02-11-2024,5527.92,6503.43
soybean,odisha,30-11-2024,5572.01,6555.31
soybean,odisha,28-12-2024,5183.15,6097.82
soybean,odisha,25-01-2025,4846.73,5702.03
soybean,odisha,22-02-2025,4910.78,5777.39
soybean,odisha,22-03-2025,5230.47,6153.5
soybean,odisha,19-04-2025,5515.09,6488.34
soybean,odisha,17-05-2025,5571.37,6554.55
soybean,odisha,14-06-2025,5564.71,6546.72
soybean,odisha,12-07-2025,5358.65,6304.3
soybean,odisha,09-08-2025,5408.95,6363.47
soybean,odisha,06-09-2025,5502.49,6473.52
soybean,odisha,04-10-2025,5468.93,6434.04
mustard,karnataka,01-01-2022,1484.61,1746.6
mustard,karnataka,29-01-2022,1444.94,1699.93
mustard,karnataka,26-02-2022,1478.23,1739.1
mustard,karnataka,26-03-2022,1554.55,1828.88
mustard,karnataka,23-04-2022,1561.65,1837.23
mustard,karnataka,21-05-2022,1582.9,1862.24
mustard,karnataka,18-06-2022,1600.07,1882.44
mustard,karnataka,16-07-2022,1559.56,1834.78
mustard,karnataka,13-08-2022,1552.47,1826.44
mustard,karnataka,10-09-2022,1579.46,1858.19
mustard,karnataka,08-10-2022,1543.95,1816.41
mustard,karnataka,05-11-2022,1632.19,1920.22
mustard,karnataka,03-12-2022,1614.62,1899.55
mustard,karnataka,31-12-2022,1408.31,1656.83
mustard,karnataka,28-01-2023,1407.63,1656.03
mustard,karnataka,25-02-2023,1509.55,1775.94
mustard,karnataka,25-03-2023,1434.74,1687.93
mustard,karnataka,22-04-2023,1484.36,1746.3
mustard,karnataka,20-05-2023,1495.02,1758.85
mustard,karnataka,17-06-2023,1598.24,1880.28
mustard,karnataka,15-07-2023,1617.48,1902.92
mustard,karnataka,12-08-2023,1618.73,1904.39
mustard,karnataka,09-09-2023,1652.77,1944.44
mustard,karnataka,07-10-2023,1638.88,1928.09
mustard,karnataka,04-11-2023,1678.38,1974.57
mustard,karnataka,02-12-2023,1575.3,1853.3
mustard,karnataka,30-12-2023,1430.3,1682.71
mustard,karnataka,27-01-2024,1468.91,1728.13
mustard,karnataka,24-02-2024,1436.83,1690.39
mustard,karnataka,23-03-2024,1484.94,1746.99
mustard,karnataka,20-04-2024,1509.96,1776.42
mustard,karnataka,18-05-2024,1521.35,1789.82
mustard,karnataka,15-06-2024,1518.07,1785.97
mustard,karnataka,13-07-2024,1559.32,1834.49
mustard,karnataka,10-08-2024,1522.97,1791.73
mustard,karnataka,07-09-2024,1559.21,1834.36
mustard,karnataka,05-10-2024,1597.18,1879.03
mustard,karnataka,02-11-2024,1574.33,1852.15
mustard,karnataka,30-11-2024,1714.06,2016.54
mustard,karnataka,28-12-2024,1416.96,1667.01
mustard,karnataka,25-01-2025,1435.9,1689.3
mustard,karnataka,22-02-2025,1401.99,1649.4
mustard,karnataka,22-03-2025,1410.38,1659.27
mustard,karnataka,19-04-2025,1439.4,1693.41
mustard,karnataka,17-05-2025,1525.79,1795.05
mustard,karnataka,14-06-2025,1551.14,1824.87
mustard,karnataka,12-07-2025,1521.99,1790.58
mustard,karnataka,09-08-2025,1647.22,1937.9
mustard,karnataka,06-09-2025,1630.72,1918.49
mustard,karnataka,04-10-2025,1649.03,1940.03
mustard,tamilnadu,01-01-2022,1529.1,1798.94
mustard,tamilnadu,29-01-2022,1473.15,1733.12
mustard,tamilnadu,26-02-2022,1632.77,1920.9
mustard,tamilnadu,26-03-2022,1551.45,1825.23
mustard,tamilnadu,23-04-2022,1614.98,1899.98
mustard,tamilnadu,21-05-2022,1684.85,1982.18
mustard,tamilnadu,18-06-2022,1646.04,1936.52
mustard,tamilnadu,16-07-2022,1681.42,1978.14
mustard,tamilnadu,13-08-2022,1717.2,2020.23
mustard,tamilnadu,10-09-2022,1701.9,2002.24
mustard,tamilnadu,08-10-2022,1637.46,1926.42
mustard,tamilnadu,05-11-2022,1699.97,1999.96
mustard,tamilnadu,03-12-2022,1698.5,1998.23
mustard,tamilnadu,31-12-2022,1595.68,1877.27
mustard,tamilnadu,28-01-2023,1474.82,1735.08
mustard,tamilnadu,25-02-2023,1613.8,1898.59
mustard,tamilnadu,25-03-2023,1641.08,1930.68
mustard,tamilnadu,22-04-2023,1639.17,1928.44
mustard,tamilnadu,20-05-2023,1623.89,1910.46
mustard,tamilnadu,17-06-2023,1586.3,1866.23
mustard,tamilnadu,15-07-2023,1636.63,1925.45
mustard,tamilnadu,12-08-2023,1710.47,2012.32
mustard,tamilnadu,09-09-2023,1765.75,2077.35
mustard,tamilnadu,07-10-2023,1646.28,1936.8
mustard,tamilnadu,04-11-2023,1812.17,2131.96
mustard,tamilnadu,02-12-2023,1821.94,2143.46
mustard,tamilnadu,30-12-2023,1557.28,1832.1
mustard,tamilnadu,27-01-2024,1477.99,1738.81
mustard,tamilnadu,24-02-2024,1516.61,1784.25
mustard,tamilnadu,23-03-2024,1535.57,1806.55
mustard,tamilnadu,20-04-2024,1623.47,1909.96
mustard,tamilnadu,18-05-2024,1541.53,1813.57
mustard,tamilnadu,15-06-2024,1708.21,2009.66
mustard,tamilnadu,13-07-2024,1609.3,1893.3
mustard,tamilnadu,10-08-2024,1708.83,2010.39
mustard,tamilnadu,07-09-2024,1768.06,2080.07
mustard,tamilnadu,05-10-2024,1630.17,1917.85
mustard,tamilnadu,02-11-2024,1689.11,1987.19
mustard,tamilnadu,30-11-2024,1808.15,2127.23
mustard,tamilnadu,28-12-2024,1575.42,1853.43
mustard,tamilnadu,25-01-2025,1618.71,1904.36
mustard,tamilnadu,22-02-2025,1639.07,1928.32
mustard,tamilnadu,22-03-2025,1633.62,1921.91
mustard,tamilnadu,19-04-2025,1580.46,1859.36
mustard,tamilnadu,17-05-2025,1674.73,1970.27
mustard,tamilnadu,14-06-2025,1564.41,1840.48
mustard,tamilnadu,12-07-2025,1598.64,1880.75
mustard,tamilnadu,09-08-2025,1634.5,1922.94
mustard,tamilnadu,06-09-2025,1724.68,2029.03
mustard,tamilnadu,04-10-2025,1780.62,2094.85
mustard,andhrapradesh,01-01-2022,1385.53,1630.04
mustard,andhrapradesh,29-01-2022,1443.66,1698.42
mustard,andhrapradesh,26-02-2022,1427.94,1679.93
mustard,andhrapradesh,26-03-2022,1385.19,1629.63
mustard,andhrapradesh,23-04-2022,1499.17,1763.73
mustard,andhrapradesh,21-05-2022,1496.22,1760.26
mustard,andhrapradesh,18-06-2022,1445.17,1700.2
mustard,andhrapradesh,16-07-2022,1524.42,1793.44
mustard,andhrapradesh,13-08-2022,1500.39,1765.17
mustard,andhrapradesh,10-09-2022,1517.07,1784.79
mustard,andhrapradesh,08-10-2022,1513.1,1780.12
mustard,andhrapradesh,05-11-2022,1627.36,1914.54
mustard,andhrapradesh,03-12-2022,1631.87,1919.85
mustard,andhrapradesh,31-12-2022,1374.2,1616.71
mustard,andhrapradesh,28-01-2023,1406.94,1655.22
mustard,andhrapradesh,25-02-2023,1427.99,1679.99
mustard,andhrapradesh,25-03-2023,1412.39,1661.64
mustard,andhrapradesh,22-04-2023,1472.79,1732.69
mustard,andhrapradesh,20-05-2023,1454.2,1710.82
mustard,andhrapradesh,17-06-2023,1502.89,1768.11
mustard,andhrapradesh,15-07-2023,1454.52,1711.2
mustard,andhrapradesh,12-08-2023,1533.94,1804.64
mustard,andhrapradesh,09-09-2023,1471.41,1731.07
mustard,andhrapradesh,07-10-2023,1609.69,1893.75
mustard,andhrapradesh,04-11-2023,1562.81,1838.6
mustard,andhrapradesh,02-12-2023,1531.68,1801.98
mustard,andhrapradesh,30-12-2023,1352.08,1590.68
mustard,andhrapradesh,27-01-2024,1454.77,1711.49
mustard,andhrapradesh,24-02-2024,1375.81,1618.6
mustard,andhrapradesh,23-03-2024,1453.13,1709.57
mustard,andhrapradesh,20-04-2024,1506.68,1772.56
mustard,andhrapradesh,18-05-2024,1446.76,1702.07
mustard,andhrapradesh,15-06-2024,1484.16,1746.07
mustard,andhrapradesh,13-07-2024,1463.75,1722.06
mustard,andhrapradesh,10-08-2024,1523.73,1792.62
mustard,andhrapradesh,07-09-2024,1470.37,1729.85
mustard,andhrapradesh,05-10-2024,1488.55,1751.24
mustard,andhrapradesh,02-11-2024,1615.13,1900.15
mustard,andhrapradesh,30-11-2024,1642.51,1932.37
mustard,andhrapradesh,28-12-2024,1437.77,1691.49
mustard,andhrapradesh,25-01-2025,1400.61,1647.78
mustard,andhrapradesh,22-02-2025,1409.86,1658.66
mustard,andhrapradesh,22-03-2025,1374.09,1616.58
mustard,andhrapradesh,19-04-2025,1516.05,1783.59
mustard,andhrapradesh,17-05-2025,1457.1,1714.23
mustard,andhrapradesh,14-06-2025,1421.03,1671.8
mustard,andhrapradesh,12-07-2025,1455.37,1712.2
mustard,andhrapradesh,09-08-2025,1563.52,1839.44
mustard,andhrapradesh,06-09-2025,1482.0,1743.53
mustard,andhrapradesh,04-10-2025,1588.07,1868.32
mustard,telangana,01-01-2022,1542.07,1814.2
mustard,telangana,29-01-2022,1621.18,1907.27
mustard,telangana,26-02-2022,1612.4,1896.94
mustard,telangana,26-03-2022,1583.52,1862.97
mustard,telangana,23-04-2022,1678.05,1974.18
mustard,telangana,21-05-2022,1604.5,1887.65
mustard,telangana,18-06-2022,1775.2,2088.47
mustard,telangana,16-07-2022,1767.09,2078.93
mustard,telangana,13-08-2022,1686.77,1984.43
mustard,telangana,10-09-2022,1709.68,2011.39
mustard,telangana,08-10-2022,1747.99,2056.46
mustard,telangana,05-11-2022,1812.54,2132.4
mustard,telangana,03-12-2022,1901.53,2237.1
mustard,telangana,31-12-2022,1557.84,1832.75
mustard,telangana,28-01-2023,1674.88,1970.45
mustard,telangana,25-02-2023,1690.88,1989.27
mustard,telangana,25-03-2023,1617.58,1903.03
mustard,telangana,22-04-2023,1612.19,1896.69
mustard,telangana,20-05-2023,1705.92,2006.96
mustard,telangana,17-06-2023,1682.93,1979.92
mustard,telangana,15-07-2023,1661.46,1954.66
mustard,telangana,12-08-2023,1704.67,2005.5
mustard,telangana,09-09-2023,1683.83,1980.98
mustard,telangana,07-10-2023,1724.14,2028.4
mustard,telangana,04-11-2023,1745.13,2053.09
mustard,telangana,02-12-2023,1848.66,2174.89
mustard,telangana,30-12-2023,1573.27,1850.91
mustard,telangana,27-01-2024,1662.21,1955.54
mustard,telangana,24-02-2024,1552.58,1826.56
mustard,telangana,23-03-2024,1600.44,1882.87
mustard,telangana,20-04-2024,1666.68,1960.8
mustard,telangana,18-05-2024,1691.24,1989.69
mustard,telangana,15-06-2024,1640.75,1930.29
mustard,telangana,13-07-2024,1801.07,2118.9
mustard,telangana,10-08-2024,1663.75,1957.35
mustard,telangana,07-09-2024,1793.19,2109.64
mustard,telangana,05-10-2024,1764.37,2075.73
mustard,telangana,02-11-2024,1806.33,2125.09
mustard,telangana,30-11-2024,1841.48,2166.45
mustard,telangana,28-12-2024,1530.7,1800.82
mustard,telangana,25-01-2025,1672.06,1967.13
mustard,telangana,22-02-2025,1601.41,1884.01
mustard,telangana,22-03-2025,1583.64,1863.11
mustard,telangana,19-04-2025,1596.09,1877.75
mustard,telangana,17-05-2025,1636.89,1925.75
mustard,telangana,14-06-2025,1681.22,1977.9
mustard,telangana,12-07-2025,1731.97,2037.61
mustard,telangana,09-08-2025,1795.53,2112.39
mustard,telangana,06-09-2025,1807.97,2127.02
mustard,telangana,04-10-2025,1712.69,2014.93
mustard,kerala,01-01-2022,1285.0,1511.77
mustard,kerala,29-01-2022,1292.73,1520.86
mustard,kerala,26-02-2022,1244.98,1464.68
mustard,kerala,26-03-2022,1335.8,1571.53
mustard,kerala,23-04-2022,1386.76,1631.48
mustard,kerala,21-05-2022,1406.79,1655.05
mustard,kerala,18-06-2022,1383.43,1627.57
mustard,kerala,16-07-2022,1349.5,1587.65
mustard,kerala,13-08-2022,1411.54,1660.63
mustard,kerala,10-09-2022,1404.06,1651.84
mustard,kerala,08-10-2022,1462.39,1720.46
mustard,kerala,05-11-2022,1469.21,1728.48
mustard,kerala,03-12-2022,1475.07,1735.38
mustard,kerala,31-12-2022,1249.08,1469.51
mustard,kerala,28-01-2023,1347.24,1584.99
mustard,kerala,25-02-2023,1294.53,1522.98
mustard,kerala,25-03-2023,1371.42,1613.43
mustard,kerala,22-04-2023,1285.83,1512.74
mustard,kerala,20-05-2023,1352.77,1591.5
mustard,kerala,17-06-2023,1344.62,1581.9
mustard,kerala,15-07-2023,1330.46,1565.25
mustard,kerala,12-08-2023,1414.47,1664.08
mustard,kerala,09-09-2023,1365.21,1606.13
mustard,kerala,07-10-2023,1493.69,1757.28
mustard,kerala,04-11-2023,1514.84,1782.16
mustard,kerala,02-12-2023,1514.36,1781.6
mustard,kerala,30-12-2023,1251.99,1472.93
mustard,kerala,27-01-2024,1223.02,1438.85
mustard,kerala,24-02-2024,1340.1,1576.59
mustard,kerala,23-03-2024,1269.35,1493.35
mustard,kerala,20-04-2024,1326.7,1560.82
mustard,kerala,18-05-2024,1376.26,1619.13
mustard,kerala,15-06-2024,1369.35,1611.0
mustard,kerala,13-07-2024,1341.85,1578.65
mustard,kerala,10-08-2024,1381.7,1625.53
mustard,kerala,07-09-2024,1459.17,1716.67
mustard,kerala,05-10-2024,1406.01,1654.13
mustard,kerala,02-11-2024,1506.57,1772.44
mustard,kerala,30-11-2024,1447.14,1702.52
mustard,kerala,28-12-2024,1258.29,1480.34
mustard,kerala,25-01-2025,1314.54,1546.52
mustard,kerala,22-02-2025,1293.09,1521.28
mustard,kerala,22-03-2025,1301.53,1531.21
mustard,kerala,19-04-2025,1313.86,1545.72
mustard,kerala,17-05-2025,1324.41,1558.13
mustard,kerala,14-06-2025,1349.9,1588.12
mustard,kerala,12-07-2025,1410.32,1659.2
mustard,kerala,09-08-2025,1354.3,1593.3
mustard,kerala,06-09-2025,1371.23,1613.21
mustard,kerala,04-10-2025,1382.89,1626.93
mustard,maharashtra,01-01-2022,1299.38,1528.68
mustard,maharashtra,29-01-2022,1288.4,1515.77
mustard,maharashtra,26-02-2022,1299.09,1528.34
mustard,maharashtra,26-03-2022,1351.47,1589.97
mustard,maharashtra,23-04-2022,1321.42,1554.61
mustard,maharashtra,21-05-2022,1365.83,1606.86
mustard,maharashtra,18-06-2022,1333.96,1569.37
mustard,maharashtra,16-07-2022,1381.56,1625.37
mustard,maharashtra,13-08-2022,1338.11,1574.25
mustard,maharashtra,10-09-2022,1343.23,1580.27
mustard,maharashtra,08-10-2022,1353.69,1592.58
mustard,maharashtra,05-11-2022,1446.13,1701.33
mustard,maharashtra,03-12-2022,1411.31,1660.37
mustard,maharashtra,31-12-2022,1294.27,1522.67
mustard,maharashtra,28-01-2023,1303.02,1532.97
mustard,maharashtra,25-02-2023,1299.69,1529.05
mustard,maharashtra,25-03-2023,1241.09,1460.11
mustard,maharashtra,22-04-2023,1277.88,1503.39
mustard,maharashtra,20-05-2023,1337.58,1573.62
mustard,maharashtra,17-06-2023,1300.11,1529.54
mustard,maharashtra,15-07-2023,1346.19,1583.75
mustard,maharashtra,12-08-2023,1379.98,1623.51
mustard,maharashtra,09-09-2023,1348.66,1586.66
mustard,maharashtra,07-10-2023,1400.79,1647.99
mustard,maharashtra,04-11-2023,1452.08,1708.33
mustard,maharashtra,02-12-2023,1423.65,1674.88
mustard,maharashtra,30-12-2023,1273.5,1498.23
mustard,maharashtra,27-01-2024,1239.45,1458.18
mustard,maharashtra,24-02-2024,1315.4,1547.53
mustard,maharashtra,23-03-2024,1307.68,1538.45
mustard,maharashtra,20-04-2024,1269.82,1493.9
mustard,maharashtra,18-05-2024,1317.64,1550.17
mustard,maharashtra,15-06-2024,1384.28,1628.56
mustard,maharashtra,13-07-2024,1320.79,1553.87
mustard,maharashtra,10-08-2024,1365.36,1606.3
mustard,maharashtra,07-09-2024,1388.82,1633.91
mustard,maharashtra,05-10-2024,1460.67,1718.44
mustard,maharashtra,02-11-2024,1371.82,1613.91
mustard,maharashtra,30-11-2024,1502.18,1767.27
mustard,maharashtra,28-12-2024,1229.56,1446.54
mustard,maharashtra,25-01-2025,1323.12,1556.61
mustard,maharashtra,22-02-2025,1298.25,1527.35
mustard,maharashtra,22-03-2025,1330.03,1564.74
mustard,maharashtra,19-04-2025,1364.51,1605.31
mustard,maharashtra,17-05-2025,1354.14,1593.11
mustard,maharashtra,14-06-2025,1384.96,1629.36
mustard,maharashtra,12-07-2025,1305.53,1535.92
mustard,maharashtra,09-08-2025,1309.89,1541.05
mustard,maharashtra,06-09-2025,1443.67,1698.43
mustard,maharashtra,04-10-2025,1345.81,1583.31
mustard,gujarat,01-01-2022,1577.87,1856.32
mustard,gujarat,29-01-2022,1693.36,1992.19
mustard,gujarat,26-02-2022,1599.06,1881.25
mustard,gujarat,26-03-2022,1609.78,1893.86
mustard,gujarat,23-04-2022,1639.68,1929.03
mustard,gujarat,21-05-2022,1766.38,2078.09
mustard,gujarat,18-06-2022,1704.55,2005.35
mustard,gujarat,16-07-2022,1819.84,2140.99
mustard,gujarat,13-08-2022,1783.1,2097.77
mustard,gujarat,10-09-2022,1847.11,2173.07
mustard,gujarat,08-10-2022,1803.96,2122.3
mustard,gujarat,05-11-2022,1865.75,2195.0
mustard,gujarat,03-12-2022,1809.71,2129.07
mustard,gujarat,31-12-2022,1543.82,1816.26
mustard,gujarat,28-01-2023,1638.03,1927.09
mustard,gujarat,25-02-2023,1714.06,2016.54
mustard,gujarat,25-03-2023,1610.02,1894.14
mustard,gujarat,22-04-2023,1673.8,1969.18
mustard,gujarat,20-05-2023,1713.69,2016.11
mustard,gujarat,17-06-2023,1748.68,2057.27
mustard,gujarat,15-07-2023,1688.55,1986.53
mustard,gujarat,12-08-2023,1777.61,2091.3
mustard,gujarat,09-09-2023,1782.96,2097.6
mustard,gujarat,07-10-2023,1895.87,2230.43
mustard,gujarat,04-11-2023,1863.25,2192.06
mustard,gujarat,02-12-2023,1923.19,2262.58
mustard,gujarat,30-12-2023,1684.45,1981.71
mustard,gujarat,27-01-2024,1654.63,1946.62
mustard,gujarat,24-02-2024,1589.77,1870.32
mustard,gujarat,23-03-2024,1658.88,1951.62
mustard,gujarat,20-04-2024,1731.28,2036.8
mustard,gujarat,18-05-2024,1645.93,1936.39
mustard,gujarat,15-06-2024,1707.66,2009.01
mustard,gujarat,13-07-2024,1727.2,2032.0
mustard,gujarat,10-08-2024,1710.07,2011.85
mustard,gujarat,07-09-2024,1702.56,2003.01
mustard,gujarat,05-10-2024,1842.49,2167.63
mustard,gujarat,02-11-2024,1886.66,2219.6
mustard,gujarat,30-11-2024,1928.24,2268.52
mustard,gujarat,28-12-2024,1621.55,1907.7
mustard,gujarat,25-01-2025,1576.15,1854.3
mustard,gujarat,22-02-2025,1712.94,2015.22
mustard,gujarat,22-03-2025,1746.51,2054.72
mustard,gujarat,19-04-2025,1763.51,2074.72
mustard,gujarat,17-05-2025,1719.58,2023.04
mustard,gujarat,14-06-2025,1794.88,2111.62
mustard,gujarat,12-07-2025,1833.58,2157.15
mustard,gujarat,09-08-2025,1836.7,2160.82
mustard,gujarat,06-09-2025,1711.3,2013.3
mustard,gujarat,04-10-2025,1742.44,2049.93
mustard,rajasthan,01-01-2022,1295.61,1524.25
mustard,rajasthan,29-01-2022,1279.41,1505.19
mustard,rajasthan,26-02-2022,1408.37,1656.91
mustard,rajasthan,26-03-2022,1398.08,1644.8
mustard,rajasthan,23-04-2022,1398.11,1644.84
mustard,rajasthan,21-05-2022,1455.44,1712.28
mustard,rajasthan,18-06-2022,1382.32,1626.26
mustard,rajasthan,16-07-2022,1454.0,1710.59
mustard,rajasthan,13-08-2022,1504.87,1770.43
mustard,rajasthan,10-09-2022,1395.84,1642.16
mustard,rajasthan,08-10-2022,1488.04,1750.64
mustard,rajasthan,05-11-2022,1533.81,1804.48
mustard,rajasthan,03-12-2022,1432.69,1685.52
mustard,rajasthan,31-12-2022,1360.76,1600.89
mustard,rajasthan,28-01-2023,1314.98,1547.03
mustard,rajasthan,25-02-2023,1297.8,1526.82
mustard,rajasthan,25-03-2023,1406.27,1654.44
mustard,rajasthan,22-04-2023,1332.55,1567.7
mustard,rajasthan,20-05-2023,1360.65,1600.77
mustard,rajasthan,17-06-2023,1410.44,1659.34
mustard,rajasthan,15-07-2023,1483.12,1744.85
mustard,rajasthan,12-08-2023,1438.74,1692.63
mustard,rajasthan,09-09-2023,1515.68,1783.15
mustard,rajasthan,07-10-2023,1406.92,1655.2
mustard,rajasthan,04-11-2023,1450.34,1706.28
mustard,rajasthan,02-12-2023,1476.46,1737.01
mustard,rajasthan,30-12-2023,1302.86,1532.78
mustard,rajasthan,27-01-2024,1316.99,1549.4
mustard,rajasthan,24-02-2024,1280.53,1506.51
mustard,rajasthan,23-03-2024,1392.52,1638.26
mustard,rajasthan,20-04-2024,1410.6,1659.53
mustard,rajasthan,18-05-2024,1385.39,1629.87
mustard,rajasthan,15-06-2024,1348.47,1586.44
mustard,rajasthan,13-07-2024,1431.2,1683.76
mustard,rajasthan,10-08-2024,1387.04,1631.81
mustard,rajasthan,07-09-2024,1526.23,1795.56
mustard,rajasthan,05-10-2024,1491.19,1754.34
mustard,rajasthan,02-11-2024,1524.18,1793.15
mustard,rajasthan,30-11-2024,1433.18,1686.1
mustard,rajasthan,28-12-2024,1293.92,1522.26
mustard,rajasthan,25-01-2025,1379.52,1622.96
mustard,rajasthan,22-02-2025,1326.11,1560.13
mustard,rajasthan,22-03-2025,1295.51,1524.13
mustard,rajasthan,19-04-2025,1398.52,1645.32
mustard,rajasthan,17-05-2025,1418.61,1668.95
mustard,rajasthan,14-06-2025,1384.42,1628.73
mustard,rajasthan,12-07-2025,1467.06,1725.95
mustard,rajasthan,09-08-2025,1491.16,1754.31
mustard,rajasthan,06-09-2025,1497.95,1762.29
mustard,rajasthan,04-10-2025,1459.23,1716.74
mustard,punjab,01-01-2022,1391.25,1636.76
mustard,punjab,29-01-2022,1378.41,1621.66
mustard,punjab,26-02-2022,1372.63,1614.86
mustard,punjab,26-03-2022,1380.55,1624.18
mustard,punjab,23-04-2022,1366.08,1607.15
mustard,punjab,21-05-2022,1473.84,1733.93
mustard,punjab,18-06-2022,1491.92,1755.2
mustard,punjab,16-07-2022,1388.42,1633.44
mustard,punjab,13-08-2022,1489.54,1752.4
mustard,punjab,10-09-2022,1454.93,1711.68
mustard,punjab,08-10-2022,1499.74,1764.4
mustard,punjab,05-11-2022,1456.49,1713.52
mustard,punjab,03-12-2022,1579.26,1857.95
mustard,punjab,31-12-2022,1373.04,1615.34
mustard,punjab,28-01-2023,1295.86,1524.54
mustard,punjab,25-02-2023,1307.37,1538.08
mustard,punjab,25-03-2023,1364.6,1605.41
mustard,punjab,22-04-2023,1350.32,1588.61
mustard,punjab,20-05-2023,1458.0,1715.29
mustard,punjab,17-06-2023,1471.89,1731.63
mustard,punjab,15-07-2023,1501.25,1766.18
mustard,punjab,12-08-2023,1393.35,1639.23
mustard,punjab,09-09-2023,1409.71,1658.48
mustard,punjab,07-10-2023,1544.42,1816.97
mustard,punjab,04-11-2023,1571.12,1848.38
mustard,punjab,02-12-2023,1549.65,1823.12
mustard,punjab,30-12-2023,1286.44,1513.46
mustard,punjab,27-01-2024,1365.87,1606.91
mustard,punjab,24-02-2024,1416.18,1666.1
mustard,punjab,23-03-2024,1376.68,1619.62
mustard,punjab,20-04-2024,1450.94,1706.99
mustard,punjab,18-05-2024,1455.83,1712.74
mustard,punjab,15-06-2024,1375.51,1618.25
mustard,punjab,13-07-2024,1393.81,1639.78
mustard,punjab,10-08-2024,1495.1,1758.94
mustard,punjab,07-09-2024,1437.28,1690.92
mustard,punjab,05-10-2024,1535.3,1806.23
mustard,punjab,02-11-2024,1451.59,1707.75
mustard,punjab,30-11-2024,1469.12,1728.38
mustard,punjab,28-12-2024,1392.38,1638.09
mustard,punjab,25-01-2025,1281.94,1508.16
mustard,punjab,22-02-2025,1405.3,1653.29
mustard,punjab,22-03-2025,1345.2,1582.59
mustard,punjab,19-04-2025,1335.77,1571.5
mustard,punjab,17-05-2025,1355.81,1595.07
mustard,punjab,14-06-2025,1406.23,1654.39
mustard,punjab,12-07-2025,1452.82,1709.2
mustard,punjab,09-08-2025,1461.68,1719.62
mustard,punjab,06-09-2025,1436.95,1690.53
mustard,punjab,04-10-2025,1571.54,1848.87
mustard,haryana,01-01-2022,1428.15,1680.18
mustard,haryana,29-01-2022,1461.19,1719.05
mustard,haryana,26-02-2022,1537.85,1809.23
mustard,haryana,26-03-2022,1585.45,1865.23
mustard,haryana,23-04-2022,1480.09,1741.28
mustard,haryana,21-05-2022,1517.05,1784.76
mustard,haryana,18-06-2022,1506.55,1772.41
mustard,haryana,16-07-2022,1551.22,1824.96
mustard,haryana,13-08-2022,1572.56,1850.07
mustard,haryana,10-09-2022,1581.57,1860.67
mustard,haryana,08-10-2022,1665.32,1959.2
mustard,haryana,05-11-2022,1756.02,2065.9
mustard,haryana,03-12-2022,1729.04,2034.17
mustard,haryana,31-12-2022,1504.35,1769.82
mustard,haryana,28-01-2023,1429.5,1681.77
mustard,haryana,25-02-2023,1463.93,1722.27
mustard,haryana,25-03-2023,1502.3,1767.41
mustard,haryana,22-04-2023,1624.16,1910.78
mustard,haryana,20-05-2023,1513.52,1780.61
mustard,haryana,17-06-2023,1606.24,1889.69
mustard,haryana,15-07-2023,1617.98,1903.51
mustard,haryana,12-08-2023,1638.04,1927.11
mustard,haryana,09-09-2023,1641.06,1930.66
mustard,haryana,07-10-2023,1622.77,1909.14
mustard,haryana,04-11-2023,1664.43,1958.15
mustard,haryana,02-12-2023,1750.14,2058.99
mustard,haryana,30-12-2023,1509.15,1775.47
mustard,haryana,27-01-2024,1497.39,1761.64
mustard,haryana,24-02-2024,1534.62,1805.44
mustard,haryana,23-03-2024,1601.22,1883.79
mustard,haryana,20-04-2024,1509.57,1775.96
mustard,haryana,18-05-2024,1606.23,1889.68
mustard,haryana,15-06-2024,1515.8,1783.29
mustard,haryana,13-07-2024,1533.09,1803.63
mustard,haryana,10-08-2024,1596.32,1878.02
mustard,haryana,07-09-2024,1678.16,1974.31
mustard,haryana,05-10-2024,1678.23,1974.39
mustard,haryana,02-11-2024,1730.02,2035.32
mustard,haryana,30-11-2024,1623.94,1910.52
mustard,haryana,28-12-2024,1513.42,1780.5
mustard,haryana,25-01-2025,1525.1,1794.23
mustard,haryana,22-02-2025,1437.48,1691.15
mustard,haryana,22-03-2025,1566.97,1843.5
mustard,haryana,19-04-2025,1484.26,1746.19
mustard,haryana,17-05-2025,1580.2,1859.06
mustard,haryana,14-06-2025,1650.77,1942.08
mustard,haryana,12-07-2025,1580.97,1859.97
mustard,haryana,09-08-2025,1650.94,1942.28
mustard,haryana,06-09-2025,1669.19,1963.75
mustard,haryana,04-10-2025,1586.36,1866.31
mustard,uttarpradesh,01-01-2022,1333.0,1568.24
mustard,uttarpradesh,29-01-2022,1298.87,1528.08
mustard,uttarpradesh,26-02-2022,1353.37,1592.2
mustard,uttarpradesh,26-03-2022,1334.84,1570.4
mustard,uttarpradesh,23-04-2022,1353.49,1592.34
mustard,uttarpradesh,21-05-2022,1405.7,1653.76
mustard,uttarpradesh,18-06-2022,1359.85,1599.82
mustard,uttarpradesh,16-07-2022,1471.74,1731.46
mustard,uttarpradesh,13-08-2022,1373.95,1616.41
mustard,uttarpradesh,10-09-2022,1446.45,1701.71
mustard,uttarpradesh,08-10-2022,1383.72,1627.9
mustard,uttarpradesh,05-11-2022,1444.54,1699.46
mustard,uttarpradesh,03-12-2022,1476.99,1737.64
mustard,uttarpradesh,31-12-2022,1284.27,1510.9
mustard,uttarpradesh,28-01-2023,1360.56,1600.66
mustard,uttarpradesh,25-02-2023,1367.16,1608.42
mustard,uttarpradesh,25-03-2023,1400.62,1647.79
mustard,uttarpradesh,22-04-2023,1348.61,1586.6
mustard,uttarpradesh,20-05-2023,1424.28,1675.62
mustard,uttarpradesh,17-06-2023,1379.07,1622.44
mustard,uttarpradesh,15-07-2023,1351.61,1590.13
mustard,uttarpradesh,12-08-2023,1453.39,1709.87
mustard,uttarpradesh,09-09-2023,1422.42,1673.43
mustard,uttarpradesh,07-10-2023,1381.07,1624.79
mustard,uttarpradesh,04-11-2023,1413.24,1662.64
mustard,uttarpradesh,02-12-2023,1455.02,1711.79
mustard,uttarpradesh,30-12-2023,1352.35,1591.0
mustard,uttarpradesh,27-01-2024,1322.54,1555.93
mustard,uttarpradesh,24-02-2024,1308.08,1538.92
mustard,uttarpradesh,23-03-2024,1272.44,1496.99
mustard,uttarpradesh,20-04-2024,1392.97,1638.79
mustard,uttarpradesh,18-05-2024,1391.77,1637.38
mustard,uttarpradesh,15-06-2024,1340.36,1576.89
mustard,uttarpradesh,13-07-2024,1414.81,1664.48
mustard,uttarpradesh,10-08-2024,1373.05,1615.35
mustard,uttarpradesh,07-09-2024,1375.84,1618.64
mustard,uttarpradesh,05-10-2024,1434.26,1687.37
mustard,uttarpradesh,02-11-2024,1414.77,1664.44
mustard,uttarpradesh,30-11-2024,1458.07,1715.38
mustard,uttarpradesh,28-12-2024,1227.54,1444.17
mustard,uttarpradesh,25-01-2025,1291.23,1519.09
mustard,uttarpradesh,22-02-2025,1295.41,1524.01
mustard,uttarpradesh,22-03-2025,1398.33,1645.1
mustard,uttarpradesh,19-04-2025,1360.21,1600.25
mustard,uttarpradesh,17-05-2025,1332.32,1567.44
mustard,uttarpradesh,14-06-2025,1383.83,1628.04
mustard,uttarpradesh,12-07-2025,1433.14,1686.05
mustard,uttarpradesh,09-08-2025,1408.34,1656.87
mustard,uttarpradesh,06-09-2025,1498.09,1762.46
mustard,uttarpradesh,04-10-2025,1400.7,1647.88
mustard,madhyapradesh,01-01-2022,1597.25,1879.12
mustard,madhyapradesh,29-01-2022,1769.7,2082.0
mustard,madhyapradesh,26-02-2022,1638.32,1927.43
mustard,madhyapradesh,26-03-2022,1702.69,2003.17
mustard,madhyapradesh,23-04-2022,1750.08,2058.92
mustard,madhyapradesh,21-05-2022,1737.61,2044.25
mustard,madhyapradesh,18-06-2022,1748.29,2056.81
mustard,madhyapradesh,16-07-2022,1897.23,2232.04
mustard,madhyapradesh,13-08-2022,1893.32,2227.44
mustard,madhyapradesh,10-09-2022,1842.83,2168.04
mustard,madhyapradesh,08-10-2022,1787.69,2103.17
mustard,madhyapradesh,05-11-2022,1863.58,2192.45
mustard,madhyapradesh,03-12-2022,1855.32,2182.73
mustard,madhyapradesh,31-12-2022,1692.6,1991.29
mustard,madhyapradesh,28-01-2023,1722.78,2026.8
mustard,madhyapradesh,25-02-2023,1700.33,2000.39
mustard,madhyapradesh,25-03-2023,1667.78,1962.1
mustard,madhyapradesh,22-04-2023,1689.16,1987.25
mustard,madhyapradesh,20-05-2023,1736.3,2042.7
mustard,madhyapradesh,17-06-2023,1836.21,2160.25
mustard,madhyapradesh,15-07-2023,1872.49,2202.93
mustard,madhyapradesh,12-08-2023,1904.44,2240.52
mustard,madhyapradesh,09-09-2023,1834.14,2157.81
mustard,madhyapradesh,07-10-2023,1967.62,2314.85
mustard,madhyapradesh,04-11-2023,1817.05,2137.71
mustard,madhyapradesh,02-12-2023,1910.74,2247.93
mustard,madhyapradesh,30-12-2023,1656.94,1949.34
mustard,madhyapradesh,27-01-2024,1642.5,1932.35
mustard,madhyapradesh,24-02-2024,1682.72,1979.67
mustard,madhyapradesh,23-03-2024,1687.12,1984.85
mustard,madhyapradesh,20-04-2024,1819.4,2140.47
mustard,madhyapradesh,18-05-2024,1741.73,2049.1
mustard,madhyapradesh,15-06-2024,1870.51,2200.6
mustard,madhyapradesh,13-07-2024,1902.54,2238.28
mustard,madhyapradesh,10-08-2024,1890.24,2223.81
mustard,madhyapradesh,07-09-2024,1868.6,2198.35
mustard,madhyapradesh,05-10-2024,1893.73,2227.92
mustard,madhyapradesh,02-11-2024,1867.96,2197.6
mustard,madhyapradesh,30-11-2024,1862.2,2190.82
mustard,madhyapradesh,28-12-2024,1608.51,1892.36
mustard,madhyapradesh,25-01-2025,1661.5,1954.71
mustard,madhyapradesh,22-02-2025,1735.21,2041.42
mustard,madhyapradesh,22-03-2025,1814.99,2135.28
mustard,madhyapradesh,19-04-2025,1706.62,2007.79
mustard,madhyapradesh,17-05-2025,1791.49,2107.63
mustard,madhyapradesh,14-06-2025,1748.63,2057.21
mustard,madhyapradesh,12-07-2025,1874.77,2205.61
mustard,madhyapradesh,09-08-2025,1835.44,2159.34
mustard,madhyapradesh,06-09-2025,1852.75,2179.71
mustard,madhyapradesh,04-10-2025,1788.9,2104.59
mustard,westbengal,01-01-2022,1365.85,1606.88
mustard,westbengal,29-01-2022,1477.22,1737.91
mustard,westbengal,26-02-2022,1476.95,1737.59
mustard,westbengal,26-03-2022,1414.85,1664.53
mustard,westbengal,23-04-2022,1493.08,1756.56
mustard,westbengal,21-05-2022,1527.7,1797.3
mustard,westbengal,18-06-2022,1589.75,1870.29
mustard,westbengal,16-07-2022,1618.63,1904.27
mustard,westbengal,13-08-2022,1528.83,1798.62
mustard,westbengal,10-09-2022,1575.21,1853.19
mustard,westbengal,08-10-2022,1645.38,1935.74
mustard,westbengal,05-11-2022,1665.87,1959.85
mustard,westbengal,03-12-2022,1599.85,1882.18
mustard,westbengal,31-12-2022,1372.61,1614.83
mustard,westbengal,28-01-2023,1491.28,1754.45
mustard,westbengal,25-02-2023,1394.59,1640.69
mustard,westbengal,25-03-2023,1439.25,1693.24
mustard,westbengal,22-04-2023,1514.32,1781.55
mustard,westbengal,20-05-2023,1486.05,1748.3
mustard,westbengal,17-06-2023,1579.64,1858.4
mustard,westbengal,15-07-2023,1545.0,1817.65
mustard,westbengal,12-08-2023,1510.06,1776.54
mustard,westbengal,09-09-2023,1547.23,1820.27
mustard,westbengal,07-10-2023,1572.15,1849.59
mustard,westbengal,04-11-2023,1697.27,1996.79
mustard,westbengal,02-12-2023,1653.62,1945.44
mustard,westbengal,30-12-2023,1428.58,1680.68
mustard,westbengal,27-01-2024,1487.88,1750.45
mustard,westbengal,24-02-2024,1480.2,1741.41
mustard,westbengal,23-03-2024,1544.27,1816.79
mustard,westbengal,20-04-2024,1509.01,1775.31
mustard,westbengal,18-05-2024,1454.77,1711.5
mustard,westbengal,15-06-2024,1565.66,1841.95
mustard,westbengal,13-07-2024,1584.14,1863.7
mustard,westbengal,10-08-2024,1517.7,1785.53
mustard,westbengal,07-09-2024,1630.52,1918.26
mustard,westbengal,05-10-2024,1566.13,1842.51
mustard,westbengal,02-11-2024,1665.78,1959.74
mustard,westbengal,30-11-2024,1623.87,1910.44
mustard,westbengal,28-12-2024,1468.76,1727.95
mustard,westbengal,25-01-2025,1370.68,1612.56
mustard,westbengal,22-02-2025,1424.05,1675.35
mustard,westbengal,22-03-2025,1424.12,1675.43
mustard,westbengal,19-04-2025,1423.49,1674.69
mustard,westbengal,17-05-2025,1535.12,1806.02
mustard,westbengal,14-06-2025,1570.09,1847.16
mustard,westbengal,12-07-2025,1482.49,1744.11
mustard,westbengal,09-08-2025,1559.96,1835.25
mustard,westbengal,06-09-2025,1648.09,1938.93
mustard,westbengal,04-10-2025,1544.55,1817.12
mustard,bihar,01-01-2022,1493.68,1757.27
mustard,bihar,29-01-2022,1518.12,1786.02
mustard,bihar,26-02-2022,1561.88,1837.51
mustard,bihar,26-03-2022,1480.62,1741.9
mustard,bihar,23-04-2022,1524.27,1793.26
mustard,bihar,21-05-2022,1542.76,1815.01
mustard,bihar,18-06-2022,1629.59,1917.16
mustard,bihar,16-07-2022,1607.64,1891.34
mustard,bihar,13-08-2022,1578.64,1857.22
mustard,bihar,10-09-2022,1590.86,1871.6
mustard,bihar,08-10-2022,1746.97,2055.26
mustard,bihar,05-11-2022,1625.77,1912.67
mustard,bihar,03-12-2022,1770.63,2083.1
mustard,bihar,31-12-2022,1493.28,1756.8
mustard,bihar,28-01-2023,1484.27,1746.2
mustard,bihar,25-02-2023,1494.4,1758.12
mustard,bihar,25-03-2023,1575.04,1852.99
mustard,bihar,22-04-2023,1567.41,1844.01
mustard,bihar,20-05-2023,1598.46,1880.54
mustard,bihar,17-06-2023,1620.02,1905.9
mustard,bihar,15-07-2023,1598.31,1880.36
mustard,bihar,12-08-2023,1605.39,1888.69
mustard,bihar,09-09-2023,1707.77,2009.14
mustard,bihar,07-10-2023,1593.0,1874.12
mustard,bihar,04-11-2023,1652.63,1944.27
mustard,bihar,02-12-2023,1719.03,2022.39
mustard,bihar,30-12-2023,1495.65,1759.59
mustard,bihar,27-01-2024,1561.65,1837.23
mustard,bihar,24-02-2024,1454.91,1711.66
mustard,bihar,23-03-2024,1574.54,1852.4
mustard,bihar,20-04-2024,1502.18,1767.27
mustard,bihar,18-05-2024,1509.29,1775.64
mustard,bihar,15-06-2024,1527.65,1797.24
mustard,bihar,13-07-2024,1558.9,1834.0
mustard,bihar,10-08-2024,1637.43,1926.39
mustard,bihar,07-09-2024,1724.96,2029.36
mustard,bihar,05-10-2024,1626.49,1913.52
mustard,bihar,02-11-2024,1732.32,2038.02
mustard,bihar,30-11-2024,1788.49,2104.11
mustard,bihar,28-12-2024,1461.43,1719.33
mustard,bihar,25-01-2025,1490.87,1753.96
mustard,bihar,22-02-2025,1560.72,1836.14
mustard,bihar,22-03-2025,1539.89,1811.64
mustard,bihar,19-04-2025,1566.63,1843.09
mustard,bihar,17-05-2025,1582.01,1861.19
mustard,bihar,14-06-2025,1619.29,1905.05
mustard,bihar,12-07-2025,1598.38,1880.45
mustard,bihar,09-08-2025,1577.35,1855.7
mustard,bihar,06-09-2025,1705.58,2006.57
mustard,bihar,04-10-2025,1723.29,2027.4
mustard,odisha,01-01-2022,1336.21,1572.01
mustard,odisha,29-01-2022,1464.91,1723.42
mustard,odisha,26-02-2022,1390.28,1635.62
mustard,odisha,26-03-2022,1404.1,1651.88
mustard,odisha,23-04-2022,1480.14,1741.34
mustard,odisha,21-05-2022,1484.87,1746.91
mustard,odisha,18-06-2022,1426.84,1678.64
mustard,odisha,16-07-2022,1562.84,1838.63
mustard,odisha,13-08-2022,1486.41,1748.72
mustard,odisha,10-09-2022,1474.96,1735.25
mustard,odisha,08-10-2022,1519.11,1787.19
mustard,odisha,05-11-2022,1538.12,1809.55
mustard,odisha,03-12-2022,1542.2,1814.35
mustard,odisha,31-12-2022,1441.17,1695.49
mustard,odisha,28-01-2023,1407.1,1655.41
mustard,odisha,25-02-2023,1399.13,1646.04
mustard,odisha,25-03-2023,1478.58,1739.51
mustard,odisha,22-04-2023,1483.86,1745.72
mustard,odisha,20-05-2023,1405.38,1653.39
mustard,odisha,17-06-2023,1533.35,1803.94
mustard,odisha,15-07-2023,1509.85,1776.29
mustard,odisha,12-08-2023,1554.28,1828.57
mustard,odisha,09-09-2023,1576.16,1854.31
mustard,odisha,07-10-2023,1570.85,1848.06
mustard,odisha,04-11-2023,1507.69,1773.75
mustard,odisha,02-12-2023,1612.02,1896.5
mustard,odisha,30-12-2023,1349.21,1587.31
mustard,odisha,27-01-2024,1418.66,1669.01
mustard,odisha,24-02-2024,1354.15,1593.12
mustard,odisha,23-03-2024,1470.78,1730.33
mustard,odisha,20-04-2024,1470.92,1730.5
mustard,odisha,18-05-2024,1456.88,1713.98
mustard,odisha,15-06-2024,1553.22,1827.32
mustard,odisha,13-07-2024,1460.28,1717.98
mustard,odisha,10-08-2024,1484.47,1746.43
mustard,odisha,07-09-2024,1551.29,1825.05
mustard,odisha,05-10-2024,1627.93,1915.21
mustard,odisha,02-11-2024,1618.96,1904.66
mustard,odisha,30-11-2024,1562.78,1838.56
mustard,odisha,28-12-2024,1397.5,1644.12
mustard,odisha,25-01-2025,1408.54,1657.11
mustard,odisha,22-02-2025,1375.9,1618.71
mustard,odisha,22-03-2025,1398.67,1645.49
mustard,odisha,19-04-2025,1474.72,1734.97
mustard,odisha,17-05-2025,1451.92,1708.14
mustard,odisha,14-06-2025,1467.86,1726.89
mustard,odisha,12-07-2025,1474.81,1735.07
mustard,odisha,09-08-2025,1470.15,1729.59
mustard,odisha,06-09-2025,1512.52,1779.44
mustard,odisha,04-10-2025,1489.38,1752.21
sunflower,karnataka,01-01-2022,2724.68,3205.51
sunflower,karnataka,29-01-2022,2720.74,3200.87
sunflower,karnataka,26-02-2022,2725.07,3205.96
sunflower,karnataka,26-03-2022,2696.74,3172.63
sunflower,karnataka,23-04-2022,2688.81,3163.31
sunflower,karnataka,21-05-2022,2938.31,3456.84
sunflower,karnataka,18-06-2022,2954.98,3476.45
sunflower,karnataka,16-07-2022,3027.63,3561.92
sunflower,karnataka,13-08-2022,2863.38,3368.68
sunflower,karnataka,10-09-2022,3006.34,3536.87
sunflower,karnataka,08-10-2022,3093.51,3639.42
sunflower,karnataka,05-11-2022,3153.96,3710.54
sunflower,karnataka,03-12-2022,3139.58,3693.62
sunflower,karnataka,31-12-2022,2787.83,3279.8
sunflower,karnataka,28-01-2023,2803.91,3298.72
sunflower,karnataka,25-02-2023,2712.76,3191.48
sunflower,karnataka,25-03-2023,2660.41,3129.89
sunflower,karnataka,22-04-2023,2853.51,3357.07
sunflower,karnataka,20-05-2023,2870.51,3377.07
sunflower,karnataka,17-06-2023,2995.82,3524.5
sunflower,karnataka,15-07-2023,2846.13,3348.39
sunflower,karnataka,12-08-2023,2955.17,3476.67
sunflower,karnataka,09-09-2023,2928.62,3445.44
sunflower,karnataka,07-10-2023,2933.25,3450.88
sunflower,karnataka,04-11-2023,2954.94,3476.4
sunflower,karnataka,02-12-2023,3034.58,3570.09
sunflower,karnataka,30-12-2023,2683.94,3157.58
sunflower,karnataka,27-01-2024,2777.3,3267.41
sunflower,karnataka,24-02-2024,2811.52,3307.67
sunflower,karnataka,23-03-2024,2772.76,3262.07
sunflower,karnataka,20-04-2024,2787.18,3279.04
sunflower,karnataka,18-05-2024,2923.84,3439.81
sunflower,karnataka,15-06-2024,3006.34,3536.87
sunflower,karnataka,13-07-2024,2912.63,3426.62
sunflower,karnataka,10-08-2024,2980.45,3506.41
sunflower,karnataka,07-09-2024,3073.45,3615.82
sunflower,karnataka,05-10-2024,3069.28,3610.92
sunflower,karnataka,02-11-2024,3185.98,3748.21
sunflower,karnataka,30-11-2024,2955.49,3477.05
sunflower,karnataka,28-12-2024,2578.64,3033.69
sunflower,karnataka,25-01-2025,2581.72,3037.32
sunflower,karnataka,22-02-2025,2622.05,3084.76
sunflower,karnataka,22-03-2025,2659.2,3128.47
sunflower,karnataka,19-04-2025,2680.23,3153.21
sunflower,karnataka,17-05-2025,2787.07,3278.91
sunflower,karnataka,14-06-2025,2740.69,3224.34
sunflower,karnataka,12-07-2025,2902.38,3414.57
sunflower,karnataka,09-08-2025,3019.42,3552.26
sunflower,karnataka,06-09-2025,3123.06,3674.19
sunflower,karnataka,04-10-2025,2897.27,3408.55
sunflower,tamilnadu,01-01-2022,2488.31,2927.42
sunflower,tamilnadu,29-01-2022,2600.09,3058.93
sunflower,tamilnadu,26-02-2022,2574.53,3028.86
sunflower,tamilnadu,26-03-2022,2511.97,2955.26
sunflower,tamilnadu,23-04-2022,2518.27,2962.67
sunflower,tamilnadu,21-05-2022,2645.55,3112.41
sunflower,tamilnadu,18-06-2022,2582.72,3038.5
sunflower,tamilnadu,16-07-2022,2542.7,2991.41
sunflower,tamilnadu,13-08-2022,2594.82,3052.73
sunflower,tamilnadu,10-09-2022,2630.19,3094.34
sunflower,tamilnadu,08-10-2022,2746.61,3231.3
sunflower,tamilnadu,05-11-2022,2909.63,3423.1
sunflower,tamilnadu,03-12-2022,2955.94,3477.58
sunflower,tamilnadu,31-12-2022,2554.22,3004.97
sunflower,tamilnadu,28-01-2023,2388.87,2810.43
sunflower,tamilnadu,25-02-2023,2548.1,2997.77
sunflower,tamilnadu,25-03-2023,2659.45,3128.76
sunflower,tamilnadu,22-04-2023,2650.31,3118.01
sunflower,tamilnadu,20-05-2023,2704.61,3181.89
sunflower,tamilnadu,17-06-2023,2750.01,3235.3
sunflower,tamilnadu,15-07-2023,2579.93,3035.21
sunflower,tamilnadu,12-08-2023,2592.8,3050.35
sunflower,tamilnadu,09-09-2023,2789.22,3281.43
sunflower,tamilnadu,07-10-2023,2746.14,3230.75
sunflower,tamilnadu,04-11-2023,2896.86,3408.07
sunflower,tamilnadu,02-12-2023,2874.63,3381.92
sunflower,tamilnadu,30-12-2023,2396.91,2819.9
sunflower,tamilnadu,27-01-2024,2364.59,2781.87
sunflower,tamilnadu,24-02-2024,2529.63,2976.04
sunflower,tamilnadu,23-03-2024,2433.22,2862.61
sunflower,tamilnadu,20-04-2024,2624.32,3087.43
sunflower,tamilnadu,18-05-2024,2531.38,2978.1
sunflower,tamilnadu,15-06-2024,2609.1,3069.53
sunflower,tamilnadu,13-07-2024,2634.01,3098.84
sunflower,tamilnadu,10-08-2024,2572.46,3026.42
sunflower,tamilnadu,07-09-2024,2709.48,3187.62
sunflower,tamilnadu,05-10-2024,2749.02,3234.14
sunflower,tamilnadu,02-11-2024,2698.44,3174.63
sunflower,tamilnadu,30-11-2024,2682.43,3155.8
sunflower,tamilnadu,28-12-2024,2550.02,3000.02
sunflower,tamilnadu,25-01-2025,2522.03,2967.1
sunflower,tamilnadu,22-02-2025,2629.23,3093.21
sunflower,tamilnadu,22-03-2025,2640.09,3105.99
sunflower,tamilnadu,19-04-2025,2628.97,3092.91
sunflower,tamilnadu,17-05-2025,2662.55,3132.41
sunflower,tamilnadu,14-06-2025,2557.74,3009.11
sunflower,tamilnadu,12-07-2025,2604.65,3064.29
sunflower,tamilnadu,09-08-2025,2743.49,3227.63
sunflower,tamilnadu,06-09-2025,2854.24,3357.93
sunflower,tamilnadu,04-10-2025,2672.44,3144.05
sunflower,andhrapradesh,01-01-2022,2854.89,3358.69
sunflower,andhrapradesh,29-01-2022,2942.5,3461.77
sunflower,andhrapradesh,26-02-2022,2708.65,3186.65
sunflower,andhrapradesh,26-03-2022,2890.73,3400.86
sunflower,andhrapradesh,23-04-2022,3010.9,3542.23
sunflower,andhrapradesh,21-05-2022,2958.99,3481.17
sunflower,andhrapradesh,18-06-2022,3036.59,3572.46
sunflower,andhrapradesh,16-07-2022,3098.63,3645.45
sunflower,andhrapradesh,13-08-2022,3110.92,3659.91
sunflower,andhrapradesh,10-09-2022,3154.5,3711.18
sunflower,andhrapradesh,08-10-2022,3047.87,3585.73
sunflower,andhrapradesh,05-11-2022,3019.29,3552.11
sunflower,andhrapradesh,03-12-2022,3141.19,3695.52
sunflower,andhrapradesh,31-12-2022,2857.76,3362.07
sunflower,andhrapradesh,28-01-2023,2815.99,3312.93
sunflower,andhrapradesh,25-02-2023,2802.07,3296.55
sunflower,andhrapradesh,25-03-2023,2988.0,3515.29
sunflower,andhrapradesh,22-04-2023,2972.88,3497.5
sunflower,andhrapradesh,20-05-2023,2953.65,3474.88
sunflower,andhrapradesh,17-06-2023,2922.84,3438.63
sunflower,andhrapradesh,15-07-2023,3052.67,3591.38
sunflower,andhrapradesh,12-08-2023,3016.96,3549.36
sunflower,andhrapradesh,09-09-2023,3104.51,3652.37
sunflower,andhrapradesh,07-10-2023,3074.53,3617.09
sunflower,andhrapradesh,04-11-2023,3301.14,3883.7
sunflower,andhrapradesh,02-12-2023,3268.53,3845.33
sunflower,andhrapradesh,30-12-2023,2671.39,3142.81
sunflower,andhrapradesh,27-01-2024,2851.89,3355.17
sunflower,andhrapradesh,24-02-2024,2948.56,3468.89
sunflower,andhrapradesh,23-03-2024,2923.05,3438.88
sunflower,andhrapradesh,20-04-2024,2880.32,3388.61
sunflower,andhrapradesh,18-05-2024,3077.37,3620.44
sunflower,andhrapradesh,15-06-2024,2853.11,3356.6
sunflower,andhrapradesh,13-07-2024,2936.43,3454.62
sunflower,andhrapradesh,10-08-2024,2934.92,3452.85
sunflower,andhrapradesh,07-09-2024,3210.62,3777.2
sunflower,andhrapradesh,05-10-2024,3159.65,3717.24
sunflower,andhrapradesh,02-11-2024,3133.39,3686.34
sunflower,andhrapradesh,30-11-2024,3195.91,3759.9
sunflower,andhrapradesh,28-12-2024,2818.89,3316.34
sunflower,andhrapradesh,25-01-2025,2912.75,3426.77
sunflower,andhrapradesh,22-02-2025,2793.6,3286.59
sunflower,andhrapradesh,22-03-2025,2992.73,3520.86
sunflower,andhrapradesh,19-04-2025,3047.45,3585.23
sunflower,andhrapradesh,17-05-2025,2837.24,3337.93
sunflower,andhrapradesh,14-06-2025,2929.07,3445.96
sunflower,andhrapradesh,12-07-2025,3050.68,3589.04
sunflower,andhrapradesh,09-08-2025,3119.82,3670.38
sunflower,andhrapradesh,06-09-2025,3187.94,3750.52
sunflower,andhrapradesh,04-10-2025,3137.31,3690.95
sunflower,telangana,01-01-2022,3141.04,3695.34
sunflower,telangana,29-01-2022,3190.24,3753.22
sunflower,telangana,26-02-2022,3095.56,3641.83
sunflower,telangana,26-03-2022,3268.45,3845.23
sunflower,telangana,23-04-2022,3326.1,3913.06
sunflower,telangana,21-05-2022,3401.22,4001.43
sunflower,telangana,18-06-2022,3294.68,3876.1
sunflower,telangana,16-07-2022,3324.82,3911.55
sunflower,telangana,13-08-2022,3381.72,3978.49
sunflower,telangana,10-09-2022,3311.2,3895.53
sunflower,telangana,08-10-2022,3449.84,4058.64
sunflower,telangana,05-11-2022,3624.09,4263.64
sunflower,telangana,03-12-2022,3592.77,4226.79
sunflower,telangana,31-12-2022,3108.0,3656.47
sunflower,telangana,28-01-2023,3178.81,3739.78
sunflower,telangana,25-02-2023,3124.59,3675.99
sunflower,telangana,25-03-2023,3110.8,3659.76
sunflower,telangana,22-04-2023,3311.92,3896.38
sunflower,telangana,20-05-2023,3201.11,3766.01
sunflower,telangana,17-06-2023,3423.58,4027.74
sunflower,telangana,15-07-2023,3325.99,3912.93
sunflower,telangana,12-08-2023,3463.58,4074.8
sunflower,telangana,09-09-2023,3299.1,3881.29
sunflower,telangana,07-10-2023,3381.43,3978.15
sunflower,telangana,04-11-2023,3438.67,4045.49
sunflower,telangana,02-12-2023,3596.93,4231.68
sunflower,telangana,30-12-2023,2931.73,3449.09
sunflower,telangana,27-01-2024,3133.31,3686.25
sunflower,telangana,24-02-2024,3113.48,3662.92
sunflower,telangana,23-03-2024,3271.91,3849.3
sunflower,telangana,20-04-2024,3330.75,3918.53
sunflower,telangana,18-05-2024,3141.13,3695.45
sunflower,telangana,15-06-2024,3116.43,3666.39
sunflower,telangana,13-07-2024,3415.74,4018.52
sunflower,telangana,10-08-2024,3357.9,3950.47
sunflower,telangana,07-09-2024,3261.33,3836.86
sunflower,telangana,05-10-2024,3310.45,3894.65
sunflower,telangana,02-11-2024,3322.12,3908.38
sunflower,telangana,30-11-2024,3666.59,4313.64
sunflower,telangana,28-12-2024,2973.05,3497.71
sunflower,telangana,25-01-2025,3060.9,3601.06
sunflower,telangana,22-02-2025,3229.71,3799.66
sunflower,telangana,22-03-2025,3179.33,3740.39
sunflower,telangana,19-04-2025,3074.86,3617.48
sunflower,telangana,17-05-2025,3344.15,3934.29
sunflower,telangana,14-06-2025,3123.95,3675.23
sunflower,telangana,12-07-2025,3162.72,3720.85
sunflower,telangana,09-08-2025,3229.21,3799.07
sunflower,telangana,06-09-2025,3287.77,3867.97
sunflower,telangana,04-10-2025,3527.29,4149.75
sunflower,kerala,01-01-2022,2107.39,2479.28
sunflower,kerala,29-01-2022,2286.28,2689.74
sunflower,kerala,26-02-2022,2197.27,2585.02
sunflower,kerala,26-03-2022,2209.57,2599.5
sunflower,kerala,23-04-2022,2246.47,2642.9
sunflower,kerala,21-05-2022,2340.82,2753.91
sunflower,kerala,18-06-2022,2275.98,2677.62
sunflower,kerala,16-07-2022,2322.95,2732.88
sunflower,kerala,13-08-2022,2306.99,2714.11
sunflower,kerala,10-09-2022,2386.05,2807.12
sunflower,kerala,08-10-2022,2451.98,2884.68
sunflower,kerala,05-11-2022,2451.83,2884.51
sunflower,kerala,03-12-2022,2512.6,2956.0
sunflower,kerala,31-12-2022,2061.67,2425.5
sunflower,kerala,28-01-2023,2185.72,2571.43
sunflower,kerala,25-02-2023,2110.81,2483.31
sunflower,kerala,25-03-2023,2201.08,2589.51
sunflower,kerala,22-04-2023,2162.09,2543.63
sunflower,kerala,20-05-2023,2341.47,2754.67
sunflower,kerala,17-06-2023,2406.25,2830.88
sunflower,kerala,15-07-2023,2322.01,2731.78
sunflower,kerala,12-08-2023,2385.55,2806.53
sunflower,kerala,09-09-2023,2306.62,2713.67
sunflower,kerala,07-10-2023,2476.01,2912.95
sunflower,kerala,04-11-2023,2486.67,2925.5
sunflower,kerala,02-12-2023,2447.08,2878.92
sunflower,kerala,30-12-2023,2262.5,2661.77
sunflower,kerala,27-01-2024,2185.49,2571.17
sunflower,kerala,24-02-2024,2109.89,2482.22
sunflower,kerala,23-03-2024,2138.11,2515.42
sunflower,kerala,20-04-2024,2265.62,2665.44
sunflower,kerala,18-05-2024,2388.59,2810.1
sunflower,kerala,15-06-2024,2316.54,2725.34
sunflower,kerala,13-07-2024,2359.6,2776.0
sunflower,kerala,10-08-2024,2277.18,2679.03
sunflower,kerala,07-09-2024,2457.13,2890.74
sunflower,kerala,05-10-2024,2482.58,2920.68
sunflower,kerala,02-11-2024,2560.9,3012.82
sunflower,kerala,30-11-2024,2472.83,2909.21
sunflower,kerala,28-12-2024,2214.47,2605.26
sunflower,kerala,25-01-2025,2131.03,2507.1
sunflower,kerala,22-02-2025,2321.75,2731.47
sunflower,kerala,22-03-2025,2137.14,2514.28
sunflower,kerala,19-04-2025,2225.33,2618.03
sunflower,kerala,17-05-2025,2359.04,2775.34
sunflower,kerala,14-06-2025,2404.73,2829.1
sunflower,kerala,12-07-2025,2282.73,2685.57
sunflower,kerala,09-08-2025,2355.04,2770.63
sunflower,kerala,06-09-2025,2285.54,2688.87
sunflower,kerala,04-10-2025,2339.87,2752.79
sunflower,maharashtra,01-01-2022,3021.72,3554.97
sunflower,maharashtra,29-01-2022,3105.46,3653.48
sunflower,maharashtra,26-02-2022,2995.77,3524.44
sunflower,maharashtra,26-03-2022,3049.81,3588.01
sunflower,maharashtra,23-04-2022,3074.48,3617.03
sunflower,maharashtra,21-05-2022,3184.06,3745.95
sunflower,maharashtra,18-06-2022,3123.84,3675.1
sunflower,maharashtra,16-07-2022,3331.64,3919.58
sunflower,maharashtra,13-08-2022,3282.17,3861.38
sunflower,maharashtra,10-09-2022,3121.62,3672.5
sunflower,maharashtra,08-10-2022,3334.13,3922.51
sunflower,maharashtra,05-11-2022,3408.74,4010.28
sunflower,maharashtra,03-12-2022,3376.14,3971.93
sunflower,maharashtra,31-12-2022,3057.42,3596.96
sunflower,maharashtra,28-01-2023,2914.36,3428.66
sunflower,maharashtra,25-02-2023,2910.91,3424.6
sunflower,maharashtra,25-03-2023,2985.23,3512.03
sunflower,maharashtra,22-04-2023,3033.81,3569.19
sunflower,maharashtra,20-05-2023,3000.62,3530.14
sunflower,maharashtra,17-06-2023,3050.11,3588.36
sunflower,maharashtra,15-07-2023,3303.64,3886.64
sunflower,maharashtra,12-08-2023,3135.23,3688.51
sunflower,maharashtra,09-09-2023,3264.66,3840.78
sunflower,maharashtra,07-10-2023,3142.41,3696.95
sunflower,maharashtra,04-11-2023,3434.65,4040.76
sunflower,maharashtra,02-12-2023,3482.82,4097.43
sunflower,maharashtra,30-12-2023,3058.34,3598.05
sunflower,maharashtra,27-01-2024,3056.93,3596.39
sunflower,maharashtra,24-02-2024,2875.1,3382.47
sunflower,maharashtra,23-03-2024,2952.42,3473.43
sunflower,maharashtra,20-04-2024,3036.49,3572.34
sunflower,maharashtra,18-05-2024,3179.65,3740.77
sunflower,maharashtra,15-06-2024,3268.33,3845.09
sunflower,maharashtra,13-07-2024,3109.14,3657.81
sunflower,maharashtra,10-08-2024,3214.61,3781.89
sunflower,maharashtra,07-09-2024,3334.8,3923.29
sunflower,maharashtra,05-10-2024,3441.91,4049.3
sunflower,maharashtra,02-11-2024,3209.29,3775.64
sunflower,maharashtra,30-11-2024,3257.23,3832.03
sunflower,maharashtra,28-12-2024,3009.83,3540.98
sunflower,maharashtra,25-01-2025,3108.77,3657.38
sunflower,maharashtra,22-02-2025,3031.42,3566.38
sunflower,maharashtra,22-03-2025,3030.3,3565.06
sunflower,maharashtra,19-04-2025,3044.7,3582.0
sunflower,maharashtra,17-05-2025,3184.62,3746.61
sunflower,maharashtra,14-06-2025,3007.69,3538.46
sunflower,maharashtra,12-07-2025,3203.87,3769.26
sunflower,maharashtra,09-08-2025,3295.14,3876.64
sunflower,maharashtra,06-09-2025,3313.23,3897.92
sunflower,maharashtra,04-10-2025,3175.68,3736.09
sunflower,gujarat,01-01-2022,2499.93,2941.09
sunflower,gujarat,29-01-2022,2603.16,3062.54
sunflower,gujarat,26-02-2022,2599.85,3058.65
sunflower,gujarat,26-03-2022,2536.79,2984.46
sunflower,gujarat,23-04-2022,2620.33,3082.74
sunflower,gujarat,21-05-2022,2837.74,3338.52
sunflower,gujarat,18-06-2022,2708.66,3186.66
sunflower,gujarat,16-07-2022,2752.24,3237.93
sunflower,gujarat,13-08-2022,2929.44,3446.4
sunflower,gujarat,10-09-2022,2959.07,3481.26
sunflower,gujarat,08-10-2022,2983.31,3509.78
sunflower,gujarat,05-11-2022,2797.04,3290.64
sunflower,gujarat,03-12-2022,2839.77,3340.91
sunflower,gujarat,31-12-2022,2574.45,3028.76
sunflower,gujarat,28-01-2023,2630.95,3095.23
sunflower,gujarat,25-02-2023,2606.1,3066.0
sunflower,gujarat,25-03-2023,2783.79,3275.05
sunflower,gujarat,22-04-2023,2650.0,3117.65
sunflower,gujarat,20-05-2023,2651.52,3119.44
sunflower,gujarat,17-06-2023,2628.75,3092.65
sunflower,gujarat,15-07-2023,2860.28,3365.03
sunflower,gujarat,12-08-2023,2723.14,3203.69
sunflower,gujarat,09-09-2023,2818.78,3316.21
sunflower,gujarat,07-10-2023,2892.49,3402.93
sunflower,gujarat,04-11-2023,2829.39,3328.69
sunflower,gujarat,02-12-2023,2835.48,3335.86
sunflower,gujarat,30-12-2023,2462.68,2897.27
sunflower,gujarat,27-01-2024,2640.48,3106.45
sunflower,gujarat,24-02-2024,2492.15,2931.94
sunflower,gujarat,23-03-2024,2535.41,2982.84
sunflower,gujarat,20-04-2024,2761.33,3248.62
sunflower,gujarat,18-05-2024,2610.72,3071.43
sunflower,gujarat,15-06-2024,2793.37,3286.32
sunflower,gujarat,13-07-2024,2803.45,3298.18
sunflower,gujarat,10-08-2024,2673.47,3145.26
sunflower,gujarat,07-09-2024,2951.61,3472.48
sunflower,gujarat,05-10-2024,2770.98,3259.98
sunflower,gujarat,02-11-2024,3029.54,3564.17
sunflower,gujarat,30-11-2024,3045.1,3582.47
sunflower,gujarat,28-12-2024,2633.45,3098.18
sunflower,gujarat,25-01-2025,2507.76,2950.3
sunflower,gujarat,22-02-2025,2613.61,3074.84
sunflower,gujarat,22-03-2025,2646.47,3113.5
sunflower,gujarat,19-04-2025,2576.38,3031.04
sunflower,gujarat,17-05-2025,2685.43,3159.33
sunflower,gujarat,14-06-2025,2784.44,3275.81
sunflower,gujarat,12-07-2025,2791.18,3283.74
sunflower,gujarat,09-08-2025,2897.0,3408.23
sunflower,gujarat,06-09-2025,2742.82,3226.85
sunflower,gujarat,04-10-2025,2768.08,3256.56
sunflower,rajasthan,01-01-2022,2685.69,3159.63
sunflower,rajasthan,29-01-2022,2511.03,2954.15
sunflower,rajasthan,26-02-2022,2660.29,3129.75
sunflower,rajasthan,26-03-2022,2820.12,3317.79
sunflower,rajasthan,23-04-2022,2739.41,3222.83
sunflower,rajasthan,21-05-2022,2684.09,3157.75
sunflower,rajasthan,18-06-2022,2856.67,3360.79
sunflower,rajasthan,16-07-2022,2914.17,3428.43
sunflower,rajasthan,13-08-2022,2811.32,3307.43
sunflower,rajasthan,10-09-2022,2803.89,3298.69
sunflower,rajasthan,08-10-2022,2846.15,3348.41
sunflower,rajasthan,05-11-2022,2817.94,3315.22
sunflower,rajasthan,03-12-2022,2959.77,3482.08
sunflower,rajasthan,31-12-2022,2688.15,3162.53
sunflower,rajasthan,28-01-2023,2698.05,3174.18
sunflower,rajasthan,25-02-2023,2531.25,2977.94
sunflower,rajasthan,25-03-2023,2735.22,3217.91
sunflower,rajasthan,22-04-2023,2838.63,3339.57
sunflower,rajasthan,20-05-2023,2723.66,3204.3
sunflower,rajasthan,17-06-2023,2815.72,3312.61
sunflower,rajasthan,15-07-2023,2921.82,3437.43
sunflower,rajasthan,12-08-2023,2921.6,3437.18
sunflower,rajasthan,09-09-2023,2775.62,3265.44
sunflower,rajasthan,07-10-2023,2948.9,3469.29
sunflower,rajasthan,04-11-2023,3033.36,3568.66
sunflower,rajasthan,02-12-2023,3095.92,3642.26
sunflower,rajasthan,30-12-2023,2629.93,3094.03
sunflower,rajasthan,27-01-2024,2691.43,3166.39
sunflower,rajasthan,24-02-2024,2565.68,3018.45
sunflower,rajasthan,23-03-2024,2715.68,3194.92
sunflower,rajasthan,20-04-2024,2663.6,3133.65
sunflower,rajasthan,18-05-2024,2828.94,3328.16
sunflower,rajasthan,15-06-2024,2767.33,3255.68
sunflower,rajasthan,13-07-2024,2686.2,3160.23
sunflower,rajasthan,10-08-2024,2727.11,3208.36
sunflower,rajasthan,07-09-2024,2763.38,3251.03
sunflower,rajasthan,05-10-2024,3029.59,3564.22
sunflower,rajasthan,02-11-2024,2843.26,3345.01
sunflower,rajasthan,30-11-2024,3022.21,3555.54
sunflower,rajasthan,28-12-2024,2558.24,3009.7
sunflower,rajasthan,25-01-2025,2596.39,3054.58
sunflower,rajasthan,22-02-2025,2647.31,3114.48
sunflower,rajasthan,22-03-2025,2771.57,3260.67
sunflower,rajasthan,19-04-2025,2834.91,3335.19
sunflower,rajasthan,17-05-2025,2699.63,3176.03
sunflower,rajasthan,14-06-2025,2795.9,3289.29
sunflower,rajasthan,12-07-2025,2769.67,3258.43
sunflower,rajasthan,09-08-2025,2796.04,3289.46
sunflower,rajasthan,06-09-2025,3012.37,3543.97
sunflower,rajasthan,04-10-2025,2918.74,3433.81
sunflower,punjab,01-01-2022,2561.99,3014.11
sunflower,punjab,29-01-2022,2548.25,2997.94
sunflower,punjab,26-02-2022,2581.37,3036.9
sunflower,punjab,26-03-2022,2671.27,3142.67
sunflower,punjab,23-04-2022,2620.85,3083.35
sunflower,punjab,21-05-2022,2666.63,3137.21
sunflower,punjab,18-06-2022,2674.84,3146.87
sunflower,punjab,16-07-2022,2677.76,3150.31
sunflower,punjab,13-08-2022,2605.7,3065.53
sunflower,punjab,10-09-2022,2744.79,3229.17
sunflower,punjab,08-10-2022,2734.66,3217.25
sunflower,punjab,05-11-2022,2814.04,3310.63
sunflower,punjab,03-12-2022,2877.39,3385.16
sunflower,punjab,31-12-2022,2408.94,2834.05
sunflower,punjab,28-01-2023,2443.15,2874.29
sunflower,punjab,25-02-2023,2474.02,2910.61
sunflower,punjab,25-03-2023,2508.66,2951.36
sunflower,punjab,22-04-2023,2597.06,3055.37
sunflower,punjab,20-05-2023,2575.31,3029.78
sunflower,punjab,17-06-2023,2762.94,3250.52
sunflower,punjab,15-07-2023,2795.39,3288.69
sunflower,punjab,12-08-2023,2734.76,3217.36
sunflower,punjab,09-09-2023,2706.01,3183.54
sunflower,punjab,07-10-2023,2724.64,3205.46
sunflower,punjab,04-11-2023,2900.77,3412.67
sunflower,punjab,02-12-2023,2845.09,3347.17
sunflower,punjab,30-12-2023,2448.45,2880.53
sunflower,punjab,27-01-2024,2442.07,2873.02
sunflower,punjab,24-02-2024,2512.65,2956.06
sunflower,punjab,23-03-2024,2603.52,3062.97
sunflower,punjab,20-04-2024,2663.15,3133.12
sunflower,punjab,18-05-2024,2726.87,3208.08
sunflower,punjab,15-06-2024,2559.41,3011.07
sunflower,punjab,13-07-2024,2758.51,3245.3
sunflower,punjab,10-08-2024,2661.13,3130.74
sunflower,punjab,07-09-2024,2799.04,3292.99
sunflower,punjab,05-10-2024,2739.97,3223.49
sunflower,punjab,02-11-2024,2821.28,3319.15
sunflower,punjab,30-11-2024,2789.28,3281.51
sunflower,punjab,28-12-2024,2543.92,2992.85
sunflower,punjab,25-01-2025,2521.57,2966.55
sunflower,punjab,22-02-2025,2449.24,2881.46
sunflower,punjab,22-03-2025,2620.3,3082.71
sunflower,punjab,19-04-2025,2691.12,3166.02
sunflower,punjab,17-05-2025,2660.75,3130.29
sunflower,punjab,14-06-2025,2577.06,3031.83
sunflower,punjab,12-07-2025,2763.89,3251.63
sunflower,punjab,09-08-2025,2806.58,3301.86
sunflower,punjab,06-09-2025,2660.56,3130.07
sunflower,punjab,04-10-2025,2819.42,3316.97
sunflower,haryana,01-01-2022,2513.76,2957.36
sunflower,haryana,29-01-2022,2607.45,3067.59
sunflower,haryana,26-02-2022,2583.11,3038.95
sunflower,haryana,26-03-2022,2694.13,3169.57
sunflower,haryana,23-04-2022,2718.2,3197.88
sunflower,haryana,21-05-2022,2643.33,3109.8
sunflower,haryana,18-06-2022,2801.8,3296.23
sunflower,haryana,16-07-2022,2735.19,3217.87
sunflower,haryana,13-08-2022,2969.1,3493.06
sunflower,haryana,10-09-2022,2958.77,3480.91
sunflower,haryana,08-10-2022,3041.49,3578.22
sunflower,haryana,05-11-2022,2787.58,3279.51
sunflower,haryana,03-12-2022,2873.22,3380.26
sunflower,haryana,31-12-2022,2691.34,3166.28
sunflower,haryana,28-01-2023,2723.26,3203.84
sunflower,haryana,25-02-2023,2631.75,3096.18
sunflower,haryana,25-03-2023,2807.24,3302.63
sunflower,haryana,22-04-2023,2730.7,3212.59
sunflower,haryana,20-05-2023,2679.16,3151.95
sunflower,haryana,17-06-2023,2791.12,3283.67
sunflower,haryana,15-07-2023,2720.22,3200.26
sunflower,haryana,12-08-2023,2709.39,3187.52
sunflower,haryana,09-09-2023,2848.2,3350.82
sunflower,haryana,07-10-2023,3040.86,3577.48
sunflower,haryana,04-11-2023,2961.24,3483.81
sunflower,haryana,02-12-2023,2958.46,3480.54
sunflower,haryana,30-12-2023,2550.19,3000.22
sunflower,haryana,27-01-2024,2512.16,2955.48
sunflower,haryana,24-02-2024,2559.41,3011.07
sunflower,haryana,23-03-2024,2638.78,3104.45
sunflower,haryana,20-04-2024,2789.66,3281.95
sunflower,haryana,18-05-2024,2618.16,3080.19
sunflower,haryana,15-06-2024,2868.66,3374.9
sunflower,haryana,13-07-2024,2742.15,3226.06
sunflower,haryana,10-08-2024,2850.52,3353.55
sunflower,haryana,07-09-2024,2802.5,3297.06
sunflower,haryana,05-10-2024,2983.47,3509.96
sunflower,haryana,02-11-2024,3058.17,3597.85
sunflower,haryana,30-11-2024,3020.84,3553.93
sunflower,haryana,28-12-2024,2503.24,2944.99
sunflower,haryana,25-01-2025,2713.74,3192.63
sunflower,haryana,22-02-2025,2661.32,3130.96
sunflower,haryana,22-03-2025,2544.73,2993.8
sunflower,haryana,19-04-2025,2664.09,3134.22
sunflower,haryana,17-05-2025,2774.32,3263.9
sunflower,haryana,14-06-2025,2710.64,3188.99
sunflower,haryana,12-07-2025,2784.91,3276.36
sunflower,haryana,09-08-2025,2760.31,3247.42
sunflower,haryana,06-09-2025,2902.89,3415.16
sunflower,haryana,04-10-2025,2921.6,3437.18
sunflower,uttarpradesh,01-01-2022,2365.26,2782.66
sunflower,uttarpradesh,29-01-2022,2463.41,2898.13
sunflower,uttarpradesh,26-02-2022,2327.59,2738.34
sunflower,uttarpradesh,26-03-2022,2454.04,2887.11
sunflower,uttarpradesh,23-04-2022,2425.01,2852.95
sunflower,uttarpradesh,21-05-2022,2429.61,2858.37
sunflower,uttarpradesh,18-06-2022,2606.3,3066.23
sunflower,uttarpradesh,16-07-2022,2641.51,3107.66
sunflower,uttarpradesh,13-08-2022,2510.87,2953.96
sunflower,uttarpradesh,10-09-2022,2647.47,3114.67
sunflower,uttarpradesh,08-10-2022,2766.66,3254.89
sunflower,uttarpradesh,05-11-2022,2566.35,3019.23
sunflower,uttarpradesh,03-12-2022,2770.12,3258.97
sunflower,uttarpradesh,31-12-2022,2465.51,2900.6
sunflower,uttarpradesh,28-01-2023,2327.38,2738.09
sunflower,uttarpradesh,25-02-2023,2408.27,2833.26
sunflower,uttarpradesh,25-03-2023,2342.24,2755.58
sunflower,uttarpradesh,22-04-2023,2555.6,3006.59
sunflower,uttarpradesh,20-05-2023,2429.89,2858.69
sunflower,uttarpradesh,17-06-2023,2518.75,2963.23
sunflower,uttarpradesh,15-07-2023,2472.79,2909.17
sunflower,uttarpradesh,12-08-2023,2503.21,2944.95
sunflower,uttarpradesh,09-09-2023,2543.85,2992.76
sunflower,uttarpradesh,07-10-2023,2542.49,2991.16
sunflower,uttarpradesh,04-11-2023,2605.84,3065.69
sunflower,uttarpradesh,02-12-2023,2653.28,3121.51
sunflower,uttarpradesh,30-12-2023,2371.62,2790.14
sunflower,uttarpradesh,27-01-2024,2405.99,2830.58
sunflower,uttarpradesh,24-02-2024,2384.26,2805.01
sunflower,uttarpradesh,23-03-2024,2370.97,2789.38
sunflower,uttarpradesh,20-04-2024,2371.56,2790.07
sunflower,uttarpradesh,18-05-2024,2395.15,2817.82
sunflower,uttarpradesh,15-06-2024,2582.71,3038.48
sunflower,uttarpradesh,13-07-2024,2543.63,2992.51
sunflower,uttarpradesh,10-08-2024,2649.57,3117.14
sunflower,uttarpradesh,07-09-2024,2586.8,3043.29
sunflower,uttarpradesh,05-10-2024,2676.83,3149.21
sunflower,uttarpradesh,02-11-2024,2643.67,3110.2
sunflower,uttarpradesh,30-11-2024,2716.24,3195.58
sunflower,uttarpradesh,28-12-2024,2299.17,2704.91
sunflower,uttarpradesh,25-01-2025,2473.19,2909.63
sunflower,uttarpradesh,22-02-2025,2409.54,2834.75
sunflower,uttarpradesh,22-03-2025,2511.62,2954.85
sunflower,uttarpradesh,19-04-2025,2476.19,2913.17
sunflower,uttarpradesh,17-05-2025,2455.16,2888.42
sunflower,uttarpradesh,14-06-2025,2528.74,2974.99
sunflower,uttarpradesh,12-07-2025,2587.92,3044.61
sunflower,uttarpradesh,09-08-2025,2675.2,3147.3
sunflower,uttarpradesh,06-09-2025,2644.92,3111.67
sunflower,uttarpradesh,04-10-2025,2612.76,3073.84
sunflower,madhyapradesh,01-01-2022,2810.6,3306.59
sunflower,madhyapradesh,29-01-2022,2873.26,3380.31
sunflower,madhyapradesh,26-02-2022,2817.04,3314.16
sunflower,madhyapradesh,26-03-2022,2969.79,3493.87
sunflower,madhyapradesh,23-04-2022,2835.79,3336.22
sunflower,madhyapradesh,21-05-2022,2901.13,3413.1
sunflower,madhyapradesh,18-06-2022,2962.39,3485.16
sunflower,madhyapradesh,16-07-2022,2949.47,3469.96
sunflower,madhyapradesh,13-08-2022,2996.13,3524.86
sunflower,madhyapradesh,10-09-2022,3011.61,3543.07
sunflower,madhyapradesh,08-10-2022,3161.03,3718.86
sunflower,madhyapradesh,05-11-2022,3154.72,3711.44
sunflower,madhyapradesh,03-12-2022,3046.83,3584.51
sunflower,madhyapradesh,31-12-2022,2903.63,3416.03
sunflower,madhyapradesh,28-01-2023,2745.12,3229.55
sunflower,madhyapradesh,25-02-2023,2908.28,3421.5
sunflower,madhyapradesh,25-03-2023,2872.86,3379.83
sunflower,madhyapradesh,22-04-2023,3009.02,3540.02
sunflower,madhyapradesh,20-05-2023,2923.21,3439.07
sunflower,madhyapradesh,17-06-2023,2944.46,3464.07
sunflower,madhyapradesh,15-07-2023,2989.46,3517.01
sunflower,madhyapradesh,12-08-2023,3057.42,3596.96
sunflower,madhyapradesh,09-09-2023,3164.27,3722.67
sunflower,madhyapradesh,07-10-2023,3257.66,3832.54
sunflower,madhyapradesh,04-11-2023,3034.41,3569.89
sunflower,madhyapradesh,02-12-2023,3120.62,3671.32
sunflower,madhyapradesh,30-12-2023,2706.98,3184.68
sunflower,madhyapradesh,27-01-2024,2779.64,3270.16
sunflower,madhyapradesh,24-02-2024,2993.7,3522.0
sunflower,madhyapradesh,23-03-2024,2880.44,3388.75
sunflower,madhyapradesh,20-04-2024,2824.52,3322.96
sunflower,madhyapradesh,18-05-2024,3060.59,3600.7
sunflower,madhyapradesh,15-06-2024,3034.13,3569.57
sunflower,madhyapradesh,13-07-2024,3055.46,3594.66
sunflower,madhyapradesh,10-08-2024,3155.09,3711.87
sunflower,madhyapradesh,07-09-2024,3201.95,3767.0
sunflower,madhyapradesh,05-10-2024,3279.56,3858.31
sunflower,madhyapradesh,02-11-2024,3121.45,3672.3
sunflower,madhyapradesh,30-11-2024,3282.42,3861.67
sunflower,madhyapradesh,28-12-2024,2668.42,3139.32
sunflower,madhyapradesh,25-01-2025,2934.37,3452.2
sunflower,madhyapradesh,22-02-2025,2735.67,3218.44
sunflower,madhyapradesh,22-03-2025,2943.01,3462.37
sunflower,madhyapradesh,19-04-2025,2789.9,3282.24
sunflower,madhyapradesh,17-05-2025,2831.68,3331.39
sunflower,madhyapradesh,14-06-2025,3119.97,3670.55
sunflower,madhyapradesh,12-07-2025,3011.29,3542.69
sunflower,madhyapradesh,09-08-2025,2996.89,3525.75
sunflower,madhyapradesh,06-09-2025,3205.84,3771.58
sunflower,madhyapradesh,04-10-2025,3060.29,3600.34
sunflower,westbengal,01-01-2022,2910.52,3424.14
sunflower,westbengal,29-01-2022,2971.82,3496.26
sunflower,westbengal,26-02-2022,3072.49,3614.69
sunflower,westbengal,26-03-2022,3020.29,3553.28
sunflower,westbengal,23-04-2022,3012.77,3544.44
sunflower,westbengal,21-05-2022,3035.82,3571.55
sunflower,westbengal,18-06-2022,3265.18,3841.39
sunflower,westbengal,16-07-2022,3345.25,3935.59
sunflower,westbengal,13-08-2022,3439.41,4046.37
sunflower,westbengal,10-09-2022,3474.32,4087.44
sunflower,westbengal,08-10-2022,3255.7,3830.23
sunflower,westbengal,05-11-2022,3418.36,4021.6
sunflower,westbengal,03-12-2022,3591.39,4225.17
sunflower,westbengal,31-12-2022,3109.71,3658.48
sunflower,westbengal,28-01-2023,2948.99,3469.4
sunflower,westbengal,25-02-2023,3160.56,3718.3
sunflower,westbengal,25-03-2023,3008.97,3539.97
sunflower,westbengal,22-04-2023,3207.59,3773.63
sunflower,westbengal,20-05-2023,3040.65,3577.24
sunflower,westbengal,17-06-2023,3087.34,3632.16
sunflower,westbengal,15-07-2023,3355.99,3948.22
sunflower,westbengal,12-08-2023,3184.4,3746.35
sunflower,westbengal,09-09-2023,3202.35,3767.47
sunflower,westbengal,07-10-2023,3352.13,3943.68
sunflower,westbengal,04-11-2023,3490.8,4106.82
sunflower,westbengal,02-12-2023,3516.14,4136.63
sunflower,westbengal,30-12-2023,2887.67,3397.26
sunflower,westbengal,27-01-2024,3159.77,3717.38
sunflower,westbengal,24-02-2024,2988.21,3515.54
sunflower,westbengal,23-03-2024,2951.06,3471.83
sunflower,westbengal,20-04-2024,3252.46,3826.42
sunflower,westbengal,18-05-2024,3262.8,3838.59
sunflower,westbengal,15-06-2024,3219.72,3787.91
sunflower,westbengal,13-07-2024,3096.88,3643.39
sunflower,westbengal,10-08-2024,3291.58,3872.45
sunflower,westbengal,07-09-2024,3179.96,3741.13
sunflower,westbengal,05-10-2024,3241.9,3814.0
sunflower,westbengal,02-11-2024,3248.39,3821.64
sunflower,westbengal,30-11-2024,3321.02,3907.08
sunflower,westbengal,28-12-2024,2881.56,3390.07
sunflower,westbengal,25-01-2025,3138.43,3692.27
sunflower,westbengal,22-02-2025,3168.7,3727.88
sunflower,westbengal,22-03-2025,3126.44,3678.16
sunflower,westbengal,19-04-2025,3071.51,3613.54
sunflower,westbengal,17-05-2025,3097.36,3643.95
sunflower,westbengal,14-06-2025,3111.01,3660.01
sunflower,westbengal,12-07-2025,3125.88,3677.51
sunflower,westbengal,09-08-2025,3207.26,3773.25
sunflower,westbengal,06-09-2025,3374.05,3969.47
sunflower,westbengal,04-10-2025,3450.37,4059.26
sunflower,bihar,01-01-2022,2130.03,2505.92
sunflower,bihar,29-01-2022,2074.32,2440.38
sunflower,bihar,26-02-2022,2201.59,2590.11
sunflower,bihar,26-03-2022,2304.02,2710.61
sunflower,bihar,23-04-2022,2304.26,2710.89
sunflower,bihar,21-05-2022,2266.92,2666.96
sunflower,bihar,18-06-2022,2327.48,2738.21
sunflower,bihar,16-07-2022,2322.23,2732.04
sunflower,bihar,13-08-2022,2377.6,2797.18
sunflower,bihar,10-09-2022,2509.4,2952.24
sunflower,bihar,08-10-2022,2532.98,2979.98
sunflower,bihar,05-11-2022,2416.54,2842.99
sunflower,bihar,03-12-2022,2505.43,2947.56
sunflower,bihar,31-12-2022,2203.56,2592.42
sunflower,bihar,28-01-2023,2237.8,2632.71
sunflower,bihar,25-02-2023,2265.88,2665.74
sunflower,bihar,25-03-2023,2242.42,2638.14
sunflower,bihar,22-04-2023,2243.17,2639.02
sunflower,bihar,20-05-2023,2291.68,2696.1
sunflower,bihar,17-06-2023,2317.81,2726.83
sunflower,bihar,15-07-2023,2416.24,2842.64
sunflower,bihar,12-08-2023,2302.15,2708.41
sunflower,bihar,09-09-2023,2422.5,2850.0
sunflower,bihar,07-10-2023,2393.33,2815.68
sunflower,bihar,04-11-2023,2402.93,2826.98
sunflower,bihar,02-12-2023,2505.15,2947.23
sunflower,bihar,30-12-2023,2137.58,2514.8
sunflower,bihar,27-01-2024,2156.28,2536.8
sunflower,bihar,24-02-2024,2182.33,2567.45
sunflower,bihar,23-03-2024,2195.68,2583.15
sunflower,bihar,20-04-2024,2195.85,2583.35
sunflower,bihar,18-05-2024,2180.09,2564.81
sunflower,bihar,15-06-2024,2302.92,2709.32
sunflower,bihar,13-07-2024,2377.23,2796.74
sunflower,bihar,10-08-2024,2287.99,2691.75
sunflower,bihar,07-09-2024,2486.16,2924.89
sunflower,bihar,05-10-2024,2495.93,2936.39
sunflower,bihar,02-11-2024,2513.48,2957.04
sunflower,bihar,30-11-2024,2516.22,2960.26
sunflower,bihar,28-12-2024,2113.76,2486.78
sunflower,bihar,25-01-2025,2127.58,2503.03
sunflower,bihar,22-02-2025,2103.38,2474.56
sunflower,bihar,22-03-2025,2176.11,2560.13
sunflower,bihar,19-04-2025,2250.26,2647.36
sunflower,bihar,17-05-2025,2287.94,2691.69
sunflower,bihar,14-06-2025,2310.06,2717.72
sunflower,bihar,12-07-2025,2336.61,2748.95
sunflower,bihar,09-08-2025,2462.36,2896.89
sunflower,bihar,06-09-2025,2389.76,2811.48
sunflower,bihar,04-10-2025,2405.04,2829.46
sunflower,odisha,01-01-2022,2236.85,2631.59
sunflower,odisha,29-01-2022,2253.77,2651.49
sunflower,odisha,26-02-2022,2287.17,2690.79
sunflower,odisha,26-03-2022,2175.68,2559.62
sunflower,odisha,23-04-2022,2147.37,2526.32
sunflower,odisha,21-05-2022,2266.58,2666.57
sunflower,odisha,18-06-2022,2275.13,2676.62
sunflower,odisha,16-07-2022,2363.66,2780.78
sunflower,odisha,13-08-2022,2338.96,2751.72
sunflower,odisha,10-09-2022,2404.75,2829.12
sunflower,odisha,08-10-2022,2373.09,2791.87
sunflower,odisha,05-11-2022,2437.83,2868.03
sunflower,odisha,03-12-2022,2455.84,2889.22
sunflower,odisha,31-12-2022,2233.91,2628.13
sunflower,odisha,28-01-2023,2247.6,2644.24
sunflower,odisha,25-02-2023,2189.9,2576.35
sunflower,odisha,25-03-2023,2188.35,2574.53
sunflower,odisha,22-04-2023,2178.92,2563.44
sunflower,odisha,20-05-2023,2370.51,2788.83
sunflower,odisha,17-06-2023,2224.36,2616.89
sunflower,odisha,15-07-2023,2442.5,2873.53
sunflower,odisha,12-08-2023,2271.28,2672.09
sunflower,odisha,09-09-2023,2431.63,2860.74
sunflower,odisha,07-10-2023,2352.58,2767.74
sunflower,odisha,04-11-2023,2319.04,2728.28
sunflower,odisha,02-12-2023,2392.23,2814.39
sunflower,odisha,30-12-2023,2145.51,2524.13
sunflower,odisha,27-01-2024,2064.55,2428.88
sunflower,odisha,24-02-2024,2173.21,2556.72
sunflower,odisha,23-03-2024,2287.42,2691.08
sunflower,odisha,20-04-2024,2238.89,2633.99
sunflower,odisha,18-05-2024,2302.22,2708.5
sunflower,odisha,15-06-2024,2251.74,2649.11
sunflower,odisha,13-07-2024,2223.4,2615.76
sunflower,odisha,10-08-2024,2358.65,2774.88
sunflower,odisha,07-09-2024,2291.65,2696.06
sunflower,odisha,05-10-2024,2393.23,2815.56
sunflower,odisha,02-11-2024,2431.73,2860.86
sunflower,odisha,30-11-2024,2526.37,2972.2
sunflower,odisha,28-12-2024,2041.68,2401.98
sunflower,odisha,25-01-2025,2228.25,2621.47
sunflower,odisha,22-02-2025,2244.59,2640.69
sunflower,odisha,22-03-2025,2235.85,2630.41
sunflower,odisha,19-04-2025,2150.55,2530.06
sunflower,odisha,17-05-2025,2381.0,2801.18
sunflower,odisha,14-06-2025,2400.87,2824.55
sunflower,odisha,12-07-2025,2299.52,2705.32
sunflower,odisha,09-08-2025,2392.47,2814.67
sunflower,odisha,06-09-2025,2367.04,2784.75
sunflower,odisha,04-10-2025,2461.65,2896.06
chilli,karnataka,01-01-2022,4326.29,5089.75
chilli,karnataka,29-01-2022,4731.31,5566.25
chilli,karnataka,26-02-2022,4411.68,5190.21
chilli,karnataka,26-03-2022,4600.68,5412.56
chilli,karnataka,23-04-2022,4660.95,5483.47
chilli,karnataka,21-05-2022,4548.3,5350.94
chilli,karnataka,18-06-2022,4727.58,5561.86
chilli,karnataka,16-07-2022,5099.87,5999.85
chilli,karnataka,13-08-2022,4783.82,5628.02
chilli,karnataka,10-09-2022,5025.12,5911.91
chilli,karnataka,08-10-2022,5004.92,5888.14
chilli,karnataka,05-11-2022,5268.78,6198.56
chilli,karnataka,03-12-2022,4978.75,5857.35
chilli,karnataka,31-12-2022,4507.93,5303.45
chilli,karnataka,28-01-2023,4431.56,5213.6
chilli,karnataka,25-02-2023,4790.1,5635.41
chilli,karnataka,25-03-2023,4422.25,5202.65
chilli,karnataka,22-04-2023,4506.36,5301.6
chilli,karnataka,20-05-2023,4937.71,5809.07
chilli,karnataka,17-06-2023,4709.54,5540.64
chilli,karnataka,15-07-2023,4870.14,5729.58
chilli,karnataka,12-08-2023,4720.45,5553.47
chilli,karnataka,09-09-2023,4974.72,5852.61
chilli,karnataka,07-10-2023,5289.35,6222.76
chilli,karnataka,04-11-2023,5319.24,6257.93
chilli,karnataka,02-12-2023,5155.08,6064.8
chilli,karnataka,30-12-2023,4298.36,5056.89
chilli,karnataka,27-01-2024,4524.44,5322.87
chilli,karnataka,24-02-2024,4782.43,5626.39
chilli,karnataka,23-03-2024,4709.09,5540.11
chilli,karnataka,20-04-2024,4936.55,5807.71
chilli,karnataka,18-05-2024,4933.78,5804.45
chilli,karnataka,15-06-2024,5042.39,5932.22
chilli,karnataka,13-07-2024,4760.58,5600.68
chilli,karnataka,10-08-2024,4963.47,5839.38
chilli,karnataka,07-09-2024,5184.75,6099.71
chilli,karnataka,05-10-2024,5205.16,6123.72
chilli,karnataka,02-11-2024,5016.04,5901.22
chilli,karnataka,30-11-2024,5243.53,6168.86
chilli,karnataka,28-12-2024,4498.8,5292.71
chilli,karnataka,25-01-2025,4618.99,5434.11
chilli,karnataka,22-02-2025,4752.98,5591.74
chilli,karnataka,22-03-2025,4696.51,5525.31
chilli,karnataka,19-04-2025,4796.71,5643.19
chilli,karnataka,17-05-2025,4912.62,5779.55
chilli,karnataka,14-06-2025,4956.84,5831.58
chilli,karnataka,12-07-2025,4754.34,5593.34
chilli,karnataka,09-08-2025,5089.98,5988.21
chilli,karnataka,06-09-2025,4957.54,5832.4
chilli,karnataka,04-10-2025,4931.54,5801.81
chilli,tamilnadu,01-01-2022,5634.19,6628.46
chilli,tamilnadu,29-01-2022,6095.72,7171.44
chilli,tamilnadu,26-02-2022,6181.76,7272.66
chilli,tamilnadu,26-03-2022,5696.36,6701.6
chilli,tamilnadu,23-04-2022,6091.03,7165.92
chilli,tamilnadu,21-05-2022,6291.64,7401.93
chilli,tamilnadu,18-06-2022,6029.36,7093.36
chilli,tamilnadu,16-07-2022,6453.39,7592.22
chilli,tamilnadu,13-08-2022,6357.31,7479.19
chilli,tamilnadu,10-09-2022,6614.51,7781.78
chilli,tamilnadu,08-10-2022,6284.23,7393.21
chilli,tamilnadu,05-11-2022,6835.9,8042.23
chilli,tamilnadu,03-12-2022,6585.81,7748.01
chilli,tamilnadu,31-12-2022,5549.51,6528.83
chilli,tamilnadu,28-01-2023,5586.91,6572.84
chilli,tamilnadu,25-02-2023,5917.13,6961.33
chilli,tamilnadu,25-03-2023,5882.26,6920.31
chilli,tamilnadu,22-04-2023,6182.07,7273.02
chilli,tamilnadu,20-05-2023,6058.1,7127.18
chilli,tamilnadu,17-06-2023,6074.81,7146.84
chilli,tamilnadu,15-07-2023,5988.99,7045.87
chilli,tamilnadu,12-08-2023,6109.11,7187.19
chilli,tamilnadu,09-09-2023,6382.2,7508.47
chilli,tamilnadu,07-10-2023,6742.96,7932.89
chilli,tamilnadu,04-11-2023,6254.14,7357.81
chilli,tamilnadu,02-12-2023,6486.41,7631.07
chilli,tamilnadu,30-12-2023,5972.64,7026.64
chilli,tamilnadu,27-01-2024,5783.08,6803.62
chilli,tamilnadu,24-02-2024,6077.91,7150.48
chilli,tamilnadu,23-03-2024,5757.64,6773.7
chilli,tamilnadu,20-04-2024,6019.5,7081.76
chilli,tamilnadu,18-05-2024,5820.71,6847.9
chilli,tamilnadu,15-06-2024,6449.5,7587.65
chilli,tamilnadu,13-07-2024,6012.18,7073.15
chilli,tamilnadu,10-08-2024,6155.41,7241.66
chilli,tamilnadu,07-09-2024,6636.65,7807.82
chilli,tamilnadu,05-10-2024,6460.69,7600.81
chilli,tamilnadu,02-11-2024,6837.26,8043.84
chilli,tamilnadu,30-11-2024,6667.82,7844.49
chilli,tamilnadu,28-12-2024,5694.41,6699.31
chilli,tamilnadu,25-01-2025,6023.95,7087.0
chilli,tamilnadu,22-02-2025,5766.44,6784.05
chilli,tamilnadu,22-03-2025,6029.92,7094.02
chilli,tamilnadu,19-04-2025,5833.42,6862.85
chilli,tamilnadu,17-05-2025,5899.26,6940.3
chilli,tamilnadu,14-06-2025,6072.3,7143.88
chilli,tamilnadu,12-07-2025,6173.84,7263.34
chilli,tamilnadu,09-08-2025,6058.8,7128.0
chilli,tamilnadu,06-09-2025,6127.02,7208.26
chilli,tamilnadu,04-10-2025,6657.47,7832.32
chilli,andhrapradesh,01-01-2022,4017.9,4726.94
chilli,andhrapradesh,29-01-2022,4048.68,4763.15
chilli,andhrapradesh,26-02-2022,3934.36,4628.66
chilli,andhrapradesh,26-03-2022,4346.64,5113.69
chilli,andhrapradesh,23-04-2022,4330.85,5095.12
chilli,andhrapradesh,21-05-2022,4314.23,5075.57
chilli,andhrapradesh,18-06-2022,4512.79,5309.17
chilli,andhrapradesh,16-07-2022,4134.51,4864.13
chilli,andhrapradesh,13-08-2022,4259.18,5010.8
chilli,andhrapradesh,10-09-2022,4287.86,5044.54
chilli,andhrapradesh,08-10-2022,4718.63,5551.33
chilli,andhrapradesh,05-11-2022,4490.2,5282.59
chilli,andhrapradesh,03-12-2022,4686.17,5513.14
chilli,andhrapradesh,31-12-2022,4132.5,4861.76
chilli,andhrapradesh,28-01-2023,3993.82,4698.61
chilli,andhrapradesh,25-02-2023,4131.1,4860.12
chilli,andhrapradesh,25-03-2023,3960.7,4659.65
chilli,andhrapradesh,22-04-2023,4366.48,5137.03
chilli,andhrapradesh,20-05-2023,4179.12,4916.61
chilli,andhrapradesh,17-06-2023,4102.93,4826.98
chilli,andhrapradesh,15-07-2023,4387.22,5161.43
chilli,andhrapradesh,12-08-2023,4615.93,5430.51
chilli,andhrapradesh,09-09-2023,4501.91,5296.36
chilli,andhrapradesh,07-10-2023,4645.59,5465.4
chilli,andhrapradesh,04-11-2023,4410.79,5189.16
chilli,andhrapradesh,02-12-2023,4448.9,5234.0
chilli,andhrapradesh,30-12-2023,3958.07,4656.55
chilli,andhrapradesh,27-01-2024,4251.6,5001.88
chilli,andhrapradesh,24-02-2024,3940.61,4636.01
chilli,andhrapradesh,23-03-2024,4190.25,4929.71
chilli,andhrapradesh,20-04-2024,4249.91,4999.89
chilli,andhrapradesh,18-05-2024,4262.42,5014.61
chilli,andhrapradesh,15-06-2024,4443.96,5228.19
chilli,andhrapradesh,13-07-2024,4257.37,5008.67
chilli,andhrapradesh,10-08-2024,4209.61,4952.48
chilli,andhrapradesh,07-09-2024,4498.25,5292.06
chilli,andhrapradesh,05-10-2024,4392.89,5168.1
chilli,andhrapradesh,02-11-2024,4616.12,5430.73
chilli,andhrapradesh,30-11-2024,4692.74,5520.87
chilli,andhrapradesh,28-12-2024,3840.12,4517.79
chilli,andhrapradesh,25-01-2025,4094.8,4817.41
chilli,andhrapradesh,22-02-2025,4179.11,4916.6
chilli,andhrapradesh,22-03-2025,3957.22,4655.55
chilli,andhrapradesh,19-04-2025,4349.36,5116.9
chilli,andhrapradesh,17-05-2025,4321.48,5084.09
chilli,andhrapradesh,14-06-2025,4385.08,5158.92
chilli,andhrapradesh,12-07-2025,4486.16,5277.84
chilli,andhrapradesh,09-08-2025,4338.92,5104.61
chilli,andhrapradesh,06-09-2025,4454.95,5241.12
chilli,andhrapradesh,04-10-2025,4408.04,5185.93
chilli,telangana,01-01-2022,5256.88,6184.57
chilli,telangana,29-01-2022,5540.65,6518.41
chilli,telangana,26-02-2022,5297.72,6232.61
chilli,telangana,26-03-2022,5775.01,6794.13
chilli,telangana,23-04-2022,5468.03,6432.98
chilli,telangana,21-05-2022,5542.75,6520.88
chilli,telangana,18-06-2022,5558.79,6539.75
chilli,telangana,16-07-2022,5570.21,6553.19
chilli,telangana,13-08-2022,5637.91,6632.84
chilli,telangana,10-09-2022,5657.12,6655.43
chilli,telangana,08-10-2022,6024.06,7087.13
chilli,telangana,05-11-2022,5807.11,6831.89
chilli,telangana,03-12-2022,5864.68,6899.62
chilli,telangana,31-12-2022,5282.28,6214.45
chilli,telangana,28-01-2023,5187.12,6102.5
chilli,telangana,25-02-2023,5209.74,6129.1
chilli,telangana,25-03-2023,5657.01,6655.31
chilli,telangana,22-04-2023,5678.96,6681.13
chilli,telangana,20-05-2023,5685.26,6688.54
chilli,telangana,17-06-2023,5831.55,6860.65
chilli,telangana,15-07-2023,5735.68,6747.86
chilli,telangana,12-08-2023,5618.87,6610.44
chilli,telangana,09-09-2023,5990.69,7047.87
chilli,telangana,07-10-2023,6235.99,7336.46
chilli,telangana,04-11-2023,6069.4,7140.47
chilli,telangana,02-12-2023,6157.67,7244.32
chilli,telangana,30-12-2023,5541.65,6519.59
chilli,telangana,27-01-2024,5219.61,6140.72
chilli,telangana,24-02-2024,5427.29,6385.05
chilli,telangana,23-03-2024,5251.33,6178.03
chilli,telangana,20-04-2024,5382.86,6332.78
chilli,telangana,18-05-2024,5466.53,6431.21
chilli,telangana,15-06-2024,5459.13,6422.51
chilli,telangana,13-07-2024,5502.47,6473.5
chilli,telangana,10-08-2024,6045.4,7112.24
chilli,telangana,07-09-2024,5759.12,6775.43
chilli,telangana,05-10-2024,5784.52,6805.32
chilli,telangana,02-11-2024,6036.49,7101.75
chilli,telangana,30-11-2024,6200.8,7295.06
chilli,telangana,28-12-2024,5254.97,6182.32
chilli,telangana,25-01-2025,5488.06,6456.54
chilli,telangana,22-02-2025,5345.85,6289.24
chilli,telangana,22-03-2025,5305.89,6242.22
chilli,telangana,19-04-2025,5477.83,6444.51
chilli,telangana,17-05-2025,5903.79,6945.64
chilli,telangana,14-06-2025,5662.46,6661.72
chilli,telangana,12-07-2025,5666.08,6665.98
chilli,telangana,09-08-2025,6081.85,7155.12
chilli,telangana,06-09-2025,5944.78,6993.86
chilli,telangana,04-10-2025,6091.05,7165.94
chilli,kerala,01-01-2022,4113.05,4838.88
chilli,kerala,29-01-2022,4233.64,4980.75
chilli,kerala,26-02-2022,4065.04,4782.4
chilli,kerala,26-03-2022,4144.01,4875.31
chilli,kerala,23-04-2022,4404.42,5181.67
chilli,kerala,21-05-2022,4099.73,4823.21
chilli,kerala,18-06-2022,4464.31,5252.13
chilli,kerala,16-07-2022,4235.96,4983.48
chilli,kerala,13-08-2022,4444.62,5228.97
chilli,kerala,10-09-2022,4652.14,5473.11
chilli,kerala,08-10-2022,4681.94,5508.16
chilli,kerala,05-11-2022,4649.02,5469.43
chilli,kerala,03-12-2022,4560.72,5365.55
chilli,kerala,31-12-2022,4108.11,4833.07
chilli,kerala,28-01-2023,4102.93,4826.98
chilli,kerala,25-02-2023,4186.21,4924.95
chilli,kerala,25-03-2023,4274.02,5028.26
chilli,kerala,22-04-2023,4146.02,4877.67
chilli,kerala,20-05-2023,4037.93,4750.51
chilli,kerala,17-06-2023,4291.74,5049.1
chilli,kerala,15-07-2023,4490.07,5282.43
chilli,kerala,12-08-2023,4399.39,5175.75
chilli,kerala,09-09-2023,4320.26,5082.66
chilli,kerala,07-10-2023,4423.36,5203.95
chilli,kerala,04-11-2023,4620.76,5436.19
chilli,kerala,02-12-2023,4707.26,5537.95
chilli,kerala,30-12-2023,4001.76,4707.95
chilli,kerala,27-01-2024,4062.16,4779.01
chilli,kerala,24-02-2024,4259.26,5010.9
chilli,kerala,23-03-2024,4354.28,5122.68
chilli,kerala,20-04-2024,4246.57,4995.96
chilli,kerala,18-05-2024,4296.92,5055.2
chilli,kerala,15-06-2024,4271.16,5024.89
chilli,kerala,13-07-2024,4544.64,5346.64
chilli,kerala,10-08-2024,4531.0,5330.59
chilli,kerala,07-09-2024,4428.76,5210.31
chilli,kerala,05-10-2024,4597.27,5408.55
chilli,kerala,02-11-2024,4570.02,5376.5
chilli,kerala,30-11-2024,4616.32,5430.97
chilli,kerala,28-12-2024,4102.07,4825.97
chilli,kerala,25-01-2025,3865.2,4547.3
chilli,kerala,22-02-2025,4030.93,4742.27
chilli,kerala,22-03-2025,4111.0,4836.47
chilli,kerala,19-04-2025,4252.69,5003.17
chilli,kerala,17-05-2025,4373.24,5144.99
chilli,kerala,14-06-2025,4288.17,5044.91
chilli,kerala,12-07-2025,4513.52,5310.02
chilli,kerala,09-08-2025,4587.65,5397.23
chilli,kerala,06-09-2025,4633.04,5450.63
chilli,kerala,04-10-2025,4547.63,5350.15
chilli,maharashtra,01-01-2022,4337.32,5102.73
chilli,maharashtra,29-01-2022,4514.78,5311.51
chilli,maharashtra,26-02-2022,4506.27,5301.49
chilli,maharashtra,26-03-2022,4492.8,5285.65
chilli,maharashtra,23-04-2022,4710.03,5541.21
chilli,maharashtra,21-05-2022,4478.05,5268.29
chilli,maharashtra,18-06-2022,4621.24,5436.75
chilli,maharashtra,16-07-2022,4999.15,5881.35
chilli,maharashtra,13-08-2022,4740.49,5577.05
chilli,maharashtra,10-09-2022,4799.77,5646.79
chilli,maharashtra,08-10-2022,4985.5,5865.29
chilli,maharashtra,05-11-2022,4794.45,5640.53
chilli,maharashtra,03-12-2022,5310.1,6247.18
chilli,maharashtra,31-12-2022,4396.57,5172.43
chilli,maharashtra,28-01-2023,4428.02,5209.44
chilli,maharashtra,25-02-2023,4497.54,5291.22
chilli,maharashtra,25-03-2023,4794.62,5640.73
chilli,maharashtra,22-04-2023,4779.78,5623.27
chilli,maharashtra,20-05-2023,4588.33,5398.04
chilli,maharashtra,17-06-2023,4899.08,5763.62
chilli,maharashtra,15-07-2023,4827.22,5679.08
chilli,maharashtra,12-08-2023,4819.52,5670.02
chilli,maharashtra,09-09-2023,4915.96,5783.48
chilli,maharashtra,07-10-2023,5195.17,6111.97
chilli,maharashtra,04-11-2023,5173.41,6086.36
chilli,maharashtra,02-12-2023,5151.6,6060.71
chilli,maharashtra,30-12-2023,4333.36,5098.07
chilli,maharashtra,27-01-2024,4518.97,5316.43
chilli,maharashtra,24-02-2024,4325.96,5089.37
chilli,maharashtra,23-03-2024,4808.48,5657.03
chilli,maharashtra,20-04-2024,4506.52,5301.79
chilli,maharashtra,18-05-2024,4770.33,5612.15
chilli,maharashtra,15-06-2024,4648.83,5469.21
chilli,maharashtra,13-07-2024,4620.29,5435.63
chilli,maharashtra,10-08-2024,4731.11,5566.01
chilli,maharashtra,07-09-2024,5155.58,6065.39
chilli,maharashtra,05-10-2024,5000.41,5882.84
chilli,maharashtra,02-11-2024,4939.21,5810.83
chilli,maharashtra,30-11-2024,5103.36,6003.95
chilli,maharashtra,28-12-2024,4286.54,5042.99
chilli,maharashtra,25-01-2025,4556.93,5361.09
chilli,maharashtra,22-02-2025,4338.87,5104.55
chilli,maharashtra,22-03-2025,4651.68,5472.57
chilli,maharashtra,19-04-2025,4846.67,5701.97
chilli,maharashtra,17-05-2025,4469.59,5258.34
chilli,maharashtra,14-06-2025,4573.94,5381.1
chilli,maharashtra,12-07-2025,4924.69,5793.75
chilli,maharashtra,09-08-2025,4742.46,5579.36
chilli,maharashtra,06-09-2025,4992.49,5873.52
chilli,maharashtra,04-10-2025,5055.61,5947.78
chilli,gujarat,01-01-2022,4958.76,5833.83
chilli,gujarat,29-01-2022,4681.98,5508.21
chilli,gujarat,26-02-2022,4720.03,5552.98
chilli,gujarat,26-03-2022,4744.7,5582.0
chilli,gujarat,23-04-2022,5219.08,6140.09
chilli,gujarat,21-05-2022,4966.07,5842.43
chilli,gujarat,18-06-2022,5143.63,6051.33
chilli,gujarat,16-07-2022,5206.62,6125.44
chilli,gujarat,13-08-2022,5014.74,5899.7
chilli,gujarat,10-09-2022,5556.19,6536.69
chilli,gujarat,08-10-2022,5559.76,6540.9
chilli,gujarat,05-11-2022,5610.48,6600.57
chilli,gujarat,03-12-2022,5206.51,6125.3
chilli,gujarat,31-12-2022,4641.19,5460.22
chilli,gujarat,28-01-2023,4959.19,5834.34
chilli,gujarat,25-02-2023,5027.99,5915.28
chilli,gujarat,25-03-2023,5163.31,6074.48
chilli,gujarat,22-04-2023,5235.79,6159.75
chilli,gujarat,20-05-2023,4866.79,5725.63
chilli,gujarat,17-06-2023,5097.01,5996.48
chilli,gujarat,15-07-2023,4985.25,5865.0
chilli,gujarat,12-08-2023,5380.24,6329.7
chilli,gujarat,09-09-2023,5448.45,6409.94
chilli,gujarat,07-10-2023,5341.13,6283.68
chilli,gujarat,04-11-2023,5214.38,6134.56
chilli,gujarat,02-12-2023,5570.65,6553.71
chilli,gujarat,30-12-2023,4659.66,5481.95
chilli,gujarat,27-01-2024,4623.69,5439.63
chilli,gujarat,24-02-2024,5025.34,5912.16
chilli,gujarat,23-03-2024,4871.08,5730.68
chilli,gujarat,20-04-2024,4946.97,5819.97
chilli,gujarat,18-05-2024,4905.22,5770.85
chilli,gujarat,15-06-2024,5349.85,6293.94
chilli,gujarat,13-07-2024,5298.14,6233.11
chilli,gujarat,10-08-2024,5456.2,6419.06
chilli,gujarat,07-09-2024,5364.07,6310.67
chilli,gujarat,05-10-2024,5611.33,6601.56
chilli,gujarat,02-11-2024,5563.58,6545.39
chilli,gujarat,30-11-2024,5748.23,6762.62
chilli,gujarat,28-12-2024,4604.37,5416.91
chilli,gujarat,25-01-2025,4748.56,5586.54
chilli,gujarat,22-02-2025,4894.97,5758.79
chilli,gujarat,22-03-2025,5037.33,5926.27
chilli,gujarat,19-04-2025,4850.07,5705.96
chilli,gujarat,17-05-2025,5311.14,6248.4
chilli,gujarat,14-06-2025,5253.75,6180.88
chilli,gujarat,12-07-2025,5104.39,6005.17
chilli,gujarat,09-08-2025,5157.09,6067.16
chilli,gujarat,06-09-2025,5241.6,6166.59
chilli,gujarat,04-10-2025,5497.34,6467.46
chilli,rajasthan,01-01-2022,4185.27,4923.85
chilli,rajasthan,29-01-2022,4364.19,5134.34
chilli,rajasthan,26-02-2022,4161.12,4895.44
chilli,rajasthan,26-03-2022,4202.14,4943.69
chilli,rajasthan,23-04-2022,4448.99,5234.1
chilli,rajasthan,21-05-2022,4562.23,5367.33
chilli,rajasthan,18-06-2022,4604.24,5416.75
chilli,rajasthan,16-07-2022,4348.23,5115.56
chilli,rajasthan,13-08-2022,4823.87,5675.14
chilli,rajasthan,10-09-2022,4522.31,5320.37
chilli,rajasthan,08-10-2022,4775.33,5618.03
chilli,rajasthan,05-11-2022,4949.92,5823.43
chilli,rajasthan,03-12-2022,4803.09,5650.69
chilli,rajasthan,31-12-2022,4293.29,5050.93
chilli,rajasthan,28-01-2023,4184.52,4922.96
chilli,rajasthan,25-02-2023,4345.43,5112.27
chilli,rajasthan,25-03-2023,4206.03,4948.27
chilli,rajasthan,22-04-2023,4187.64,4926.63
chilli,rajasthan,20-05-2023,4419.88,5199.86
chilli,rajasthan,17-06-2023,4269.96,5023.48
chilli,rajasthan,15-07-2023,4479.36,5269.84
chilli,rajasthan,12-08-2023,4821.4,5672.24
chilli,rajasthan,09-09-2023,4851.1,5707.18
chilli,rajasthan,07-10-2023,4771.42,5613.44
chilli,rajasthan,04-11-2023,4713.49,5545.28
chilli,rajasthan,02-12-2023,4967.99,5844.7
chilli,rajasthan,30-12-2023,4376.37,5148.67
chilli,rajasthan,27-01-2024,4385.43,5159.33
chilli,rajasthan,24-02-2024,4106.66,4831.36
chilli,rajasthan,23-03-2024,4485.25,5276.77
chilli,rajasthan,20-04-2024,4430.18,5211.98
chilli,rajasthan,18-05-2024,4468.06,5256.54
chilli,rajasthan,15-06-2024,4320.63,5083.09
chilli,rajasthan,13-07-2024,4379.53,5152.39
chilli,rajasthan,10-08-2024,4594.62,5405.43
chilli,rajasthan,07-09-2024,4880.03,5741.21
chilli,rajasthan,05-10-2024,4807.71,5656.13
chilli,rajasthan,02-11-2024,4677.92,5503.44
chilli,rajasthan,30-11-2024,4865.83,5724.51
chilli,rajasthan,28-12-2024,3984.66,4687.83
chilli,rajasthan,25-01-2025,4374.1,5146.0
chilli,rajasthan,22-02-2025,4205.99,4948.22
chilli,rajasthan,22-03-2025,4255.01,5005.89
chilli,rajasthan,19-04-2025,4530.03,5329.45
chilli,rajasthan,17-05-2025,4349.07,5116.55
chilli,rajasthan,14-06-2025,4654.07,5475.38
chilli,rajasthan,12-07-2025,4342.78,5109.15
chilli,rajasthan,09-08-2025,4505.37,5300.43
chilli,rajasthan,06-09-2025,4865.13,5723.68
chilli,rajasthan,04-10-2025,4530.8,5330.35
chilli,punjab,01-01-2022,4416.44,5195.81
chilli,punjab,29-01-2022,4368.99,5139.99
chilli,punjab,26-02-2022,4508.46,5304.07
chilli,punjab,26-03-2022,4596.76,5407.95
chilli,punjab,23-04-2022,4493.57,5286.55
chilli,punjab,21-05-2022,4763.78,5604.45
chilli,punjab,18-06-2022,4600.69,5412.58
chilli,punjab,16-07-2022,4767.47,5608.79
chilli,punjab,13-08-2022,4817.95,5668.18
chilli,punjab,10-09-2022,4734.82,5570.38
chilli,punjab,08-10-2022,5269.86,6199.83
chilli,punjab,05-11-2022,4996.09,5877.75
chilli,punjab,03-12-2022,5248.27,6174.43
chilli,punjab,31-12-2022,4635.45,5453.47
chilli,punjab,28-01-2023,4721.29,5554.46
chilli,punjab,25-02-2023,4628.94,5445.81
chilli,punjab,25-03-2023,4800.6,5647.76
chilli,punjab,22-04-2023,4628.8,5445.65
chilli,punjab,20-05-2023,4556.82,5360.96
chilli,punjab,17-06-2023,4691.54,5519.46
chilli,punjab,15-07-2023,4779.81,5623.31
chilli,punjab,12-08-2023,5107.32,6008.61
chilli,punjab,09-09-2023,4814.32,5663.91
chilli,punjab,07-10-2023,4883.24,5744.99
chilli,punjab,04-11-2023,5236.35,6160.41
chilli,punjab,02-12-2023,5001.43,5884.04
chilli,punjab,30-12-2023,4370.37,5141.61
chilli,punjab,27-01-2024,4680.58,5506.56
chilli,punjab,24-02-2024,4604.8,5417.41
chilli,punjab,23-03-2024,4656.71,5478.48
chilli,punjab,20-04-2024,4861.92,5719.91
chilli,punjab,18-05-2024,4897.05,5761.24
chilli,punjab,15-06-2024,4828.36,5680.42
chilli,punjab,13-07-2024,4898.21,5762.6
chilli,punjab,10-08-2024,5010.01,5894.13
chilli,punjab,07-09-2024,4871.3,5730.94
chilli,punjab,05-10-2024,5054.22,5946.14
chilli,punjab,02-11-2024,4980.73,5859.68
chilli,punjab,30-11-2024,5342.59,6285.4
chilli,punjab,28-12-2024,4583.06,5391.83
chilli,punjab,25-01-2025,4318.17,5080.2
chilli,punjab,22-02-2025,4773.69,5616.11
chilli,punjab,22-03-2025,4600.53,5412.39
chilli,punjab,19-04-2025,4767.42,5608.73
chilli,punjab,17-05-2025,4639.4,5458.12
chilli,punjab,14-06-2025,4589.61,5399.54
chilli,punjab,12-07-2025,4650.99,5471.75
chilli,punjab,09-08-2025,5137.1,6043.65
chilli,punjab,06-09-2025,5016.04,5901.22
chilli,punjab,04-10-2025,4830.21,5682.6
chilli,haryana,01-01-2022,4865.45,5724.06
chilli,haryana,29-01-2022,4872.73,5732.62
chilli,haryana,26-02-2022,5023.22,5909.67
chilli,haryana,26-03-2022,4943.76,5816.19
chilli,haryana,23-04-2022,5170.54,6082.99
chilli,haryana,21-05-2022,5216.59,6137.17
chilli,haryana,18-06-2022,5400.02,6352.97
chilli,haryana,16-07-2022,5084.81,5982.13
chilli,haryana,13-08-2022,5189.51,6105.3
chilli,haryana,10-09-2022,5508.99,6481.16
chilli,haryana,08-10-2022,5527.14,6502.52
chilli,haryana,05-11-2022,5753.66,6769.01
chilli,haryana,03-12-2022,5684.43,6687.57
chilli,haryana,31-12-2022,4644.67,5464.32
chilli,haryana,28-01-2023,4802.21,5649.66
chilli,haryana,25-02-2023,5106.36,6007.48
chilli,haryana,25-03-2023,4895.7,5759.65
chilli,haryana,22-04-2023,5358.31,6303.89
chilli,haryana,20-05-2023,5373.5,6321.77
chilli,haryana,17-06-2023,5250.82,6177.44
chilli,haryana,15-07-2023,5566.46,6548.78
chilli,haryana,12-08-2023,5101.96,6002.31
chilli,haryana,09-09-2023,5440.86,6401.01
chilli,haryana,07-10-2023,5364.83,6311.56
chilli,haryana,04-11-2023,5713.68,6721.98
chilli,haryana,02-12-2023,5766.03,6783.57
chilli,haryana,30-12-2023,4727.98,5562.33
chilli,haryana,27-01-2024,4964.85,5841.0
chilli,haryana,24-02-2024,4781.82,5625.67
chilli,haryana,23-03-2024,4916.79,5784.46
chilli,haryana,20-04-2024,5209.5,6128.82
chilli,haryana,18-05-2024,5025.42,5912.26
chilli,haryana,15-06-2024,5260.32,6188.61
chilli,haryana,13-07-2024,5223.98,6145.86
chilli,haryana,10-08-2024,5316.26,6254.42
chilli,haryana,07-09-2024,5477.65,6444.3
chilli,haryana,05-10-2024,5714.73,6723.21
chilli,haryana,02-11-2024,5432.29,6390.93
chilli,haryana,30-11-2024,5470.2,6435.53
chilli,haryana,28-12-2024,5054.29,5946.22
chilli,haryana,25-01-2025,4755.88,5595.15
chilli,haryana,22-02-2025,4962.33,5838.03
chilli,haryana,22-03-2025,5138.22,6044.96
chilli,haryana,19-04-2025,5122.8,6026.82
chilli,haryana,17-05-2025,5432.6,6391.3
chilli,haryana,14-06-2025,5196.19,6113.17
chilli,haryana,12-07-2025,5142.74,6050.28
chilli,haryana,09-08-2025,5234.89,6158.7
chilli,haryana,06-09-2025,5226.55,6148.88
chilli,haryana,04-10-2025,5315.99,6254.11
chilli,uttarpradesh,01-01-2022,4990.64,5871.34
chilli,uttarpradesh,29-01-2022,5342.34,6285.1
chilli,uttarpradesh,26-02-2022,5121.78,6025.62
chilli,uttarpradesh,26-03-2022,5134.47,6040.55
chilli,uttarpradesh,23-04-2022,5717.96,6727.01
chilli,uttarpradesh,21-05-2022,5646.31,6642.72
chilli,uttarpradesh,18-06-2022,5705.01,6711.78
chilli,uttarpradesh,16-07-2022,5744.61,6758.36
chilli,uttarpradesh,13-08-2022,5496.07,6465.97
chilli,uttarpradesh,10-09-2022,5607.56,6597.13
chilli,uttarpradesh,08-10-2022,6102.97,7179.96
chilli,uttarpradesh,05-11-2022,5943.62,6992.5
chilli,uttarpradesh,03-12-2022,6054.91,7123.42
chilli,uttarpradesh,31-12-2022,5300.49,6235.87
chilli,uttarpradesh,28-01-2023,5425.82,6383.32
chilli,uttarpradesh,25-02-2023,5058.67,5951.38
chilli,uttarpradesh,25-03-2023,5170.39,6082.81
chilli,uttarpradesh,22-04-2023,5286.69,6219.63
chilli,uttarpradesh,20-05-2023,5315.36,6253.36
chilli,uttarpradesh,17-06-2023,5701.15,6707.23
chilli,uttarpradesh,15-07-2023,5801.88,6825.74
chilli,uttarpradesh,12-08-2023,5915.91,6959.89
chilli,uttarpradesh,09-09-2023,5669.29,6669.75
chilli,uttarpradesh,07-10-2023,5783.06,6803.6
chilli,uttarpradesh,04-11-2023,5993.74,7051.46
chilli,uttarpradesh,02-12-2023,6071.88,7143.39
chilli,uttarpradesh,30-12-2023,5158.43,6068.74
chilli,uttarpradesh,27-01-2024,5095.74,5994.99
chilli,uttarpradesh,24-02-2024,5389.03,6340.03
chilli,uttarpradesh,23-03-2024,5224.12,6146.02
chilli,uttarpradesh,20-04-2024,5366.67,6313.73
chilli,uttarpradesh,18-05-2024,5715.25,6723.82
chilli,uttarpradesh,15-06-2024,5775.75,6795.0
chilli,uttarpradesh,13-07-2024,5732.33,6743.92
chilli,uttarpradesh,10-08-2024,5699.73,6705.57
chilli,uttarpradesh,07-09-2024,6029.36,7093.37
chilli,uttarpradesh,05-10-2024,5798.42,6821.67
chilli,uttarpradesh,02-11-2024,5753.38,6768.68
chilli,uttarpradesh,30-11-2024,5924.55,6970.06
chilli,uttarpradesh,28-12-2024,5010.68,5894.92
chilli,uttarpradesh,25-01-2025,5400.31,6353.3
chilli,uttarpradesh,22-02-2025,5494.65,6464.29
chilli,uttarpradesh,22-03-2025,5515.57,6488.91
chilli,uttarpradesh,19-04-2025,5459.86,6423.37
chilli,uttarpradesh,17-05-2025,5348.12,6291.91
chilli,uttarpradesh,14-06-2025,5358.83,6304.51
chilli,uttarpradesh,12-07-2025,5520.75,6495.0
chilli,uttarpradesh,09-08-2025,5581.93,6566.98
chilli,uttarpradesh,06-09-2025,5583.86,6569.25
chilli,uttarpradesh,04-10-2025,5991.9,7049.3
chilli,madhyapradesh,01-01-2022,5001.44,5884.05
chilli,madhyapradesh,29-01-2022,4719.74,5552.64
chilli,madhyapradesh,26-02-2022,4972.27,5849.73
chilli,madhyapradesh,26-03-2022,4956.32,5830.97
chilli,madhyapradesh,23-04-2022,4975.56,5853.6
chilli,madhyapradesh,21-05-2022,5022.56,5908.9
chilli,madhyapradesh,18-06-2022,5428.79,6386.81
chilli,madhyapradesh,16-07-2022,5478.87,6445.73
chilli,madhyapradesh,13-08-2022,5608.21,6597.9
chilli,madhyapradesh,10-09-2022,5295.7,6230.24
chilli,madhyapradesh,08-10-2022,5470.59,6435.99
chilli,madhyapradesh,05-11-2022,5507.86,6479.84
chilli,madhyapradesh,03-12-2022,5397.59,6350.11
chilli,madhyapradesh,31-12-2022,5010.4,5894.59
chilli,madhyapradesh,28-01-2023,5005.9,5889.29
chilli,madhyapradesh,25-02-2023,4937.38,5808.68
chilli,madhyapradesh,25-03-2023,5301.79,6237.4
chilli,madhyapradesh,22-04-2023,5143.09,6050.7
chilli,madhyapradesh,20-05-2023,5250.87,6177.49
chilli,madhyapradesh,17-06-2023,5052.09,5943.63
chilli,madhyapradesh,15-07-2023,5175.88,6089.27
chilli,madhyapradesh,12-08-2023,5290.55,6224.18
chilli,madhyapradesh,09-09-2023,5287.66,6220.78
chilli,madhyapradesh,07-10-2023,5261.47,6189.97
chilli,madhyapradesh,04-11-2023,5742.79,6756.22
chilli,madhyapradesh,02-12-2023,5612.18,6602.57
chilli,madhyapradesh,30-12-2023,4780.96,5624.66
chilli,madhyapradesh,27-01-2024,4886.74,5749.1
chilli,madhyapradesh,24-02-2024,4776.74,5619.69
chilli,madhyapradesh,23-03-2024,5286.96,6219.95
chilli,madhyapradesh,20-04-2024,4915.59,5783.05
chilli,madhyapradesh,18-05-2024,5383.87,6333.96
chilli,madhyapradesh,15-06-2024,5108.35,6009.82
chilli,madhyapradesh,13-07-2024,5163.49,6074.7
chilli,madhyapradesh,10-08-2024,5605.09,6594.22
chilli,madhyapradesh,07-09-2024,5654.4,6652.24
chilli,madhyapradesh,05-10-2024,5676.42,6678.14
chilli,madhyapradesh,02-11-2024,5583.39,6568.7
chilli,madhyapradesh,30-11-2024,5840.76,6871.48
chilli,madhyapradesh,28-12-2024,5079.02,5975.32
chilli,madhyapradesh,25-01-2025,4997.17,5879.02
chilli,madhyapradesh,22-02-2025,5233.52,6157.08
chilli,madhyapradesh,22-03-2025,4804.74,5652.63
chilli,madhyapradesh,19-04-2025,5351.28,6295.62
chilli,madhyapradesh,17-05-2025,5088.03,5985.92
chilli,madhyapradesh,14-06-2025,5337.53,6279.45
chilli,madhyapradesh,12-07-2025,5327.54,6267.69
chilli,madhyapradesh,09-08-2025,5396.2,6348.47
chilli,madhyapradesh,06-09-2025,5150.34,6059.22
chilli,madhyapradesh,04-10-2025,5313.32,6250.96
chilli,westbengal,01-01-2022,4108.14,4833.1
chilli,westbengal,29-01-2022,4353.56,5121.84
chilli,westbengal,26-02-2022,4186.94,4925.81
chilli,westbengal,26-03-2022,4478.41,5268.72
chilli,westbengal,23-04-2022,4436.2,5219.06
chilli,westbengal,21-05-2022,4507.89,5303.4
chilli,westbengal,18-06-2022,4579.28,5387.39
chilli,westbengal,16-07-2022,4764.9,5605.76
chilli,westbengal,13-08-2022,4637.36,5455.72
chilli,westbengal,10-09-2022,4592.89,5403.4
chilli,westbengal,08-10-2022,4655.25,5476.77
chilli,westbengal,05-11-2022,4823.46,5674.66
chilli,westbengal,03-12-2022,5004.31,5887.42
chilli,westbengal,31-12-2022,4115.84,4842.16
chilli,westbengal,28-01-2023,4393.28,5168.57
chilli,westbengal,25-02-2023,4232.33,4979.21
chilli,westbengal,25-03-2023,4458.56,5245.37
chilli,westbengal,22-04-2023,4412.58,5191.27
chilli,westbengal,20-05-2023,4447.5,5232.35
chilli,westbengal,17-06-2023,4471.65,5260.77
chilli,westbengal,15-07-2023,4583.5,5392.35
chilli,westbengal,12-08-2023,4694.74,5523.22
chilli,westbengal,09-09-2023,4474.68,5264.33
chilli,westbengal,07-10-2023,4898.39,5762.81
chilli,westbengal,04-11-2023,4636.08,5454.21
chilli,westbengal,02-12-2023,4992.89,5873.99
chilli,westbengal,30-12-2023,4065.66,4783.13
chilli,westbengal,27-01-2024,4204.35,4946.29
chilli,westbengal,24-02-2024,4506.73,5302.04
chilli,westbengal,23-03-2024,4160.28,4894.45
chilli,westbengal,20-04-2024,4477.89,5268.1
chilli,westbengal,18-05-2024,4662.36,5485.13
chilli,westbengal,15-06-2024,4476.36,5266.31
chilli,westbengal,13-07-2024,4389.13,5163.68
chilli,westbengal,10-08-2024,4716.98,5549.39
chilli,westbengal,07-09-2024,4528.39,5327.52
chilli,westbengal,05-10-2024,4521.88,5319.86
chilli,westbengal,02-11-2024,4648.06,5468.31
chilli,westbengal,30-11-2024,5017.77,5903.26
chilli,westbengal,28-12-2024,4151.2,4883.76
chilli,westbengal,25-01-2025,4449.91,5235.19
chilli,westbengal,22-02-2025,4355.19,5123.75
chilli,westbengal,22-03-2025,4515.45,5312.29
chilli,westbengal,19-04-2025,4571.19,5377.87
chilli,westbengal,17-05-2025,4269.63,5023.09
chilli,westbengal,14-06-2025,4693.53,5521.8
chilli,westbengal,12-07-2025,4605.97,5418.79
chilli,westbengal,09-08-2025,4420.03,5200.04
chilli,westbengal,06-09-2025,4543.23,5344.98
chilli,westbengal,04-10-2025,4758.16,5597.84
chilli,bihar,01-01-2022,5621.9,6614.0
chilli,bihar,29-01-2022,5311.92,6249.32
chilli,bihar,26-02-2022,5506.98,6478.8
chilli,bihar,26-03-2022,5462.85,6426.88
chilli,bihar,23-04-2022,5466.31,6430.95
chilli,bihar,21-05-2022,5869.0,6904.71
chilli,bihar,18-06-2022,5921.33,6966.27
chilli,bihar,16-07-2022,6105.75,7183.23
chilli,bihar,13-08-2022,5917.13,6961.33
chilli,bihar,10-09-2022,6285.39,7394.58
chilli,bihar,08-10-2022,6236.82,7337.44
chilli,bihar,05-11-2022,6362.19,7484.93
chilli,bihar,03-12-2022,5944.43,6993.45
chilli,bihar,31-12-2022,5387.84,6338.64
chilli,bihar,28-01-2023,5305.44,6241.69
chilli,bihar,25-02-2023,5561.99,6543.52
chilli,bihar,25-03-2023,5308.09,6244.81
chilli,bihar,22-04-2023,5765.64,6783.1
chilli,bihar,20-05-2023,5970.47,7024.08
chilli,bihar,17-06-2023,5935.6,6983.06
chilli,bihar,15-07-2023,5889.1,6928.35
chilli,bihar,12-08-2023,5724.47,6734.67
chilli,bihar,09-09-2023,6133.62,7216.02
chilli,bihar,07-10-2023,6348.88,7469.27
chilli,bihar,04-11-2023,6168.79,7257.4
chilli,bihar,02-12-2023,6295.64,7406.64
chilli,bihar,30-12-2023,5220.27,6141.49
chilli,bihar,27-01-2024,5628.79,6622.11
chilli,bihar,24-02-2024,5373.5,6321.77
chilli,bihar,23-03-2024,5333.29,6274.46
chilli,bihar,20-04-2024,5473.29,6439.17
chilli,bihar,18-05-2024,5909.03,6951.8
chilli,bihar,15-06-2024,5613.92,6604.61
chilli,bihar,13-07-2024,5736.09,6748.34
chilli,bihar,10-08-2024,5663.45,6662.88
chilli,bihar,07-09-2024,5960.23,7012.04
chilli,bihar,05-10-2024,6129.56,7211.25
chilli,bihar,02-11-2024,5837.92,6868.14
chilli,bihar,30-11-2024,6331.84,7449.22
chilli,bihar,28-12-2024,5506.53,6478.27
chilli,bihar,25-01-2025,5380.32,6329.79
chilli,bihar,22-02-2025,5661.87,6661.02
chilli,bihar,22-03-2025,5733.28,6745.04
chilli,bihar,19-04-2025,5843.88,6875.15
chilli,bihar,17-05-2025,5682.76,6685.6
chilli,bihar,14-06-2025,5897.74,6938.52
chilli,bihar,12-07-2025,6051.51,7119.42
chilli,bihar,09-08-2025,5721.38,6731.03
chilli,bihar,06-09-2025,5917.47,6961.73
chilli,bihar,04-10-2025,5858.62,6892.49
chilli,odisha,01-01-2022,3920.06,4611.84
chilli,odisha,29-01-2022,4242.92,4991.67
chilli,odisha,26-02-2022,4119.71,4846.72
chilli,odisha,26-03-2022,4028.82,4739.79
chilli,odisha,23-04-2022,4108.19,4833.17
chilli,odisha,21-05-2022,4120.71,4847.89
chilli,odisha,18-06-2022,4317.96,5079.95
chilli,odisha,16-07-2022,4376.69,5149.05
chilli,odisha,13-08-2022,4545.02,5347.08
chilli,odisha,10-09-2022,4356.14,5124.87
chilli,odisha,08-10-2022,4654.5,5475.88
chilli,odisha,05-11-2022,4706.14,5536.63
chilli,odisha,03-12-2022,4836.99,5690.58
chilli,odisha,31-12-2022,4064.22,4781.43
chilli,odisha,28-01-2023,4266.71,5019.66
chilli,odisha,25-02-2023,4190.87,4930.43
chilli,odisha,25-03-2023,4397.47,5173.5
chilli,odisha,22-04-2023,4290.29,5047.4
chilli,odisha,20-05-2023,4231.26,4977.95
chilli,odisha,17-06-2023,4334.51,5099.42
chilli,odisha,15-07-2023,4550.34,5353.34
chilli,odisha,12-08-2023,4498.04,5291.81
chilli,odisha,09-09-2023,4578.92,5386.96
chilli,odisha,07-10-2023,4427.51,5208.83
chilli,odisha,04-11-2023,4584.19,5393.16
chilli,odisha,02-12-2023,4505.48,5300.56
chilli,odisha,30-12-2023,4188.13,4927.21
chilli,odisha,27-01-2024,4079.72,4799.67
chilli,odisha,24-02-2024,4076.27,4795.61
chilli,odisha,23-03-2024,4248.0,4997.65
chilli,odisha,20-04-2024,4435.18,5217.86
chilli,odisha,18-05-2024,4432.82,5215.08
chilli,odisha,15-06-2024,4501.12,5295.43
chilli,odisha,13-07-2024,4271.68,5025.51
chilli,odisha,10-08-2024,4364.93,5135.21
chilli,odisha,07-09-2024,4629.41,5446.36
chilli,odisha,05-10-2024,4541.11,5342.48
chilli,odisha,02-11-2024,4419.22,5199.08
chilli,odisha,30-11-2024,4696.12,5524.85
chilli,odisha,28-12-2024,4171.89,4908.1
chilli,odisha,25-01-2025,3949.14,4646.05
chilli,odisha,22-02-2025,3967.49,4667.63
chilli,odisha,22-03-2025,4302.95,5062.3
chilli,odisha,19-04-2025,4268.14,5021.34
chilli,odisha,17-05-2025,4458.16,5244.89
chilli,odisha,14-06-2025,4381.11,5154.25
chilli,odisha,12-07-2025,4359.06,5128.31
chilli,odisha,09-08-2025,4522.72,5320.85
chilli,odisha,06-09-2025,4602.32,5414.49
chilli,odisha,04-10-2025,4701.44,5531.11
turmeric,karnataka,01-01-2022,3272.55,3850.06
turmeric,karnataka,29-01-2022,3551.61,4178.37
turmeric,karnataka,26-02-2022,3568.73,4198.51
turmeric,karnataka,26-03-2022,3416.3,4019.18
turmeric,karnataka,23-04-2022,3390.04,3988.28
turmeric,karnataka,21-05-2022,3720.36,4376.89
turmeric,karnataka,18-06-2022,3649.7,4293.77
turmeric,karnataka,16-07-2022,3519.48,4140.56
turmeric,karnataka,13-08-2022,3732.68,4391.39
turmeric,karnataka,10-09-2022,3603.76,4239.72
turmeric,karnataka,08-10-2022,3812.06,4484.78
turmeric,karnataka,05-11-2022,3688.42,4339.32
turmeric,karnataka,03-12-2022,3794.03,4463.56
turmeric,karnataka,31-12-2022,3397.34,3996.87
turmeric,karnataka,28-01-2023,3535.29,4159.16
turmeric,karnataka,25-02-2023,3307.15,3890.76
turmeric,karnataka,25-03-2023,3503.99,4122.34
turmeric,karnataka,22-04-2023,3669.43,4316.98
turmeric,karnataka,20-05-2023,3462.26,4073.25
turmeric,karnataka,17-06-2023,3739.23,4399.09
turmeric,karnataka,15-07-2023,3749.08,4410.68
turmeric,karnataka,12-08-2023,3565.5,4194.71
turmeric,karnataka,09-09-2023,3627.93,4268.15
turmeric,karnataka,07-10-2023,3780.6,4447.77
turmeric,karnataka,04-11-2023,3814.76,4487.95
turmeric,karnataka,02-12-2023,3938.9,4634.0
turmeric,karnataka,30-12-2023,3238.87,3810.43
turmeric,karnataka,27-01-2024,3512.02,4131.79
turmeric,karnataka,24-02-2024,3451.6,4060.71
turmeric,karnataka,23-03-2024,3570.93,4201.09
turmeric,karnataka,20-04-2024,3724.39,4381.64
turmeric,karnataka,18-05-2024,3533.36,4156.9
turmeric,karnataka,15-06-2024,3464.17,4075.5
turmeric,karnataka,13-07-2024,3496.45,4113.47
turmeric,karnataka,10-08-2024,3542.43,4167.57
turmeric,karnataka,07-09-2024,3822.36,4496.89
turmeric,karnataka,05-10-2024,3621.6,4260.71
turmeric,karnataka,02-11-2024,3963.73,4663.21
turmeric,karnataka,30-11-2024,3704.33,4358.03
turmeric,karnataka,28-12-2024,3320.8,3906.82
turmeric,karnataka,25-01-2025,3511.14,4130.75
turmeric,karnataka,22-02-2025,3571.87,4202.2
turmeric,karnataka,22-03-2025,3537.43,4161.68
turmeric,karnataka,19-04-2025,3401.35,4001.59
turmeric,karnataka,17-05-2025,3480.48,4094.68
turmeric,karnataka,14-06-2025,3798.48,4468.8
turmeric,karnataka,12-07-2025,3528.33,4150.98
turmeric,karnataka,09-08-2025,3823.65,4498.41
turmeric,karnataka,06-09-2025,3775.03,4441.21
turmeric,karnataka,04-10-2025,3753.68,4416.09
turmeric,tamilnadu,01-01-2022,4633.57,5451.26
turmeric,tamilnadu,29-01-2022,4625.63,5441.92
turmeric,tamilnadu,26-02-2022,4735.61,5571.31
turmeric,tamilnadu,26-03-2022,4919.5,5787.65
turmeric,tamilnadu,23-04-2022,4657.98,5479.98
turmeric,tamilnadu,21-05-2022,4885.92,5748.14
turmeric,tamilnadu,18-06-2022,5002.83,5885.68
turmeric,tamilnadu,16-07-2022,4917.99,5785.87
turmeric,tamilnadu,13-08-2022,4867.92,5726.97
turmeric,tamilnadu,10-09-2022,4924.28,5793.27
turmeric,tamilnadu,08-10-2022,4911.95,5778.76
turmeric,tamilnadu,05-11-2022,5165.14,6076.64
turmeric,tamilnadu,03-12-2022,5015.01,5900.01
turmeric,tamilnadu,31-12-2022,4597.25,5408.53
turmeric,tamilnadu,28-01-2023,4595.94,5406.99
turmeric,tamilnadu,25-02-2023,4535.4,5335.77
turmeric,tamilnadu,25-03-2023,4700.85,5530.41
turmeric,tamilnadu,22-04-2023,4874.03,5734.15
turmeric,tamilnadu,20-05-2023,4635.38,5453.39
turmeric,tamilnadu,17-06-2023,5017.24,5902.64
turmeric,tamilnadu,15-07-2023,4812.27,5661.5
turmeric,tamilnadu,12-08-2023,5032.91,5921.07
turmeric,tamilnadu,09-09-2023,4798.73,5645.56
turmeric,tamilnadu,07-10-2023,5023.91,5910.48
turmeric,tamilnadu,04-11-2023,4905.29,5770.93
turmeric,tamilnadu,02-12-2023,5164.06,6075.36
turmeric,tamilnadu,30-12-2023,4307.03,5067.1
turmeric,tamilnadu,27-01-2024,4623.04,5438.87
turmeric,tamilnadu,24-02-2024,4403.62,5180.73
turmeric,tamilnadu,23-03-2024,4578.46,5386.42
turmeric,tamilnadu,20-04-2024,4626.07,5442.43
turmeric,tamilnadu,18-05-2024,4728.94,5563.46
turmeric,tamilnadu,15-06-2024,4782.58,5626.57
turmeric,tamilnadu,13-07-2024,4847.92,5703.43
turmeric,tamilnadu,10-08-2024,4980.31,5859.19
turmeric,tamilnadu,07-09-2024,5043.92,5934.02
turmeric,tamilnadu,05-10-2024,5036.99,5925.87
turmeric,tamilnadu,02-11-2024,5174.0,6087.06
turmeric,tamilnadu,30-11-2024,5060.67,5953.73
turmeric,tamilnadu,28-12-2024,4362.66,5132.54
turmeric,tamilnadu,25-01-2025,4472.07,5261.26
turmeric,tamilnadu,22-02-2025,4507.91,5303.42
turmeric,tamilnadu,22-03-2025,4606.76,5419.72
turmeric,tamilnadu,19-04-2025,4823.4,5674.59
turmeric,tamilnadu,17-05-2025,4738.95,5575.24
turmeric,tamilnadu,14-06-2025,5015.89,5901.05
turmeric,tamilnadu,12-07-2025,5056.19,5948.46
turmeric,tamilnadu,09-08-2025,4910.42,5776.96
turmeric,tamilnadu,06-09-2025,4798.43,5645.21
turmeric,tamilnadu,04-10-2025,5194.18,6110.8
turmeric,andhrapradesh,01-01-2022,4078.24,4797.93
turmeric,andhrapradesh,29-01-2022,4196.05,4936.53
turmeric,andhrapradesh,26-02-2022,4336.26,5101.48
turmeric,andhrapradesh,26-03-2022,4586.48,5395.86
turmeric,andhrapradesh,23-04-2022,4508.17,5303.73
turmeric,andhrapradesh,21-05-2022,4588.87,5398.67
turmeric,andhrapradesh,18-06-2022,4720.03,5552.98
turmeric,andhrapradesh,16-07-2022,4417.61,5197.19
turmeric,andhrapradesh,13-08-2022,4753.47,5592.32
turmeric,andhrapradesh,10-09-2022,4813.01,5662.37
turmeric,andhrapradesh,08-10-2022,5012.17,5896.67
turmeric,andhrapradesh,05-11-2022,5060.98,5954.09
turmeric,andhrapradesh,03-12-2022,4753.35,5592.18
turmeric,andhrapradesh,31-12-2022,4083.14,4803.69
turmeric,andhrapradesh,28-01-2023,4221.94,4966.99
turmeric,andhrapradesh,25-02-2023,4177.33,4914.51
turmeric,andhrapradesh,25-03-2023,4261.58,5013.62
turmeric,andhrapradesh,22-04-2023,4433.51,5215.89
turmeric,andhrapradesh,20-05-2023,4687.2,5514.35
turmeric,andhrapradesh,17-06-2023,4416.15,5195.47
turmeric,andhrapradesh,15-07-2023,4667.72,5491.43
turmeric,andhrapradesh,12-08-2023,4708.82,5539.79
turmeric,andhrapradesh,09-09-2023,4513.26,5309.72
turmeric,andhrapradesh,07-10-2023,4861.87,5719.85
turmeric,andhrapradesh,04-11-2023,4737.65,5573.71
turmeric,andhrapradesh,02-12-2023,5083.26,5980.31
turmeric,andhrapradesh,30-12-2023,4131.35,4860.41
turmeric,andhrapradesh,27-01-2024,4516.14,5313.1
turmeric,andhrapradesh,24-02-2024,4374.87,5146.91
turmeric,andhrapradesh,23-03-2024,4619.64,5434.87
turmeric,andhrapradesh,20-04-2024,4489.08,5281.27
turmeric,andhrapradesh,18-05-2024,4480.02,5270.61
turmeric,andhrapradesh,15-06-2024,4709.63,5540.74
turmeric,andhrapradesh,13-07-2024,4654.96,5476.42
turmeric,andhrapradesh,10-08-2024,4490.44,5282.87
turmeric,andhrapradesh,07-09-2024,4638.06,5456.54
turmeric,andhrapradesh,05-10-2024,4635.85,5453.94
turmeric,andhrapradesh,02-11-2024,4643.9,5463.41
turmeric,andhrapradesh,30-11-2024,5004.59,5887.75
turmeric,andhrapradesh,28-12-2024,4319.89,5082.22
turmeric,andhrapradesh,25-01-2025,4233.76,4980.89
turmeric,andhrapradesh,22-02-2025,4231.54,4978.28
turmeric,andhrapradesh,22-03-2025,4460.43,5247.57
turmeric,andhrapradesh,19-04-2025,4558.02,5362.38
turmeric,andhrapradesh,17-05-2025,4639.87,5458.67
turmeric,andhrapradesh,14-06-2025,4546.18,5348.45
turmeric,andhrapradesh,12-07-2025,4483.34,5274.52
turmeric,andhrapradesh,09-08-2025,4574.27,5381.49
turmeric,andhrapradesh,06-09-2025,4710.24,5541.46
turmeric,andhrapradesh,04-10-2025,4905.76,5771.48
turmeric,telangana,01-01-2022,3957.63,4656.04
turmeric,telangana,29-01-2022,3929.84,4623.34
turmeric,telangana,26-02-2022,3853.52,4533.55
turmeric,telangana,26-03-2022,3938.85,4633.94
turmeric,telangana,23-04-2022,4176.67,4913.73
turmeric,telangana,21-05-2022,3940.06,4635.36
turmeric,telangana,18-06-2022,4315.5,5077.06
turmeric,telangana,16-07-2022,4343.95,5110.53
turmeric,telangana,13-08-2022,4168.0,4903.53
turmeric,telangana,10-09-2022,4512.57,5308.91
turmeric,telangana,08-10-2022,4305.33,5065.09
turmeric,telangana,05-11-2022,4337.58,5103.03
turmeric,telangana,03-12-2022,4561.2,5366.12
turmeric,telangana,31-12-2022,3970.19,4670.81
turmeric,telangana,28-01-2023,4062.28,4779.15
turmeric,telangana,25-02-2023,3785.46,4453.48
turmeric,telangana,25-03-2023,3976.47,4678.2
turmeric,telangana,22-04-2023,3953.49,4651.17
turmeric,telangana,20-05-2023,4184.12,4922.5
turmeric,telangana,17-06-2023,4093.55,4815.94
turmeric,telangana,15-07-2023,4285.51,5041.78
turmeric,telangana,12-08-2023,4168.94,4904.64
turmeric,telangana,09-09-2023,4502.68,5297.27
turmeric,telangana,07-10-2023,4532.37,5332.2
turmeric,telangana,04-11-2023,4191.71,4931.42
turmeric,telangana,02-12-2023,4264.98,5017.62
turmeric,telangana,30-12-2023,3822.96,4497.6
turmeric,telangana,27-01-2024,3883.94,4569.34
turmeric,telangana,24-02-2024,3879.66,4564.31
turmeric,telangana,23-03-2024,3931.22,4624.97
turmeric,telangana,20-04-2024,4094.35,4816.88
turmeric,telangana,18-05-2024,4241.27,4989.73
turmeric,telangana,15-06-2024,4162.31,4896.84
turmeric,telangana,13-07-2024,4384.36,5158.07
turmeric,telangana,10-08-2024,4372.5,5144.12
turmeric,telangana,07-09-2024,4404.33,5181.57
turmeric,telangana,05-10-2024,4295.96,5054.07
turmeric,telangana,02-11-2024,4426.23,5207.33
turmeric,telangana,30-11-2024,4450.25,5235.59
turmeric,telangana,28-12-2024,3746.01,4407.07
turmeric,telangana,25-01-2025,4107.74,4832.64
turmeric,telangana,22-02-2025,3900.2,4588.47
turmeric,telangana,22-03-2025,4205.02,4947.08
turmeric,telangana,19-04-2025,4049.64,4764.28
turmeric,telangana,17-05-2025,4248.27,4997.97
turmeric,telangana,14-06-2025,3977.74,4679.69
turmeric,telangana,12-07-2025,4287.65,5044.29
turmeric,telangana,09-08-2025,4059.85,4776.29
turmeric,telangana,06-09-2025,4385.41,5159.31
turmeric,telangana,04-10-2025,4160.64,4894.87
turmeric,kerala,01-01-2022,4502.17,5296.67
turmeric,kerala,29-01-2022,4875.51,5735.9
turmeric,kerala,26-02-2022,4600.33,5412.15
turmeric,kerala,26-03-2022,4923.02,5791.79
turmeric,kerala,23-04-2022,4783.23,5627.33
turmeric,kerala,21-05-2022,5072.59,5967.75
turmeric,kerala,18-06-2022,4848.52,5704.14
turmeric,kerala,16-07-2022,4933.62,5804.26
turmeric,kerala,13-08-2022,5190.44,6106.4
turmeric,kerala,10-09-2022,5087.77,5985.61
turmeric,kerala,08-10-2022,5054.96,5947.01
turmeric,kerala,05-11-2022,5068.72,5963.2
turmeric,kerala,03-12-2022,5103.47,6004.08
turmeric,kerala,31-12-2022,4435.49,5218.22
turmeric,kerala,28-01-2023,4727.32,5561.55
turmeric,kerala,25-02-2023,4750.66,5589.01
turmeric,kerala,25-03-2023,4902.02,5767.08
turmeric,kerala,22-04-2023,4993.05,5874.18
turmeric,kerala,20-05-2023,4933.03,5803.57
turmeric,kerala,17-06-2023,5021.81,5908.01
turmeric,kerala,15-07-2023,4875.08,5735.39
turmeric,kerala,12-08-2023,5131.69,6037.28
turmeric,kerala,09-09-2023,5209.2,6128.47
turmeric,kerala,07-10-2023,5042.54,5932.4
turmeric,kerala,04-11-2023,5108.35,6009.82
turmeric,kerala,02-12-2023,5264.41,6193.42
turmeric,kerala,30-12-2023,4541.09,5342.46
turmeric,kerala,27-01-2024,4552.2,5355.53
turmeric,kerala,24-02-2024,4919.43,5787.56
turmeric,kerala,23-03-2024,4966.07,5842.44
turmeric,kerala,20-04-2024,4961.99,5837.63
turmeric,kerala,18-05-2024,5135.3,6041.53
turmeric,kerala,15-06-2024,5176.67,6090.2
turmeric,kerala,13-07-2024,5082.8,5979.77
turmeric,kerala,10-08-2024,5086.72,5984.38
turmeric,kerala,07-09-2024,5274.77,6205.61
turmeric,kerala,05-10-2024,5109.85,6011.59
turmeric,kerala,02-11-2024,5199.06,6116.54
turmeric,kerala,30-11-2024,5294.56,6228.89
turmeric,kerala,28-12-2024,4623.23,5439.09
turmeric,kerala,25-01-2025,4637.14,5455.46
turmeric,kerala,22-02-2025,4763.14,5603.7
turmeric,kerala,22-03-2025,4970.49,5847.63
turmeric,kerala,19-04-2025,5043.75,5933.82
turmeric,kerala,17-05-2025,4670.92,5495.2
turmeric,kerala,14-06-2025,4812.3,5661.53
turmeric,kerala,12-07-2025,5187.6,6103.06
turmeric,kerala,09-08-2025,5337.06,6278.89
turmeric,kerala,06-09-2025,4899.93,5764.62
turmeric,kerala,04-10-2025,4995.09,5876.58
turmeric,maharashtra,01-01-2022,4332.64,5097.22
turmeric,maharashtra,29-01-2022,4393.93,5169.33
turmeric,maharashtra,26-02-2022,4664.88,5488.09
turmeric,maharashtra,26-03-2022,4874.62,5734.85
turmeric,maharashtra,23-04-2022,4611.46,5425.25
turmeric,maharashtra,21-05-2022,4729.89,5564.58
turmeric,maharashtra,18-06-2022,4831.44,5684.05
turmeric,maharashtra,16-07-2022,5000.52,5882.96
turmeric,maharashtra,13-08-2022,4840.28,5694.45
turmeric,maharashtra,10-09-2022,4905.09,5770.7
turmeric,maharashtra,08-10-2022,5312.63,6250.15
turmeric,maharashtra,05-11-2022,4931.07,5801.26
turmeric,maharashtra,03-12-2022,5298.73,6233.8
turmeric,maharashtra,31-12-2022,4469.44,5258.16
turmeric,maharashtra,28-01-2023,4336.96,5102.31
turmeric,maharashtra,25-02-2023,4675.9,5501.06
turmeric,maharashtra,25-03-2023,4542.32,5343.91
turmeric,maharashtra,22-04-2023,4669.92,5494.02
turmeric,maharashtra,20-05-2023,4928.52,5798.26
turmeric,maharashtra,17-06-2023,4667.52,5491.2
turmeric,maharashtra,15-07-2023,4684.45,5511.12
turmeric,maharashtra,12-08-2023,4863.75,5722.06
turmeric,maharashtra,09-09-2023,4798.44,5645.22
turmeric,maharashtra,07-10-2023,4878.74,5739.7
turmeric,maharashtra,04-11-2023,5139.32,6046.26
turmeric,maharashtra,02-12-2023,5323.12,6262.5
turmeric,maharashtra,30-12-2023,4411.43,5189.92
turmeric,maharashtra,27-01-2024,4581.64,5390.17
turmeric,maharashtra,24-02-2024,4493.31,5286.25
turmeric,maharashtra,23-03-2024,4628.04,5444.75
turmeric,maharashtra,20-04-2024,4721.71,5554.95
turmeric,maharashtra,18-05-2024,4950.54,5824.17
turmeric,maharashtra,15-06-2024,4886.81,5749.19
turmeric,maharashtra,13-07-2024,5026.83,5913.92
turmeric,maharashtra,10-08-2024,4911.37,5778.08
turmeric,maharashtra,07-09-2024,4848.42,5704.02
turmeric,maharashtra,05-10-2024,5182.82,6097.44
turmeric,maharashtra,02-11-2024,5352.38,6296.92
turmeric,maharashtra,30-11-2024,5237.47,6161.73
turmeric,maharashtra,28-12-2024,4510.16,5306.07
turmeric,maharashtra,25-01-2025,4369.1,5140.12
turmeric,maharashtra,22-02-2025,4597.47,5408.79
turmeric,maharashtra,22-03-2025,4599.13,5410.74
turmeric,maharashtra,19-04-2025,4693.75,5522.06
turmeric,maharashtra,17-05-2025,4593.38,5403.98
turmeric,maharashtra,14-06-2025,5055.04,5947.11
turmeric,maharashtra,12-07-2025,4996.89,5878.69
turmeric,maharashtra,09-08-2025,5134.45,6040.53
turmeric,maharashtra,06-09-2025,4910.25,5776.77
turmeric,maharashtra,04-10-2025,5079.76,5976.19
turmeric,gujarat,01-01-2022,4028.14,4738.99
turmeric,gujarat,29-01-2022,4111.2,4836.71
turmeric,gujarat,26-02-2022,4081.63,4801.92
turmeric,gujarat,26-03-2022,4191.48,4931.15
turmeric,gujarat,23-04-2022,4060.06,4776.54
turmeric,gujarat,21-05-2022,4172.98,4909.39
turmeric,gujarat,18-06-2022,4181.05,4918.88
turmeric,gujarat,16-07-2022,4246.62,4996.02
turmeric,gujarat,13-08-2022,4448.97,5234.08
turmeric,gujarat,10-09-2022,4173.96,4910.54
turmeric,gujarat,08-10-2022,4506.98,5302.33
turmeric,gujarat,05-11-2022,4298.94,5057.58
turmeric,gujarat,03-12-2022,4351.64,5119.58
turmeric,gujarat,31-12-2022,4041.18,4754.33
turmeric,gujarat,28-01-2023,3788.18,4456.68
turmeric,gujarat,25-02-2023,3844.59,4523.05
turmeric,gujarat,25-03-2023,3952.87,4650.44
turmeric,gujarat,22-04-2023,4329.47,5093.49
turmeric,gujarat,20-05-2023,4184.63,4923.09
turmeric,gujarat,17-06-2023,4099.79,4823.28
turmeric,gujarat,15-07-2023,4227.47,4973.5
turmeric,gujarat,12-08-2023,4489.52,5281.79
turmeric,gujarat,09-09-2023,4192.34,4932.16
turmeric,gujarat,07-10-2023,4585.48,5394.68
turmeric,gujarat,04-11-2023,4259.05,5010.65
turmeric,gujarat,02-12-2023,4363.04,5132.99
turmeric,gujarat,30-12-2023,3913.54,4604.17
turmeric,gujarat,27-01-2024,3908.54,4598.28
turmeric,gujarat,24-02-2024,4127.84,4856.28
turmeric,gujarat,23-03-2024,3914.95,4605.82
turmeric,gujarat,20-04-2024,3993.21,4697.89
turmeric,gujarat,18-05-2024,4058.65,4774.88
turmeric,gujarat,15-06-2024,4393.15,5168.41
turmeric,gujarat,13-07-2024,4212.6,4956.0
turmeric,gujarat,10-08-2024,4460.49,5247.64
turmeric,gujarat,07-09-2024,4376.28,5148.56
turmeric,gujarat,05-10-2024,4281.36,5036.9
turmeric,gujarat,02-11-2024,4502.59,5297.16
turmeric,gujarat,30-11-2024,4512.81,5309.19
turmeric,gujarat,28-12-2024,4067.56,4785.37
turmeric,gujarat,25-01-2025,3949.97,4647.02
turmeric,gujarat,22-02-2025,4053.79,4769.16
turmeric,gujarat,22-03-2025,4242.21,4990.83
turmeric,gujarat,19-04-2025,4177.15,4914.29
turmeric,gujarat,17-05-2025,4378.26,5150.89
turmeric,gujarat,14-06-2025,4365.23,5135.56
turmeric,gujarat,12-07-2025,4184.65,4923.12
turmeric,gujarat,09-08-2025,4523.5,5321.76
turmeric,gujarat,06-09-2025,4204.34,4946.28
turmeric,gujarat,04-10-2025,4334.69,5099.63
turmeric,rajasthan,01-01-2022,4281.84,5037.46
turmeric,rajasthan,29-01-2022,4415.84,5195.1
turmeric,rajasthan,26-02-2022,4382.88,5156.33
turmeric,rajasthan,26-03-2022,4247.37,4996.91
turmeric,rajasthan,23-04-2022,4252.51,5002.95
turmeric,rajasthan,21-05-2022,4579.4,5387.53
turmeric,rajasthan,18-06-2022,4655.48,5477.03
turmeric,rajasthan,16-07-2022,4629.87,5446.91
turmeric,rajasthan,13-08-2022,4587.82,5397.43
turmeric,rajasthan,10-09-2022,4583.8,5392.7
turmeric,rajasthan,08-10-2022,4543.74,5345.58
turmeric,rajasthan,05-11-2022,4799.04,5645.93
turmeric,rajasthan,03-12-2022,4837.04,5690.63
turmeric,rajasthan,31-12-2022,4003.29,4709.75
turmeric,rajasthan,28-01-2023,4044.1,4757.76
turmeric,rajasthan,25-02-2023,4208.22,4950.85
turmeric,rajasthan,25-03-2023,4397.76,5173.83
turmeric,rajasthan,22-04-2023,4156.7,4890.24
turmeric,rajasthan,20-05-2023,4561.47,5366.44
turmeric,rajasthan,17-06-2023,4474.26,5263.84
turmeric,rajasthan,15-07-2023,4745.9,5583.41
turmeric,rajasthan,12-08-2023,4611.71,5425.54
turmeric,rajasthan,09-09-2023,4425.28,5206.21
turmeric,rajasthan,07-10-2023,4579.94,5388.17
turmeric,rajasthan,04-11-2023,4765.43,5606.39
turmeric,rajasthan,02-12-2023,4990.28,5870.92
turmeric,rajasthan,30-12-2023,4248.91,4998.72
turmeric,rajasthan,27-01-2024,4191.77,4931.49
turmeric,rajasthan,24-02-2024,4159.05,4893.0
turmeric,rajasthan,23-03-2024,4447.91,5232.84
turmeric,rajasthan,20-04-2024,4324.75,5087.94
turmeric,rajasthan,18-05-2024,4462.3,5249.77
turmeric,rajasthan,15-06-2024,4503.5,5298.23
turmeric,rajasthan,13-07-2024,4723.02,5556.49
turmeric,rajasthan,10-08-2024,4538.46,5339.37
turmeric,rajasthan,07-09-2024,4684.21,5510.83
turmeric,rajasthan,05-10-2024,4822.63,5673.68
turmeric,rajasthan,02-11-2024,4905.21,5770.84
turmeric,rajasthan,30-11-2024,4857.25,5714.41
turmeric,rajasthan,28-12-2024,4297.01,5055.31
turmeric,rajasthan,25-01-2025,4271.22,5024.96
turmeric,rajasthan,22-02-2025,4374.03,5145.92
turmeric,rajasthan,22-03-2025,4421.45,5201.71
turmeric,rajasthan,19-04-2025,4444.0,5228.24
turmeric,rajasthan,17-05-2025,4534.44,5334.63
turmeric,rajasthan,14-06-2025,4629.31,5446.25
turmeric,rajasthan,12-07-2025,4337.24,5102.64
turmeric,rajasthan,09-08-2025,4584.89,5393.99
turmeric,rajasthan,06-09-2025,4462.45,5249.94
turmeric,rajasthan,04-10-2025,4811.15,5660.18
turmeric,punjab,01-01-2022,4255.47,5006.43
turmeric,punjab,29-01-2022,4279.64,5034.87
turmeric,punjab,26-02-2022,4150.86,4883.37
turmeric,punjab,26-03-2022,4383.6,5157.18
turmeric,punjab,23-04-2022,4316.89,5078.7
turmeric,punjab,21-05-2022,4581.32,5389.79
turmeric,punjab,18-06-2022,4687.03,5514.15
turmeric,punjab,16-07-2022,4596.33,5407.45
turmeric,punjab,13-08-2022,4751.93,5590.51
turmeric,punjab,10-09-2022,4835.96,5689.37
turmeric,punjab,08-10-2022,4935.75,5806.76
turmeric,punjab,05-11-2022,4960.52,5835.91
turmeric,punjab,03-12-2022,4637.42,5455.79
turmeric,punjab,31-12-2022,4340.44,5106.4
turmeric,punjab,28-01-2023,4380.93,5154.04
turmeric,punjab,25-02-2023,4183.61,4921.89
turmeric,punjab,25-03-2023,4477.32,5267.44
turmeric,punjab,22-04-2023,4529.28,5328.56
turmeric,punjab,20-05-2023,4428.6,5210.12
turmeric,punjab,17-06-2023,4541.09,5342.46
turmeric,punjab,15-07-2023,4774.88,5617.5
turmeric,punjab,12-08-2023,4411.42,5189.91
turmeric,punjab,09-09-2023,4726.42,5560.49
turmeric,punjab,07-10-2023,4496.47,5289.96
turmeric,punjab,04-11-2023,4801.73,5649.09
turmeric,punjab,02-12-2023,4659.94,5482.28
turmeric,punjab,30-12-2023,4256.92,5008.14
turmeric,punjab,27-01-2024,4232.22,4979.08
turmeric,punjab,24-02-2024,4267.37,5020.44
turmeric,punjab,23-03-2024,4525.7,5324.35
turmeric,punjab,20-04-2024,4470.07,5258.91
turmeric,punjab,18-05-2024,4314.45,5075.82
turmeric,punjab,15-06-2024,4384.05,5157.71
turmeric,punjab,13-07-2024,4592.76,5403.25
turmeric,punjab,10-08-2024,4845.37,5700.44
turmeric,punjab,07-09-2024,4542.39,5343.99
turmeric,punjab,05-10-2024,4772.11,5614.25
turmeric,punjab,02-11-2024,4690.9,5518.71
turmeric,punjab,30-11-2024,4904.9,5770.47
turmeric,punjab,28-12-2024,4369.27,5140.32
turmeric,punjab,25-01-2025,4314.25,5075.59
turmeric,punjab,22-02-2025,4474.26,5263.83
turmeric,punjab,22-03-2025,4363.95,5134.06
turmeric,punjab,19-04-2025,4476.82,5266.85
turmeric,punjab,17-05-2025,4487.15,5279.0
turmeric,punjab,14-06-2025,4294.53,5052.39
turmeric,punjab,12-07-2025,4710.12,5541.32
turmeric,punjab,09-08-2025,4517.58,5314.8
turmeric,punjab,06-09-2025,4437.31,5220.37
turmeric,punjab,04-10-2025,4648.38,5468.68
turmeric,haryana,01-01-2022,3995.65,4700.76
turmeric,haryana,29-01-2022,4172.07,4908.32
turmeric,haryana,26-02-2022,4191.5,4931.18
turmeric,haryana,26-03-2022,4105.48,4829.98
turmeric,haryana,23-04-2022,4100.31,4823.9
turmeric,haryana,21-05-2022,3980.22,4682.61
turmeric,haryana,18-06-2022,4354.28,5122.68
turmeric,haryana,16-07-2022,4396.05,5171.82
turmeric,haryana,13-08-2022,4283.12,5038.96
turmeric,haryana,10-09-2022,4487.74,5279.7
turmeric,haryana,08-10-2022,4441.41,5225.19
turmeric,haryana,05-11-2022,4312.78,5073.86
turmeric,haryana,03-12-2022,4592.55,5403.0
turmeric,haryana,31-12-2022,3771.53,4437.09
turmeric,haryana,28-01-2023,4000.53,4706.5
turmeric,haryana,25-02-2023,4058.8,4775.06
turmeric,haryana,25-03-2023,4015.13,4723.68
turmeric,haryana,22-04-2023,4181.3,4919.18
turmeric,haryana,20-05-2023,4353.39,5121.64
turmeric,haryana,17-06-2023,4105.84,4830.4
turmeric,haryana,15-07-2023,4301.03,5060.04
turmeric,haryana,12-08-2023,4457.14,5243.7
turmeric,haryana,09-09-2023,4197.02,4937.67
turmeric,haryana,07-10-2023,4567.93,5374.03
turmeric,haryana,04-11-2023,4641.69,5460.81
turmeric,haryana,02-12-2023,4640.26,5459.13
turmeric,haryana,30-12-2023,4052.12,4767.2
turmeric,haryana,27-01-2024,3906.23,4595.56
turmeric,haryana,24-02-2024,3963.68,4663.15
turmeric,haryana,23-03-2024,4251.31,5001.54
turmeric,haryana,20-04-2024,3970.73,4671.45
turmeric,haryana,18-05-2024,4319.92,5082.26
turmeric,haryana,15-06-2024,4342.72,5109.08
turmeric,haryana,13-07-2024,4231.3,4978.0
turmeric,haryana,10-08-2024,4171.88,4908.09
turmeric,haryana,07-09-2024,4411.01,5189.42
turmeric,haryana,05-10-2024,4542.51,5344.13
turmeric,haryana,02-11-2024,4627.14,5443.7
turmeric,haryana,30-11-2024,4416.72,5196.14
turmeric,haryana,28-12-2024,4088.19,4809.64
turmeric,haryana,25-01-2025,4121.54,4848.87
turmeric,haryana,22-02-2025,4163.41,4898.13
turmeric,haryana,22-03-2025,3941.52,4637.08
turmeric,haryana,19-04-2025,4231.65,4978.41
turmeric,haryana,17-05-2025,3968.11,4668.37
turmeric,haryana,14-06-2025,4296.44,5054.64
turmeric,haryana,12-07-2025,4280.56,5035.95
turmeric,haryana,09-08-2025,4367.06,5137.72
turmeric,haryana,06-09-2025,4550.81,5353.9
turmeric,haryana,04-10-2025,4372.78,5144.45
turmeric,uttarpradesh,01-01-2022,4662.94,5485.81
turmeric,uttarpradesh,29-01-2022,5144.7,6052.59
turmeric,uttarpradesh,26-02-2022,4913.65,5780.76
turmeric,uttarpradesh,26-03-2022,4880.33,5741.56
turmeric,uttarpradesh,23-04-2022,4877.49,5738.22
turmeric,uttarpradesh,21-05-2022,4993.2,5874.35
turmeric,uttarpradesh,18-06-2022,5269.96,6199.95
turmeric,uttarpradesh,16-07-2022,5442.71,6403.19
turmeric,uttarpradesh,13-08-2022,5505.03,6476.51
turmeric,uttarpradesh,10-09-2022,5137.19,6043.75
turmeric,uttarpradesh,08-10-2022,5696.45,6701.71
turmeric,uttarpradesh,05-11-2022,5445.24,6406.17
turmeric,uttarpradesh,03-12-2022,5327.03,6267.09
turmeric,uttarpradesh,31-12-2022,4920.65,5789.0
turmeric,uttarpradesh,28-01-2023,4703.09,5533.05
turmeric,uttarpradesh,25-02-2023,5034.25,5922.65
turmeric,uttarpradesh,25-03-2023,4815.49,5665.28
turmeric,uttarpradesh,22-04-2023,5211.7,6131.41
turmeric,uttarpradesh,20-05-2023,4921.59,5790.1
turmeric,uttarpradesh,17-06-2023,5163.59,6074.81
turmeric,uttarpradesh,15-07-2023,5101.94,6002.28
turmeric,uttarpradesh,12-08-2023,5401.69,6354.93
turmeric,uttarpradesh,09-09-2023,5229.09,6151.87
turmeric,uttarpradesh,07-10-2023,5498.55,6468.88
turmeric,uttarpradesh,04-11-2023,5482.81,6450.36
turmeric,uttarpradesh,02-12-2023,5525.01,6500.01
turmeric,uttarpradesh,30-12-2023,4675.96,5501.13
turmeric,uttarpradesh,27-01-2024,5022.13,5908.39
turmeric,uttarpradesh,24-02-2024,4830.81,5683.31
turmeric,uttarpradesh,23-03-2024,4919.43,5787.57
turmeric,uttarpradesh,20-04-2024,4844.71,5699.66
turmeric,uttarpradesh,18-05-2024,5148.72,6057.32
turmeric,uttarpradesh,15-06-2024,5181.78,6096.21
turmeric,uttarpradesh,13-07-2024,5156.93,6066.98
turmeric,uttarpradesh,10-08-2024,5152.54,6061.81
turmeric,uttarpradesh,07-09-2024,5508.68,6480.8
turmeric,uttarpradesh,05-10-2024,5425.78,6383.27
turmeric,uttarpradesh,02-11-2024,5315.41,6253.42
turmeric,uttarpradesh,30-11-2024,5520.6,6494.82
turmeric,uttarpradesh,28-12-2024,5024.77,5911.49
turmeric,uttarpradesh,25-01-2025,4993.37,5874.55
turmeric,uttarpradesh,22-02-2025,5017.58,5903.03
turmeric,uttarpradesh,22-03-2025,4952.0,5825.88
turmeric,uttarpradesh,19-04-2025,5118.91,6022.25
turmeric,uttarpradesh,17-05-2025,4941.03,5812.98
turmeric,uttarpradesh,14-06-2025,5405.75,6359.71
turmeric,uttarpradesh,12-07-2025,5390.74,6342.05
turmeric,uttarpradesh,09-08-2025,5506.46,6478.19
turmeric,uttarpradesh,06-09-2025,5621.14,6613.1
turmeric,uttarpradesh,04-10-2025,5684.32,6687.43
turmeric,madhyapradesh,01-01-2022,4854.75,5711.47
turmeric,madhyapradesh,29-01-2022,5094.55,5993.59
turmeric,madhyapradesh,26-02-2022,4729.37,5563.96
turmeric,madhyapradesh,26-03-2022,5142.66,6050.19
turmeric,madhyapradesh,23-04-2022,4822.17,5673.14
turmeric,madhyapradesh,21-05-2022,5347.72,6291.43
turmeric,madhyapradesh,18-06-2022,5274.71,6205.54
turmeric,madhyapradesh,16-07-2022,5119.95,6023.47
turmeric,madhyapradesh,13-08-2022,5553.98,6534.09
turmeric,madhyapradesh,10-09-2022,5202.89,6121.05
turmeric,madhyapradesh,08-10-2022,5399.81,6352.72
turmeric,madhyapradesh,05-11-2022,5259.67,6187.85
turmeric,madhyapradesh,03-12-2022,5341.48,6284.09
turmeric,madhyapradesh,31-12-2022,5031.26,5919.13
turmeric,madhyapradesh,28-01-2023,4813.96,5663.48
turmeric,madhyapradesh,25-02-2023,5156.4,6066.35
turmeric,madhyapradesh,25-03-2023,4854.89,5711.63
turmeric,madhyapradesh,22-04-2023,5274.41,6205.19
turmeric,madhyapradesh,20-05-2023,5073.45,5968.76
turmeric,madhyapradesh,17-06-2023,5167.18,6079.03
turmeric,madhyapradesh,15-07-2023,5468.36,6433.37
turmeric,madhyapradesh,12-08-2023,5285.55,6218.29
turmeric,madhyapradesh,09-09-2023,5206.37,6125.14
turmeric,madhyapradesh,07-10-2023,5693.97,6698.79
turmeric,madhyapradesh,04-11-2023,5708.59,6715.99
turmeric,madhyapradesh,02-12-2023,5643.89,6639.87
turmeric,madhyapradesh,30-12-2023,4619.94,5435.22
turmeric,madhyapradesh,27-01-2024,4718.98,5551.74
turmeric,madhyapradesh,24-02-2024,4884.12,5746.02
turmeric,madhyapradesh,23-03-2024,4863.02,5721.2
turmeric,madhyapradesh,20-04-2024,5024.3,5910.94
turmeric,madhyapradesh,18-05-2024,5290.63,6224.27
turmeric,madhyapradesh,15-06-2024,5432.78,6391.51
turmeric,madhyapradesh,13-07-2024,5148.77,6057.38
turmeric,madhyapradesh,10-08-2024,5287.39,6220.46
turmeric,madhyapradesh,07-09-2024,5389.41,6340.48
turmeric,madhyapradesh,05-10-2024,5683.3,6686.23
turmeric,madhyapradesh,02-11-2024,5416.98,6372.92
turmeric,madhyapradesh,30-11-2024,5373.48,6321.74
turmeric,madhyapradesh,28-12-2024,4797.87,5644.55
turmeric,madhyapradesh,25-01-2025,5074.49,5969.99
turmeric,madhyapradesh,22-02-2025,4965.86,5842.19
turmeric,madhyapradesh,22-03-2025,4907.16,5773.13
turmeric,madhyapradesh,19-04-2025,5110.72,6012.61
turmeric,madhyapradesh,17-05-2025,5239.81,6164.48
turmeric,madhyapradesh,14-06-2025,5012.42,5896.97
turmeric,madhyapradesh,12-07-2025,5285.67,6218.44
turmeric,madhyapradesh,09-08-2025,5064.63,5958.39
turmeric,madhyapradesh,06-09-2025,5560.01,6541.19
turmeric,madhyapradesh,04-10-2025,5313.09,6250.7
turmeric,westbengal,01-01-2022,3472.39,4085.16
turmeric,westbengal,29-01-2022,3384.07,3981.26
turmeric,westbengal,26-02-2022,3375.26,3970.9
turmeric,westbengal,26-03-2022,3335.38,3923.98
turmeric,westbengal,23-04-2022,3516.42,4136.96
turmeric,westbengal,21-05-2022,3640.54,4282.99
turmeric,westbengal,18-06-2022,3737.54,4397.1
turmeric,westbengal,16-07-2022,3622.22,4261.44
turmeric,westbengal,13-08-2022,3714.05,4369.47
turmeric,westbengal,10-09-2022,3903.48,4592.33
turmeric,westbengal,08-10-2022,3938.69,4633.75
turmeric,westbengal,05-11-2022,3919.55,4611.24
turmeric,westbengal,03-12-2022,3869.19,4551.99
turmeric,westbengal,31-12-2022,3370.05,3964.77
turmeric,westbengal,28-01-2023,3549.0,4175.29
turmeric,westbengal,25-02-2023,3302.96,3885.84
turmeric,westbengal,25-03-2023,3608.09,4244.81
turmeric,westbengal,22-04-2023,3582.61,4214.83
turmeric,westbengal,20-05-2023,3710.67,4365.49
turmeric,westbengal,17-06-2023,3760.06,4423.6
turmeric,westbengal,15-07-2023,3691.98,4343.51
turmeric,westbengal,12-08-2023,3822.55,4497.12
turmeric,westbengal,09-09-2023,3594.52,4228.85
turmeric,westbengal,07-10-2023,3669.3,4316.82
turmeric,westbengal,04-11-2023,3834.78,4511.5
turmeric,westbengal,02-12-2023,4052.6,4767.77
turmeric,westbengal,30-12-2023,3255.02,3829.44
turmeric,westbengal,27-01-2024,3423.25,4027.35
turmeric,westbengal,24-02-2024,3530.42,4153.43
turmeric,westbengal,23-03-2024,3488.45,4104.06
turmeric,westbengal,20-04-2024,3615.18,4253.15
turmeric,westbengal,18-05-2024,3613.53,4251.21
turmeric,westbengal,15-06-2024,3521.16,4142.54
turmeric,westbengal,13-07-2024,3632.35,4273.35
turmeric,westbengal,10-08-2024,3822.19,4496.69
turmeric,westbengal,07-09-2024,3883.66,4569.01
turmeric,westbengal,05-10-2024,3800.26,4470.9
turmeric,westbengal,02-11-2024,3971.5,4672.35
turmeric,westbengal,30-11-2024,4004.01,4710.6
turmeric,westbengal,28-12-2024,3256.91,3831.66
turmeric,westbengal,25-01-2025,3469.39,4081.63
turmeric,westbengal,22-02-2025,3386.88,3984.56
turmeric,westbengal,22-03-2025,3327.1,3914.23
turmeric,westbengal,19-04-2025,3437.68,4044.33
turmeric,westbengal,17-05-2025,3664.94,4311.69
turmeric,westbengal,14-06-2025,3783.75,4451.47
turmeric,westbengal,12-07-2025,3484.83,4099.8
turmeric,westbengal,09-08-2025,3807.12,4478.96
turmeric,westbengal,06-09-2025,3776.55,4443.0
turmeric,westbengal,04-10-2025,3868.33,4550.98
turmeric,bihar,01-01-2022,4035.93,4748.15
turmeric,bihar,29-01-2022,4212.19,4955.52
turmeric,bihar,26-02-2022,4044.31,4758.01
turmeric,bihar,26-03-2022,4194.93,4935.21
turmeric,bihar,23-04-2022,4121.56,4848.9
turmeric,bihar,21-05-2022,4396.07,5171.85
turmeric,bihar,18-06-2022,4148.47,4880.55
turmeric,bihar,16-07-2022,4269.52,5022.96
turmeric,bihar,13-08-2022,4481.91,5272.83
turmeric,bihar,10-09-2022,4253.48,5004.09
turmeric,bihar,08-10-2022,4589.16,5399.01
turmeric,bihar,05-11-2022,4447.4,5232.24
turmeric,bihar,03-12-2022,4330.83,5095.09
turmeric,bihar,31-12-2022,3980.38,4682.8
turmeric,bihar,28-01-2023,3846.9,4525.76
turmeric,bihar,25-02-2023,4201.6,4943.06
turmeric,bihar,25-03-2023,3981.2,4683.77
turmeric,bihar,22-04-2023,4215.84,4959.81
turmeric,bihar,20-05-2023,4139.04,4869.46
turmeric,bihar,17-06-2023,4115.77,4842.08
turmeric,bihar,15-07-2023,4522.57,5320.67
turmeric,bihar,12-08-2023,4437.81,5220.95
turmeric,bihar,09-09-2023,4479.68,5270.21
turmeric,bihar,07-10-2023,4242.45,4991.12
turmeric,bihar,04-11-2023,4433.86,5216.31
turmeric,bihar,02-12-2023,4780.49,5624.11
turmeric,bihar,30-12-2023,4137.54,4867.69
turmeric,bihar,27-01-2024,4088.68,4810.21
turmeric,bihar,24-02-2024,4024.55,4734.76
turmeric,bihar,23-03-2024,3968.83,4669.21
turmeric,bihar,20-04-2024,3984.3,4687.41
turmeric,bihar,18-05-2024,4275.24,5029.7
turmeric,bihar,15-06-2024,4447.21,5232.01
turmeric,bihar,13-07-2024,4126.27,4854.43
turmeric,bihar,10-08-2024,4390.67,5165.49
turmeric,bihar,07-09-2024,4333.22,5097.91
turmeric,bihar,05-10-2024,4413.27,5192.08
turmeric,bihar,02-11-2024,4488.72,5280.85
turmeric,bihar,30-11-2024,4600.6,5412.47
turmeric,bihar,28-12-2024,3781.69,4449.05
turmeric,bihar,25-01-2025,4050.11,4764.83
turmeric,bihar,22-02-2025,4173.93,4910.5
turmeric,bihar,22-03-2025,4017.42,4726.38
turmeric,bihar,19-04-2025,4132.93,4862.27
turmeric,bihar,17-05-2025,4257.42,5008.73
turmeric,bihar,14-06-2025,4170.98,4907.04
turmeric,bihar,12-07-2025,4330.57,5094.79
turmeric,bihar,09-08-2025,4148.94,4881.1
turmeric,bihar,06-09-2025,4258.68,5010.21
turmeric,bihar,04-10-2025,4633.64,5451.34
turmeric,odisha,01-01-2022,3300.67,3883.14
turmeric,odisha,29-01-2022,3240.9,3812.82
turmeric,odisha,26-02-2022,3477.4,4091.06
turmeric,odisha,26-03-2022,3563.08,4191.86
turmeric,odisha,23-04-2022,3582.19,4214.34
turmeric,odisha,21-05-2022,3581.93,4214.04
turmeric,odisha,18-06-2022,3780.15,4447.24
turmeric,odisha,16-07-2022,3686.48,4337.03
turmeric,odisha,13-08-2022,3763.18,4427.27
turmeric,odisha,10-09-2022,3737.13,4396.62
turmeric,odisha,08-10-2022,3697.66,4350.19
turmeric,odisha,05-11-2022,3676.86,4325.72
turmeric,odisha,03-12-2022,4007.66,4714.9
turmeric,odisha,31-12-2022,3302.96,3885.84
turmeric,odisha,28-01-2023,3479.36,4093.37
turmeric,odisha,25-02-2023,3445.42,4053.43
turmeric,odisha,25-03-2023,3528.21,4150.83
turmeric,odisha,22-04-2023,3576.89,4208.1
turmeric,odisha,20-05-2023,3489.66,4105.48
turmeric,odisha,17-06-2023,3591.37,4225.14
turmeric,odisha,15-07-2023,3667.3,4314.47
turmeric,odisha,12-08-2023,3676.95,4325.82
turmeric,odisha,09-09-2023,3850.24,4529.7
turmeric,odisha,07-10-2023,3932.19,4626.11
turmeric,odisha,04-11-2023,3892.7,4579.65
turmeric,odisha,02-12-2023,3837.4,4514.59
turmeric,odisha,30-12-2023,3309.42,3893.43
turmeric,odisha,27-01-2024,3290.23,3870.86
turmeric,odisha,24-02-2024,3577.21,4208.48
turmeric,odisha,23-03-2024,3448.84,4057.46
turmeric,odisha,20-04-2024,3486.38,4101.62
turmeric,odisha,18-05-2024,3458.42,4068.73
turmeric,odisha,15-06-2024,3705.85,4359.82
turmeric,odisha,13-07-2024,3707.84,4362.16
turmeric,odisha,10-08-2024,3517.55,4138.3
turmeric,odisha,07-09-2024,3777.54,4444.17
turmeric,odisha,05-10-2024,3691.26,4342.66
turmeric,odisha,02-11-2024,3925.15,4617.82
turmeric,odisha,30-11-2024,4038.94,4751.7
turmeric,odisha,28-12-2024,3210.89,3777.52
turmeric,odisha,25-01-2025,3442.78,4050.33
turmeric,odisha,22-02-2025,3604.1,4240.12
turmeric,odisha,22-03-2025,3481.32,4095.67
turmeric,odisha,19-04-2025,3536.32,4160.38
turmeric,odisha,17-05-2025,3525.65,4147.82
turmeric,odisha,14-06-2025,3482.4,4096.94
turmeric,odisha,12-07-2025,3695.76,4347.95
turmeric,odisha,09-08-2025,3845.86,4524.54
turmeric,odisha,06-09-2025,3736.55,4395.94
turmeric,odisha,04-10-2025,3858.79,4539.75
ginger,karnataka,01-01-2022,2447.89,2879.87
ginger,karnataka,29-01-2022,2355.16,2770.78
ginger,karnataka,26-02-2022,2446.5,2878.23
ginger,karnataka,26-03-2022,2455.91,2889.3
ginger,karnataka,23-04-2022,2549.07,2998.9
ginger,karnataka,21-05-2022,2589.61,3046.6
ginger,karnataka,18-06-2022,2554.22,3004.97
ginger,karnataka,16-07-2022,2622.35,3085.12
ginger,karnataka,13-08-2022,2475.06,2911.83
ginger,karnataka,10-09-2022,2672.51,3144.13
ginger,karnataka,08-10-2022,2712.82,3191.55
ginger,karnataka,05-11-2022,2772.55,3261.82
ginger,karnataka,03-12-2022,2687.56,3161.84
ginger,karnataka,31-12-2022,2415.06,2841.25
ginger,karnataka,28-01-2023,2490.16,2929.6
ginger,karnataka,25-02-2023,2467.57,2903.02
ginger,karnataka,25-03-2023,2547.78,2997.39
ginger,karnataka,22-04-2023,2550.5,3000.59
ginger,karnataka,20-05-2023,2488.85,2928.06
ginger,karnataka,17-06-2023,2604.02,3063.55
ginger,karnataka,15-07-2023,2532.29,2979.16
ginger,karnataka,12-08-2023,2593.84,3051.58
ginger,karnataka,09-09-2023,2513.05,2956.53
ginger,karnataka,07-10-2023,2710.33,3188.62
ginger,karnataka,04-11-2023,2604.32,3063.91
ginger,karnataka,02-12-2023,2832.2,3332.0
ginger,karnataka,30-12-2023,2291.98,2696.45
ginger,karnataka,27-01-2024,2457.42,2891.08
ginger,karnataka,24-02-2024,2513.43,2956.98
ginger,karnataka,23-03-2024,2400.47,2824.08
ginger,karnataka,20-04-2024,2408.0,2832.94
ginger,karnataka,18-05-2024,2522.43,2967.57
ginger,karnataka,15-06-2024,2536.03,2983.57
ginger,karnataka,13-07-2024,2548.31,2998.01
ginger,karnataka,10-08-2024,2511.44,2954.64
ginger,karnataka,07-09-2024,2720.7,3200.82
ginger,karnataka,05-10-2024,2693.91,3169.31
ginger,karnataka,02-11-2024,2609.12,3069.55
ginger,karnataka,30-11-2024,2654.33,3122.74
ginger,karnataka,28-12-2024,2475.74,2912.63
ginger,karnataka,25-01-2025,2442.32,2873.32
ginger,karnataka,22-02-2025,2485.96,2924.66
ginger,karnataka,22-03-2025,2542.61,2991.3
ginger,karnataka,19-04-2025,2558.95,3010.53
ginger,karnataka,17-05-2025,2599.61,3058.37
ginger,karnataka,14-06-2025,2475.31,2912.13
ginger,karnataka,12-07-2025,2689.08,3163.62
ginger,karnataka,09-08-2025,2617.17,3079.02
ginger,karnataka,06-09-2025,2740.48,3224.09
ginger,karnataka,04-10-2025,2683.58,3157.15
ginger,tamilnadu,01-01-2022,2293.91,2698.72
ginger,tamilnadu,29-01-2022,2288.73,2692.62
ginger,tamilnadu,26-02-2022,2417.5,2844.12
ginger,tamilnadu,26-03-2022,2502.55,2944.18
ginger,tamilnadu,23-04-2022,2355.29,2770.93
ginger,tamilnadu,21-05-2022,2524.72,2970.26
ginger,tamilnadu,18-06-2022,2544.64,2993.7
ginger,tamilnadu,16-07-2022,2626.98,3090.57
ginger,tamilnadu,13-08-2022,2465.01,2900.01
ginger,tamilnadu,10-09-2022,2690.57,3165.38
ginger,tamilnadu,08-10-2022,2575.93,3030.51
ginger,tamilnadu,05-11-2022,2757.14,3243.7
ginger,tamilnadu,03-12-2022,2575.24,3029.69
ginger,tamilnadu,31-12-2022,2419.24,2846.17
ginger,tamilnadu,28-01-2023,2279.56,2681.84
ginger,tamilnadu,25-02-2023,2419.91,2846.95
ginger,tamilnadu,25-03-2023,2364.96,2782.31
ginger,tamilnadu,22-04-2023,2457.74,2891.46
ginger,tamilnadu,20-05-2023,2506.26,2948.54
ginger,tamilnadu,17-06-2023,2390.26,2812.07
ginger,tamilnadu,15-07-2023,2608.93,3069.33
ginger,tamilnadu,12-08-2023,2659.01,3128.25
ginger,tamilnadu,09-09-2023,2474.5,2911.18
ginger,tamilnadu,07-10-2023,2659.69,3129.05
ginger,tamilnadu,04-11-2023,2599.28,3057.98
ginger,tamilnadu,02-12-2023,2536.31,2983.89
ginger,tamilnadu,30-12-2023,2349.71,2764.37
ginger,tamilnadu,27-01-2024,2349.27,2763.85
ginger,tamilnadu,24-02-2024,2482.02,2920.02
ginger,tamilnadu,23-03-2024,2510.62,2953.67
ginger,tamilnadu,20-04-2024,2445.76,2877.37
ginger,tamilnadu,18-05-2024,2341.21,2754.37
ginger,tamilnadu,15-06-2024,2444.57,2875.97
ginger,tamilnadu,13-07-2024,2515.08,2958.92
ginger,tamilnadu,10-08-2024,2592.92,3050.5
ginger,tamilnadu,07-09-2024,2659.62,3128.97
ginger,tamilnadu,05-10-2024,2532.99,2979.99
ginger,tamilnadu,02-11-2024,2553.17,3003.73
ginger,tamilnadu,30-11-2024,2696.73,3172.62
ginger,tamilnadu,28-12-2024,2227.93,2621.09
ginger,tamilnadu,25-01-2025,2385.97,2807.02
ginger,tamilnadu,22-02-2025,2376.64,2796.05
ginger,tamilnadu,22-03-2025,2421.1,2848.35
ginger,tamilnadu,19-04-2025,2535.16,2982.54
ginger,tamilnadu,17-05-2025,2365.22,2782.61
ginger,tamilnadu,14-06-2025,2484.6,2923.06
ginger,tamilnadu,12-07-2025,2514.2,2957.88
ginger,tamilnadu,09-08-2025,2431.65,2860.76
ginger,tamilnadu,06-09-2025,2581.49,3037.05
ginger,tamilnadu,04-10-2025,2658.15,3127.23
ginger,andhrapradesh,01-01-2022,2748.73,3233.8
ginger,andhrapradesh,29-01-2022,2717.08,3196.57
ginger,andhrapradesh,26-02-2022,2981.53,3507.68
ginger,andhrapradesh,26-03-2022,2834.39,3334.58
ginger,andhrapradesh,23-04-2022,2897.24,3408.52
ginger,andhrapradesh,21-05-2022,2936.95,3455.23
ginger,andhrapradesh,18-06-2022,3010.28,3541.5
ginger,andhrapradesh,16-07-2022,3006.38,3536.92
ginger,andhrapradesh,13-08-2022,3041.18,3577.86
ginger,andhrapradesh,10-09-2022,3006.65,3537.24
ginger,andhrapradesh,08-10-2022,3237.12,3808.38
ginger,andhrapradesh,05-11-2022,3156.93,3714.03
ginger,andhrapradesh,03-12-2022,3359.77,3952.67
ginger,andhrapradesh,31-12-2022,2903.04,3415.34
ginger,andhrapradesh,28-01-2023,2841.92,3343.43
ginger,andhrapradesh,25-02-2023,2983.64,3510.16
ginger,andhrapradesh,25-03-2023,2926.14,3442.52
ginger,andhrapradesh,22-04-2023,2876.73,3384.39
ginger,andhrapradesh,20-05-2023,2967.14,3490.75
ginger,andhrapradesh,17-06-2023,3130.6,3683.06
ginger,andhrapradesh,15-07-2023,2920.42,3435.79
ginger,andhrapradesh,12-08-2023,3236.76,3807.95
ginger,andhrapradesh,09-09-2023,3056.27,3595.61
ginger,andhrapradesh,07-10-2023,3274.36,3852.19
ginger,andhrapradesh,04-11-2023,3262.84,3838.64
ginger,andhrapradesh,02-12-2023,3281.23,3860.27
ginger,andhrapradesh,30-12-2023,2703.71,3180.83
ginger,andhrapradesh,27-01-2024,2977.1,3502.47
ginger,andhrapradesh,24-02-2024,2968.23,3492.03
ginger,andhrapradesh,23-03-2024,2783.31,3274.48
ginger,andhrapradesh,20-04-2024,2910.91,3424.6
ginger,andhrapradesh,18-05-2024,2976.22,3501.44
ginger,andhrapradesh,15-06-2024,3059.28,3599.15
ginger,andhrapradesh,13-07-2024,3196.43,3760.51
ginger,andhrapradesh,10-08-2024,2977.51,3502.95
ginger,andhrapradesh,07-09-2024,3158.29,3715.63
ginger,andhrapradesh,05-10-2024,3156.09,3713.05
ginger,andhrapradesh,02-11-2024,3059.03,3598.86
ginger,andhrapradesh,30-11-2024,3310.08,3894.21
ginger,andhrapradesh,28-12-2024,2710.05,3188.29
ginger,andhrapradesh,25-01-2025,2842.53,3344.15
ginger,andhrapradesh,22-02-2025,2818.05,3315.35
ginger,andhrapradesh,22-03-2025,2810.92,3306.96
ginger,andhrapradesh,19-04-2025,3055.91,3595.19
ginger,andhrapradesh,17-05-2025,2997.18,3526.1
ginger,andhrapradesh,14-06-2025,3132.08,3684.8
ginger,andhrapradesh,12-07-2025,3012.97,3544.67
ginger,andhrapradesh,09-08-2025,2990.13,3517.8
ginger,andhrapradesh,06-09-2025,3015.93,3548.15
ginger,andhrapradesh,04-10-2025,3111.15,3660.18
ginger,telangana,01-01-2022,3144.12,3698.97
ginger,telangana,29-01-2022,3065.63,3606.62
ginger,telangana,26-02-2022,2987.81,3515.07
ginger,telangana,26-03-2022,3108.36,3656.89
ginger,telangana,23-04-2022,3289.33,3869.8
ginger,telangana,21-05-2022,3242.07,3814.2
ginger,telangana,18-06-2022,3373.84,3969.22
ginger,telangana,16-07-2022,3299.41,3881.66
ginger,telangana,13-08-2022,3334.72,3923.2
ginger,telangana,10-09-2022,3323.85,3910.41
ginger,telangana,08-10-2022,3316.17,3901.38
ginger,telangana,05-11-2022,3465.71,4077.31
ginger,telangana,03-12-2022,3449.44,4058.17
ginger,telangana,31-12-2022,3000.14,3529.58
ginger,telangana,28-01-2023,3162.16,3720.19
ginger,telangana,25-02-2023,3178.78,3739.74
ginger,telangana,25-03-2023,3176.98,3737.62
ginger,telangana,22-04-2023,3150.56,3706.54
ginger,telangana,20-05-2023,3268.6,3845.41
ginger,telangana,17-06-2023,3430.3,4035.65
ginger,telangana,15-07-2023,3414.42,4016.97
ginger,telangana,12-08-2023,3292.84,3873.93
ginger,telangana,09-09-2023,3464.29,4075.64
ginger,telangana,07-10-2023,3469.18,4081.39
ginger,telangana,04-11-2023,3356.48,3948.8
ginger,telangana,02-12-2023,3376.17,3971.96
ginger,telangana,30-12-2023,3189.45,3752.29
ginger,telangana,27-01-2024,3214.56,3781.84
ginger,telangana,24-02-2024,3272.03,3849.45
ginger,telangana,23-03-2024,3262.74,3838.52
ginger,telangana,20-04-2024,3178.91,3739.9
ginger,telangana,18-05-2024,3185.65,3747.82
ginger,telangana,15-06-2024,3158.74,3716.17
ginger,telangana,13-07-2024,3432.46,4038.19
ginger,telangana,10-08-2024,3482.4,4096.94
ginger,telangana,07-09-2024,3237.09,3808.34
ginger,telangana,05-10-2024,3533.65,4157.24
ginger,telangana,02-11-2024,3424.02,4028.26
ginger,telangana,30-11-2024,3411.46,4013.48
ginger,telangana,28-12-2024,3094.71,3640.83
ginger,telangana,25-01-2025,3005.08,3535.39
ginger,telangana,22-02-2025,3269.16,3846.07
ginger,telangana,22-03-2025,3047.19,3584.93
ginger,telangana,19-04-2025,3322.77,3909.14
ginger,telangana,17-05-2025,3364.1,3957.76
ginger,telangana,14-06-2025,3385.24,3982.64
ginger,telangana,12-07-2025,3415.32,4018.02
ginger,telangana,09-08-2025,3477.71,4091.42
ginger,telangana,06-09-2025,3246.03,3818.86
ginger,telangana,04-10-2025,3260.6,3836.0
ginger,kerala,01-01-2022,2442.65,2873.71
ginger,kerala,29-01-2022,2517.3,2961.53
ginger,kerala,26-02-2022,2660.95,3130.53
ginger,kerala,26-03-2022,2672.75,3144.41
ginger,kerala,23-04-2022,2604.44,3064.05
ginger,kerala,21-05-2022,2613.13,3074.27
ginger,kerala,18-06-2022,2699.68,3176.1
ginger,kerala,16-07-2022,2883.64,3392.52
ginger,kerala,13-08-2022,2824.77,3323.26
ginger,kerala,10-09-2022,2816.42,3313.43
ginger,kerala,08-10-2022,2906.61,3419.54
ginger,kerala,05-11-2022,3057.92,3597.55
ginger,kerala,03-12-2022,2942.86,3462.19
ginger,kerala,31-12-2022,2561.99,3014.11
ginger,kerala,28-01-2023,2684.95,3158.76
ginger,kerala,25-02-2023,2754.82,3240.96
ginger,kerala,25-03-2023,2584.11,3040.13
ginger,kerala,22-04-2023,2676.22,3148.5
ginger,kerala,20-05-2023,2759.28,3246.21
ginger,kerala,17-06-2023,2737.63,3220.74
ginger,kerala,15-07-2023,2911.03,3424.74
ginger,kerala,12-08-2023,2858.12,3362.49
ginger,kerala,09-09-2023,2749.92,3235.2
ginger,kerala,07-10-2023,2739.45,3222.88
ginger,kerala,04-11-2023,2874.7,3382.0
ginger,kerala,02-12-2023,2950.13,3470.74
ginger,kerala,30-12-2023,2623.27,3086.2
ginger,kerala,27-01-2024,2507.87,2950.43
ginger,kerala,24-02-2024,2591.58,3048.92
ginger,kerala,23-03-2024,2580.68,3036.09
ginger,kerala,20-04-2024,2813.33,3309.8
ginger,kerala,18-05-2024,2728.93,3210.51
ginger,kerala,15-06-2024,2837.96,3338.78
ginger,kerala,13-07-2024,2694.69,3170.22
ginger,kerala,10-08-2024,2830.0,3329.41
ginger,kerala,07-09-2024,2939.89,3458.7
ginger,kerala,05-10-2024,2950.01,3470.6
ginger,kerala,02-11-2024,2823.46,3321.72
ginger,kerala,30-11-2024,2816.87,3313.97
ginger,kerala,28-12-2024,2485.29,2923.87
ginger,kerala,25-01-2025,2501.51,2942.95
ginger,kerala,22-02-2025,2715.61,3194.84
ginger,kerala,22-03-2025,2526.97,2972.9
ginger,kerala,19-04-2025,2637.46,3102.89
ginger,kerala,17-05-2025,2611.01,3071.78
ginger,kerala,14-06-2025,2720.03,3200.04
ginger,kerala,12-07-2025,2648.79,3116.22
ginger,kerala,09-08-2025,2702.21,3179.07
ginger,kerala,06-09-2025,2777.0,3267.06
ginger,kerala,04-10-2025,2813.23,3309.68
ginger,maharashtra,01-01-2022,2426.91,2855.19
ginger,maharashtra,29-01-2022,2396.01,2818.84
ginger,maharashtra,26-02-2022,2318.66,2727.84
ginger,maharashtra,26-03-2022,2381.59,2801.87
ginger,maharashtra,23-04-2022,2486.68,2925.51
ginger,maharashtra,21-05-2022,2528.1,2974.23
ginger,maharashtra,18-06-2022,2447.59,2879.52
ginger,maharashtra,16-07-2022,2571.28,3025.04
ginger,maharashtra,13-08-2022,2687.22,3161.43
ginger,maharashtra,10-09-2022,2747.53,3232.39
ginger,maharashtra,08-10-2022,2666.2,3136.71
ginger,maharashtra,05-11-2022,2652.76,3120.9
ginger,maharashtra,03-12-2022,2798.18,3291.98
ginger,maharashtra,31-12-2022,2342.74,2756.17
ginger,maharashtra,28-01-2023,2435.58,2865.39
ginger,maharashtra,25-02-2023,2430.56,2859.48
ginger,maharashtra,25-03-2023,2434.28,2863.86
ginger,maharashtra,22-04-2023,2584.21,3040.25
ginger,maharashtra,20-05-2023,2634.95,3099.94
ginger,maharashtra,17-06-2023,2508.44,2951.11
ginger,maharashtra,15-07-2023,2613.27,3074.44
ginger,maharashtra,12-08-2023,2615.12,3076.61
ginger,maharashtra,09-09-2023,2714.69,3193.75
ginger,maharashtra,07-10-2023,2716.88,3196.33
ginger,maharashtra,04-11-2023,2688.61,3163.07
ginger,maharashtra,02-12-2023,2839.92,3341.08
ginger,maharashtra,30-12-2023,2388.02,2809.43
ginger,maharashtra,27-01-2024,2460.07,2894.2
ginger,maharashtra,24-02-2024,2408.32,2833.32
ginger,maharashtra,23-03-2024,2476.29,2913.28
ginger,maharashtra,20-04-2024,2414.37,2840.43
ginger,maharashtra,18-05-2024,2508.12,2950.73
ginger,maharashtra,15-06-2024,2456.24,2889.69
ginger,maharashtra,13-07-2024,2574.57,3028.91
ginger,maharashtra,10-08-2024,2498.19,2939.05
ginger,maharashtra,07-09-2024,2691.42,3166.38
ginger,maharashtra,05-10-2024,2590.93,3048.15
ginger,maharashtra,02-11-2024,2778.73,3269.1
ginger,maharashtra,30-11-2024,2793.13,3286.03
ginger,maharashtra,28-12-2024,2476.37,2913.38
ginger,maharashtra,25-01-2025,2442.24,2873.22
ginger,maharashtra,22-02-2025,2548.1,2997.76
ginger,maharashtra,22-03-2025,2576.66,3031.36
ginger,maharashtra,19-04-2025,2600.01,3058.83
ginger,maharashtra,17-05-2025,2479.43,2916.98
ginger,maharashtra,14-06-2025,2469.41,2905.19
ginger,maharashtra,12-07-2025,2602.44,3061.69
ginger,maharashtra,09-08-2025,2629.74,3093.81
ginger,maharashtra,06-09-2025,2672.23,3143.8
ginger,maharashtra,04-10-2025,2735.9,3218.71
ginger,gujarat,01-01-2022,3267.38,3843.98
ginger,gujarat,29-01-2022,3237.73,3809.09
ginger,gujarat,26-02-2022,3298.95,3881.12
ginger,gujarat,26-03-2022,3293.01,3874.13
ginger,gujarat,23-04-2022,3308.97,3892.9
ginger,gujarat,21-05-2022,3366.59,3960.7
ginger,gujarat,18-06-2022,3270.39,3847.52
ginger,gujarat,16-07-2022,3415.17,4017.85
ginger,gujarat,13-08-2022,3346.36,3936.9
ginger,gujarat,10-09-2022,3360.02,3952.97
ginger,gujarat,08-10-2022,3568.8,4198.59
ginger,gujarat,05-11-2022,3625.84,4265.7
ginger,gujarat,03-12-2022,3501.08,4118.92
ginger,gujarat,31-12-2022,3149.34,3705.1
ginger,gujarat,28-01-2023,3288.9,3869.29
ginger,gujarat,25-02-2023,3107.98,3656.45
ginger,gujarat,25-03-2023,3260.17,3835.49
ginger,gujarat,22-04-2023,3218.04,3785.93
ginger,gujarat,20-05-2023,3292.73,3873.8
ginger,gujarat,17-06-2023,3355.32,3947.43
ginger,gujarat,15-07-2023,3447.1,4055.41
ginger,gujarat,12-08-2023,3518.44,4139.34
ginger,gujarat,09-09-2023,3608.88,4245.74
ginger,gujarat,07-10-2023,3416.09,4018.93
ginger,gujarat,04-11-2023,3663.44,4309.93
ginger,gujarat,02-12-2023,3517.37,4138.08
ginger,gujarat,30-12-2023,3263.18,3839.04
ginger,gujarat,27-01-2024,3186.55,3748.88
ginger,gujarat,24-02-2024,3126.51,3678.25
ginger,gujarat,23-03-2024,3162.25,3720.29
ginger,gujarat,20-04-2024,3382.97,3979.97
ginger,gujarat,18-05-2024,3411.27,4013.26
ginger,gujarat,15-06-2024,3396.34,3995.69
ginger,gujarat,13-07-2024,3474.43,4087.56
ginger,gujarat,10-08-2024,3327.12,3914.26
ginger,gujarat,07-09-2024,3457.44,4067.58
ginger,gujarat,05-10-2024,3629.1,4269.53
ginger,gujarat,02-11-2024,3682.05,4331.82
ginger,gujarat,30-11-2024,3570.88,4201.04
ginger,gujarat,28-12-2024,3027.21,3561.42
ginger,gujarat,25-01-2025,3061.02,3601.2
ginger,gujarat,22-02-2025,3065.28,3606.21
ginger,gujarat,22-03-2025,3097.9,3644.59
ginger,gujarat,19-04-2025,3197.84,3762.16
ginger,gujarat,17-05-2025,3453.15,4062.53
ginger,gujarat,14-06-2025,3348.41,3939.3
ginger,gujarat,12-07-2025,3407.13,4008.39
ginger,gujarat,09-08-2025,3436.15,4042.53
ginger,gujarat,06-09-2025,3341.24,3930.87
ginger,gujarat,04-10-2025,3511.51,4131.19
ginger,rajasthan,01-01-2022,3085.1,3629.53
ginger,rajasthan,29-01-2022,3203.91,3769.31
ginger,rajasthan,26-02-2022,3236.54,3807.69
ginger,rajasthan,26-03-2022,3392.09,3990.7
ginger,rajasthan,23-04-2022,3211.4,3778.12
ginger,rajasthan,21-05-2022,3218.27,3786.2
ginger,rajasthan,18-06-2022,3479.82,4093.9
ginger,rajasthan,16-07-2022,3499.87,4117.49
ginger,rajasthan,13-08-2022,3314.14,3898.99
ginger,rajasthan,10-09-2022,3594.3,4228.59
ginger,rajasthan,08-10-2022,3494.75,4111.47
ginger,rajasthan,05-11-2022,3673.98,4322.33
ginger,rajasthan,03-12-2022,3740.41,4400.48
ginger,rajasthan,31-12-2022,3154.52,3711.2
ginger,rajasthan,28-01-2023,3074.76,3617.36
ginger,rajasthan,25-02-2023,3341.14,3930.75
ginger,rajasthan,25-03-2023,3180.5,3741.77
ginger,rajasthan,22-04-2023,3313.97,3898.79
ginger,rajasthan,20-05-2023,3370.81,3965.66
ginger,rajasthan,17-06-2023,3522.81,4144.48
ginger,rajasthan,15-07-2023,3544.95,4170.53
ginger,rajasthan,12-08-2023,3459.18,4069.62
ginger,rajasthan,09-09-2023,3493.98,4110.56
ginger,rajasthan,07-10-2023,3555.41,4182.83
ginger,rajasthan,04-11-2023,3516.43,4136.98
ginger,rajasthan,02-12-2023,3504.93,4123.45
ginger,rajasthan,30-12-2023,3214.79,3782.11
ginger,rajasthan,27-01-2024,3243.76,3816.19
ginger,rajasthan,24-02-2024,3176.65,3737.24
ginger,rajasthan,23-03-2024,3261.6,3837.18
ginger,rajasthan,20-04-2024,3192.16,3755.48
ginger,rajasthan,18-05-2024,3381.1,3977.76
ginger,rajasthan,15-06-2024,3338.77,3927.97
ginger,rajasthan,13-07-2024,3263.69,3839.63
ginger,rajasthan,10-08-2024,3569.4,4199.29
ginger,rajasthan,07-09-2024,3579.42,4211.08
ginger,rajasthan,05-10-2024,3706.76,4360.89
ginger,rajasthan,02-11-2024,3666.12,4313.08
ginger,rajasthan,30-11-2024,3501.83,4119.8
ginger,rajasthan,28-12-2024,3069.8,3611.53
ginger,rajasthan,25-01-2025,3115.71,3665.54
ginger,rajasthan,22-02-2025,3353.74,3945.58
ginger,rajasthan,22-03-2025,3304.3,3887.41
ginger,rajasthan,19-04-2025,3399.82,3999.79
ginger,rajasthan,17-05-2025,3453.73,4063.21
ginger,rajasthan,14-06-2025,3399.35,3999.23
ginger,rajasthan,12-07-2025,3280.28,3859.15
ginger,rajasthan,09-08-2025,3303.04,3885.93
ginger,rajasthan,06-09-2025,3608.95,4245.82
ginger,rajasthan,04-10-2025,3412.07,4014.2
ginger,punjab,01-01-2022,2482.43,2920.51
ginger,punjab,29-01-2022,2555.32,3006.26
ginger,punjab,26-02-2022,2579.1,3034.24
ginger,punjab,26-03-2022,2397.79,2820.93
ginger,punjab,23-04-2022,2458.82,2892.73
ginger,punjab,21-05-2022,2598.39,3056.93
ginger,punjab,18-06-2022,2681.61,3154.83
ginger,punjab,16-07-2022,2699.67,3176.08
ginger,punjab,13-08-2022,2692.5,3167.65
ginger,punjab,10-09-2022,2658.62,3127.79
ginger,punjab,08-10-2022,2599.93,3058.74
ginger,punjab,05-11-2022,2705.7,3183.18
ginger,punjab,03-12-2022,2784.27,3275.61
ginger,punjab,31-12-2022,2464.42,2899.32
ginger,punjab,28-01-2023,2515.11,2958.95
ginger,punjab,25-02-2023,2411.25,2836.76
ginger,punjab,25-03-2023,2546.15,2995.47
ginger,punjab,22-04-2023,2470.83,2906.86
ginger,punjab,20-05-2023,2450.82,2883.32
ginger,punjab,17-06-2023,2586.74,3043.22
ginger,punjab,15-07-2023,2631.14,3095.46
ginger,punjab,12-08-2023,2592.02,3049.43
ginger,punjab,09-09-2023,2724.82,3205.67
ginger,punjab,07-10-2023,2618.74,3080.87
ginger,punjab,04-11-2023,2889.15,3399.0
ginger,punjab,02-12-2023,2691.41,3166.36
ginger,punjab,30-12-2023,2317.5,2726.47
ginger,punjab,27-01-2024,2371.6,2790.12
ginger,punjab,24-02-2024,2401.03,2824.74
ginger,punjab,23-03-2024,2444.22,2875.55
ginger,punjab,20-04-2024,2450.89,2883.4
ginger,punjab,18-05-2024,2626.64,3090.17
ginger,punjab,15-06-2024,2661.04,3130.63
ginger,punjab,13-07-2024,2628.57,3092.44
ginger,punjab,10-08-2024,2660.38,3129.86
ginger,punjab,07-09-2024,2742.83,3226.86
ginger,punjab,05-10-2024,2607.98,3068.21
ginger,punjab,02-11-2024,2789.35,3281.59
ginger,punjab,30-11-2024,2859.06,3363.6
ginger,punjab,28-12-2024,2327.41,2738.13
ginger,punjab,25-01-2025,2362.21,2779.07
ginger,punjab,22-02-2025,2463.45,2898.18
ginger,punjab,22-03-2025,2424.64,2852.52
ginger,punjab,19-04-2025,2466.84,2902.17
ginger,punjab,17-05-2025,2480.75,2918.53
ginger,punjab,14-06-2025,2666.59,3137.16
ginger,punjab,12-07-2025,2624.91,3088.13
ginger,punjab,09-08-2025,2728.84,3210.4
ginger,punjab,06-09-2025,2743.25,3227.35
ginger,punjab,04-10-2025,2846.03,3348.27
ginger,haryana,01-01-2022,3128.35,3680.41
ginger,haryana,29-01-2022,2944.38,3463.98
ginger,haryana,26-02-2022,3111.29,3660.34
ginger,haryana,26-03-2022,3182.35,3743.94
ginger,haryana,23-04-2022,3002.55,3532.41
ginger,haryana,21-05-2022,3208.61,3774.84
ginger,haryana,18-06-2022,3201.02,3765.91
ginger,haryana,16-07-2022,3207.47,3773.5
ginger,haryana,13-08-2022,3309.85,3893.94
ginger,haryana,10-09-2022,3388.81,3986.84
ginger,haryana,08-10-2022,3357.68,3950.21
ginger,haryana,05-11-2022,3538.67,4163.14
ginger,haryana,03-12-2022,3554.86,4182.19
ginger,haryana,31-12-2022,3081.64,3625.46
ginger,haryana,28-01-2023,2915.75,3430.29
ginger,haryana,25-02-2023,3154.75,3711.47
ginger,haryana,25-03-2023,3043.09,3580.11
ginger,haryana,22-04-2023,3022.51,3555.9
ginger,haryana,20-05-2023,3117.04,3667.11
ginger,haryana,17-06-2023,3316.54,3901.81
ginger,haryana,15-07-2023,3320.2,3906.12
ginger,haryana,12-08-2023,3339.27,3928.55
ginger,haryana,09-09-2023,3215.47,3782.9
ginger,haryana,07-10-2023,3317.81,3903.31
ginger,haryana,04-11-2023,3242.62,3814.85
ginger,haryana,02-12-2023,3504.41,4122.83
ginger,haryana,30-12-2023,3143.22,3697.9
ginger,haryana,27-01-2024,2929.86,3446.9
ginger,haryana,24-02-2024,3007.94,3538.75
ginger,haryana,23-03-2024,2995.43,3524.03
ginger,haryana,20-04-2024,3255.35,3829.82
ginger,haryana,18-05-2024,3214.83,3782.15
ginger,haryana,15-06-2024,3287.78,3867.98
ginger,haryana,13-07-2024,3217.07,3784.79
ginger,haryana,10-08-2024,3452.16,4061.37
ginger,haryana,07-09-2024,3409.24,4010.87
ginger,haryana,05-10-2024,3487.29,4102.7
ginger,haryana,02-11-2024,3262.16,3837.83
ginger,haryana,30-11-2024,3531.02,4154.14
ginger,haryana,28-12-2024,3045.21,3582.6
ginger,haryana,25-01-2025,3128.8,3680.94
ginger,haryana,22-02-2025,2985.79,3512.69
ginger,haryana,22-03-2025,3162.84,3720.99
ginger,haryana,19-04-2025,3178.59,3739.52
ginger,haryana,17-05-2025,3067.27,3608.55
ginger,haryana,14-06-2025,3285.83,3865.68
ginger,haryana,12-07-2025,3259.4,3834.59
ginger,haryana,09-08-2025,3138.67,3692.55
ginger,haryana,06-09-2025,3200.97,3765.85
ginger,haryana,04-10-2025,3530.88,4153.98
ginger,uttarpradesh,01-01-2022,2279.73,2682.04
ginger,uttarpradesh,29-01-2022,2343.21,2756.72
ginger,uttarpradesh,26-02-2022,2356.58,2772.45
ginger,uttarpradesh,26-03-2022,2377.43,2796.98
ginger,uttarpradesh,23-04-2022,2415.82,2842.14
ginger,uttarpradesh,21-05-2022,2429.72,2858.5
ginger,uttarpradesh,18-06-2022,2612.93,3074.04
ginger,uttarpradesh,16-07-2022,2462.7,2897.3
ginger,uttarpradesh,13-08-2022,2443.52,2874.73
ginger,uttarpradesh,10-09-2022,2708.44,3186.4
ginger,uttarpradesh,08-10-2022,2724.8,3205.65
ginger,uttarpradesh,05-11-2022,2725.97,3207.02
ginger,uttarpradesh,03-12-2022,2554.0,3004.71
ginger,uttarpradesh,31-12-2022,2446.39,2878.11
ginger,uttarpradesh,28-01-2023,2462.76,2897.37
ginger,uttarpradesh,25-02-2023,2371.75,2790.29
ginger,uttarpradesh,25-03-2023,2385.94,2806.99
ginger,uttarpradesh,22-04-2023,2365.69,2783.17
ginger,uttarpradesh,20-05-2023,2410.86,2836.31
ginger,uttarpradesh,17-06-2023,2505.36,2947.48
ginger,uttarpradesh,15-07-2023,2424.24,2852.05
ginger,uttarpradesh,12-08-2023,2590.24,3047.34
ginger,uttarpradesh,09-09-2023,2480.18,2917.86
ginger,uttarpradesh,07-10-2023,2680.41,3153.42
ginger,uttarpradesh,04-11-2023,2775.16,3264.89
ginger,uttarpradesh,02-12-2023,2662.74,3132.64
ginger,uttarpradesh,30-12-2023,2416.52,2842.96
ginger,uttarpradesh,27-01-2024,2248.42,2645.2
ginger,uttarpradesh,24-02-2024,2325.31,2735.66
ginger,uttarpradesh,23-03-2024,2329.01,2740.01
ginger,uttarpradesh,20-04-2024,2394.94,2817.58
ginger,uttarpradesh,18-05-2024,2514.74,2958.52
ginger,uttarpradesh,15-06-2024,2607.19,3067.28
ginger,uttarpradesh,13-07-2024,2495.77,2936.2
ginger,uttarpradesh,10-08-2024,2503.54,2945.34
ginger,uttarpradesh,07-09-2024,2688.35,3162.76
ginger,uttarpradesh,05-10-2024,2708.98,3187.04
ginger,uttarpradesh,02-11-2024,2701.02,3177.67
ginger,uttarpradesh,30-11-2024,2719.27,3199.14
ginger,uttarpradesh,28-12-2024,2267.23,2667.33
ginger,uttarpradesh,25-01-2025,2410.86,2836.3
ginger,uttarpradesh,22-02-2025,2339.0,2751.76
ginger,uttarpradesh,22-03-2025,2358.82,2775.08
ginger,uttarpradesh,19-04-2025,2356.57,2772.44
ginger,uttarpradesh,17-05-2025,2506.33,2948.62
ginger,uttarpradesh,14-06-2025,2608.91,3069.31
ginger,uttarpradesh,12-07-2025,2511.78,2955.04
ginger,uttarpradesh,09-08-2025,2563.9,3016.35
ginger,uttarpradesh,06-09-2025,2701.36,3178.07
ginger,uttarpradesh,04-10-2025,2659.68,3129.04
ginger,madhyapradesh,01-01-2022,2693.74,3169.11
ginger,madhyapradesh,29-01-2022,2573.88,3028.1
ginger,madhyapradesh,26-02-2022,2540.94,2989.34
ginger,madhyapradesh,26-03-2022,2673.49,3145.28
ginger,madhyapradesh,23-04-2022,2769.38,3258.09
ginger,madhyapradesh,21-05-2022,2890.66,3400.78
ginger,madhyapradesh,18-06-2022,2750.18,3235.51
ginger,madhyapradesh,16-07-2022,2797.09,3290.7
ginger,madhyapradesh,13-08-2022,2757.15,3243.71
ginger,madhyapradesh,10-09-2022,2809.65,3305.47
ginger,madhyapradesh,08-10-2022,2909.23,3422.62
ginger,madhyapradesh,05-11-2022,2831.5,3331.18
ginger,madhyapradesh,03-12-2022,3080.2,3623.76
ginger,madhyapradesh,31-12-2022,2527.36,2973.36
ginger,madhyapradesh,28-01-2023,2606.92,3066.97
ginger,madhyapradesh,25-02-2023,2553.08,3003.62
ginger,madhyapradesh,25-03-2023,2703.64,3180.75
ginger,madhyapradesh,22-04-2023,2794.43,3287.57
ginger,madhyapradesh,20-05-2023,2835.37,3335.73
ginger,madhyapradesh,17-06-2023,2789.8,3282.12
ginger,madhyapradesh,15-07-2023,2688.19,3162.58
ginger,madhyapradesh,12-08-2023,2715.59,3194.81
ginger,madhyapradesh,09-09-2023,3001.47,3531.14
ginger,madhyapradesh,07-10-2023,3000.46,3529.95
ginger,madhyapradesh,04-11-2023,2963.38,3486.33
ginger,madhyapradesh,02-12-2023,2860.76,3365.6
ginger,madhyapradesh,30-12-2023,2565.6,3018.35
ginger,madhyapradesh,27-01-2024,2693.34,3168.63
ginger,madhyapradesh,24-02-2024,2547.61,2997.19
ginger,madhyapradesh,23-03-2024,2597.95,3056.41
ginger,madhyapradesh,20-04-2024,2725.63,3206.62
ginger,madhyapradesh,18-05-2024,2765.74,3253.81
ginger,madhyapradesh,15-06-2024,2790.55,3283.0
ginger,madhyapradesh,13-07-2024,2906.21,3419.07
ginger,madhyapradesh,10-08-2024,2899.03,3410.62
ginger,madhyapradesh,07-09-2024,2867.79,3373.87
ginger,madhyapradesh,05-10-2024,2812.6,3308.94
ginger,madhyapradesh,02-11-2024,2809.12,3304.85
ginger,madhyapradesh,30-11-2024,3045.34,3582.75
ginger,madhyapradesh,28-12-2024,2714.77,3193.85
ginger,madhyapradesh,25-01-2025,2677.81,3150.37
ginger,madhyapradesh,22-02-2025,2646.82,3113.91
ginger,madhyapradesh,22-03-2025,2606.98,3067.04
ginger,madhyapradesh,19-04-2025,2596.68,3054.92
ginger,madhyapradesh,17-05-2025,2740.57,3224.2
ginger,madhyapradesh,14-06-2025,2715.23,3194.39
ginger,madhyapradesh,12-07-2025,2807.47,3302.9
ginger,madhyapradesh,09-08-2025,2773.32,3262.73
ginger,madhyapradesh,06-09-2025,2761.68,3249.04
ginger,madhyapradesh,04-10-2025,2783.35,3274.53
ginger,westbengal,01-01-2022,3070.07,3611.85
ginger,westbengal,29-01-2022,3161.82,3719.79
ginger,westbengal,26-02-2022,3119.36,3669.83
ginger,westbengal,26-03-2022,3165.3,3723.88
ginger,westbengal,23-04-2022,3367.05,3961.23
ginger,westbengal,21-05-2022,3199.99,3764.69
ginger,westbengal,18-06-2022,3414.61,4017.19
ginger,westbengal,16-07-2022,3224.29,3793.28
ginger,westbengal,13-08-2022,3446.29,4054.46
ginger,westbengal,10-09-2022,3352.61,3944.25
ginger,westbengal,08-10-2022,3512.76,4132.66
ginger,westbengal,05-11-2022,3550.46,4177.01
ginger,westbengal,03-12-2022,3527.55,4150.06
ginger,westbengal,31-12-2022,3090.24,3635.58
ginger,westbengal,28-01-2023,3129.91,3682.25
ginger,westbengal,25-02-2023,3112.4,3661.65
ginger,westbengal,25-03-2023,3077.91,3621.07
ginger,westbengal,22-04-2023,3144.6,3699.53
ginger,westbengal,20-05-2023,3143.92,3698.73
ginger,westbengal,17-06-2023,3245.59,3818.34
ginger,westbengal,15-07-2023,3443.06,4050.66
ginger,westbengal,12-08-2023,3551.42,4178.14
ginger,westbengal,09-09-2023,3359.07,3951.85
ginger,westbengal,07-10-2023,3467.55,4079.47
ginger,westbengal,04-11-2023,3654.71,4299.66
ginger,westbengal,02-12-2023,3729.47,4387.61
ginger,westbengal,30-12-2023,3094.47,3640.55
ginger,westbengal,27-01-2024,3074.67,3617.26
ginger,westbengal,24-02-2024,3171.03,3730.62
ginger,westbengal,23-03-2024,3195.46,3759.36
ginger,westbengal,20-04-2024,3374.29,3969.75
ginger,westbengal,18-05-2024,3168.22,3727.32
ginger,westbengal,15-06-2024,3374.81,3970.37
ginger,westbengal,13-07-2024,3393.49,3992.34
ginger,westbengal,10-08-2024,3537.22,4161.44
ginger,westbengal,07-09-2024,3531.9,4155.18
ginger,westbengal,05-10-2024,3492.91,4109.31
ginger,westbengal,02-11-2024,3374.83,3970.39
ginger,westbengal,30-11-2024,3751.08,4413.03
ginger,westbengal,28-12-2024,3083.1,3627.18
ginger,westbengal,25-01-2025,3128.68,3680.8
ginger,westbengal,22-02-2025,3130.54,3682.99
ginger,westbengal,22-03-2025,3175.01,3735.31
ginger,westbengal,19-04-2025,3297.85,3879.82
ginger,westbengal,17-05-2025,3391.86,3990.42
ginger,westbengal,14-06-2025,3445.08,4053.03
ginger,westbengal,12-07-2025,3233.02,3803.55
ginger,westbengal,09-08-2025,3454.3,4063.88
ginger,westbengal,06-09-2025,3520.5,4141.76
ginger,westbengal,04-10-2025,3370.11,3964.84
ginger,bihar,01-01-2022,2352.34,2767.46
ginger,bihar,29-01-2022,2540.67,2989.02
ginger,bihar,26-02-2022,2554.35,3005.12
ginger,bihar,26-03-2022,2574.75,3029.12
ginger,bihar,23-04-2022,2708.86,3186.9
ginger,bihar,21-05-2022,2511.73,2954.98
ginger,bihar,18-06-2022,2713.06,3191.83
ginger,bihar,16-07-2022,2755.93,3242.27
ginger,bihar,13-08-2022,2814.89,3311.64
ginger,bihar,10-09-2022,2784.47,3275.85
ginger,bihar,08-10-2022,2715.22,3194.38
ginger,bihar,05-11-2022,2670.44,3141.7
ginger,bihar,03-12-2022,2769.7,3258.47
ginger,bihar,31-12-2022,2593.97,3051.73
ginger,bihar,28-01-2023,2393.23,2815.56
ginger,bihar,25-02-2023,2604.73,3064.39
ginger,bihar,25-03-2023,2446.17,2877.85
ginger,bihar,22-04-2023,2623.01,3085.9
ginger,bihar,20-05-2023,2625.63,3088.98
ginger,bihar,17-06-2023,2737.74,3220.87
ginger,bihar,15-07-2023,2632.43,3096.98
ginger,bihar,12-08-2023,2807.35,3302.76
ginger,bihar,09-09-2023,2836.88,3337.5
ginger,bihar,07-10-2023,2898.58,3410.09
ginger,bihar,04-11-2023,2780.59,3271.28
ginger,bihar,02-12-2023,2871.06,3377.72
ginger,bihar,30-12-2023,2592.04,3049.46
ginger,bihar,27-01-2024,2536.6,2984.24
ginger,bihar,24-02-2024,2570.17,3023.73
ginger,bihar,23-03-2024,2486.26,2925.01
ginger,bihar,20-04-2024,2617.76,3079.72
ginger,bihar,18-05-2024,2673.76,3145.6
ginger,bihar,15-06-2024,2739.29,3222.69
ginger,bihar,13-07-2024,2655.15,3123.71
ginger,bihar,10-08-2024,2733.0,3215.29
ginger,bihar,07-09-2024,2691.45,3166.41
ginger,bihar,05-10-2024,2754.51,3240.6
ginger,bihar,02-11-2024,2776.94,3266.99
ginger,bihar,30-11-2024,2727.17,3208.43
ginger,bihar,28-12-2024,2400.93,2824.62
ginger,bihar,25-01-2025,2448.48,2880.57
ginger,bihar,22-02-2025,2418.49,2845.28
ginger,bihar,22-03-2025,2558.36,3009.83
ginger,bihar,19-04-2025,2533.67,2980.79
ginger,bihar,17-05-2025,2555.14,3006.05
ginger,bihar,14-06-2025,2569.45,3022.88
ginger,bihar,12-07-2025,2639.06,3104.78
ginger,bihar,09-08-2025,2631.48,3095.86
ginger,bihar,06-09-2025,2813.58,3310.09
ginger,bihar,04-10-2025,2909.07,3422.44
ginger,odisha,01-01-2022,2932.54,3450.05
ginger,odisha,29-01-2022,2965.51,3488.84
ginger,odisha,26-02-2022,3100.03,3647.1
ginger,odisha,26-03-2022,3162.99,3721.17
ginger,odisha,23-04-2022,3033.4,3568.71
ginger,odisha,21-05-2022,2936.31,3454.48
ginger,odisha,18-06-2022,3188.36,3751.01
ginger,odisha,16-07-2022,3288.39,3868.7
ginger,odisha,13-08-2022,3087.81,3632.72
ginger,odisha,10-09-2022,3208.66,3774.9
ginger,odisha,08-10-2022,3426.72,4031.44
ginger,odisha,05-11-2022,3356.46,3948.78
ginger,odisha,03-12-2022,3181.53,3742.98
ginger,odisha,31-12-2022,2895.4,3406.35
ginger,odisha,28-01-2023,2945.73,3465.56
ginger,odisha,25-02-2023,3072.6,3614.82
ginger,odisha,25-03-2023,3025.84,3559.81
ginger,odisha,22-04-2023,2949.67,3470.2
ginger,odisha,20-05-2023,2959.26,3481.48
ginger,odisha,17-06-2023,2983.36,3509.83
ginger,odisha,15-07-2023,3050.65,3589.0
ginger,odisha,12-08-2023,3247.62,3820.73
ginger,odisha,09-09-2023,3078.34,3621.58
ginger,odisha,07-10-2023,3366.35,3960.41
ginger,odisha,04-11-2023,3345.71,3936.13
ginger,odisha,02-12-2023,3204.5,3770.0
ginger,odisha,30-12-2023,3030.08,3564.8
ginger,odisha,27-01-2024,3069.53,3611.21
ginger,odisha,24-02-2024,3109.49,3658.22
ginger,odisha,23-03-2024,3103.78,3651.5
ginger,odisha,20-04-2024,2969.09,3493.05
ginger,odisha,18-05-2024,3142.98,3697.62
ginger,odisha,15-06-2024,3200.67,3765.49
ginger,odisha,13-07-2024,3181.16,3742.54
ginger,odisha,10-08-2024,3225.3,3794.47
ginger,odisha,07-09-2024,3355.41,3947.54
ginger,odisha,05-10-2024,3358.76,3951.48
ginger,odisha,02-11-2024,3286.52,3866.49
ginger,odisha,30-11-2024,3221.71,3790.25
ginger,odisha,28-12-2024,2792.18,3284.92
ginger,odisha,25-01-2025,3081.15,3624.88
ginger,odisha,22-02-2025,3115.09,3664.81
ginger,odisha,22-03-2025,3083.21,3627.31
ginger,odisha,19-04-2025,3061.28,3601.51
ginger,odisha,17-05-2025,3124.96,3676.42
ginger,odisha,14-06-2025,3267.38,3843.98
ginger,odisha,12-07-2025,3293.68,3874.92
ginger,odisha,09-08-2025,3197.42,3761.67
ginger,odisha,06-09-2025,3332.91,3921.07
ginger,odisha,04-10-2025,3382.07,3978.91
garlic,karnataka,01-01-2022,5257.79,6185.63
garlic,karnataka,29-01-2022,5306.06,6242.42
garlic,karnataka,26-02-2022,5066.51,5960.6
garlic,karnataka,26-03-2022,5041.41,5931.07
garlic,karnataka,23-04-2022,5430.0,6388.24
garlic,karnataka,21-05-2022,5330.32,6270.97
garlic,karnataka,18-06-2022,5625.34,6618.05
garlic,karnataka,16-07-2022,5403.29,6356.81
garlic,karnataka,13-08-2022,5552.39,6532.22
garlic,karnataka,10-09-2022,5847.51,6879.42
garlic,karnataka,08-10-2022,5711.19,6719.05
garlic,karnataka,05-11-2022,5699.57,6705.38
garlic,karnataka,03-12-2022,5800.64,6824.28
garlic,karnataka,31-12-2022,5010.52,5894.73
garlic,karnataka,28-01-2023,4855.49,5712.34
garlic,karnataka,25-02-2023,4998.54,5880.63
garlic,karnataka,25-03-2023,5393.76,6345.6
garlic,karnataka,22-04-2023,5166.21,6077.9
garlic,karnataka,20-05-2023,5113.68,6016.09
garlic,karnataka,17-06-2023,5405.39,6359.28
garlic,karnataka,15-07-2023,5467.55,6432.41
garlic,karnataka,12-08-2023,5319.8,6258.59
garlic,karnataka,09-09-2023,5800.12,6823.67
garlic,karnataka,07-10-2023,5864.9,6899.88
garlic,karnataka,04-11-2023,5665.11,6664.84
garlic,karnataka,02-12-2023,5556.19,6536.69
garlic,karnataka,30-12-2023,5090.19,5988.46
garlic,karnataka,27-01-2024,4896.31,5760.37
garlic,karnataka,24-02-2024,5244.19,6169.64
garlic,karnataka,23-03-2024,5013.05,5897.71
garlic,karnataka,20-04-2024,5112.39,6014.58
garlic,karnataka,18-05-2024,5565.85,6548.06
garlic,karnataka,15-06-2024,5513.79,6486.81
garlic,karnataka,13-07-2024,5531.78,6507.98
garlic,karnataka,10-08-2024,5706.71,6713.78
garlic,karnataka,07-09-2024,5664.02,6663.55
garlic,karnataka,05-10-2024,5627.48,6620.57
garlic,karnataka,02-11-2024,5965.32,7018.02
garlic,karnataka,30-11-2024,5594.04,6581.22
garlic,karnataka,28-12-2024,5156.0,6065.88
garlic,karnataka,25-01-2025,5049.76,5940.9
garlic,karnataka,22-02-2025,5396.8,6349.18
garlic,karnataka,22-03-2025,5319.69,6258.46
garlic,karnataka,19-04-2025,5477.71,6444.36
garlic,karnataka,17-05-2025,5444.57,6405.38
garlic,karnataka,14-06-2025,5175.45,6088.77
garlic,karnataka,12-07-2025,5231.74,6154.99
garlic,karnataka,09-08-2025,5464.5,6428.82
garlic,karnataka,06-09-2025,5727.66,6738.42
garlic,karnataka,04-10-2025,5534.02,6510.61
garlic,tamilnadu,01-01-2022,4886.47,5748.79
garlic,tamilnadu,29-01-2022,4771.17,5613.14
garlic,tamilnadu,26-02-2022,4796.41,5642.84
garlic,tamilnadu,26-03-2022,4701.77,5531.5
garlic,tamilnadu,23-04-2022,5184.86,6099.84
garlic,tamilnadu,21-05-2022,5116.69,6019.63
garlic,tamilnadu,18-06-2022,4939.27,5810.91
garlic,tamilnadu,16-07-2022,5051.89,5943.4
garlic,tamilnadu,13-08-2022,5428.24,6386.16
garlic,tamilnadu,10-09-2022,5382.67,6332.55
garlic,tamilnadu,08-10-2022,5372.14,6320.16
garlic,tamilnadu,05-11-2022,5310.27,6247.38
garlic,tamilnadu,03-12-2022,5392.59,6344.22
garlic,tamilnadu,31-12-2022,4562.09,5367.16
garlic,tamilnadu,28-01-2023,5015.17,5900.2
garlic,tamilnadu,25-02-2023,4906.62,5772.49
garlic,tamilnadu,25-03-2023,5103.26,6003.84
garlic,tamilnadu,22-04-2023,5064.73,5958.51
garlic,tamilnadu,20-05-2023,5116.11,6018.95
garlic,tamilnadu,17-06-2023,4941.67,5813.73
garlic,tamilnadu,15-07-2023,5235.64,6159.58
garlic,tamilnadu,12-08-2023,5423.54,6380.63
garlic,tamilnadu,09-09-2023,5506.95,6478.76
garlic,tamilnadu,07-10-2023,5448.96,6410.54
garlic,tamilnadu,04-11-2023,5283.13,6215.45
garlic,tamilnadu,02-12-2023,5519.49,6493.52
garlic,tamilnadu,30-12-2023,4693.5,5521.76
garlic,tamilnadu,27-01-2024,4687.1,5514.23
garlic,tamilnadu,24-02-2024,4752.72,5591.43
garlic,tamilnadu,23-03-2024,4981.49,5860.58
garlic,tamilnadu,20-04-2024,4749.14,5587.22
garlic,tamilnadu,18-05-2024,5021.2,5907.3
garlic,tamilnadu,15-06-2024,5008.36,5892.19
garlic,tamilnadu,13-07-2024,4938.63,5810.15
garlic,tamilnadu,10-08-2024,4967.53,5844.15
garlic,tamilnadu,07-09-2024,5313.95,6251.71
garlic,tamilnadu,05-10-2024,5128.59,6033.64
garlic,tamilnadu,02-11-2024,5207.15,6126.06
garlic,tamilnadu,30-11-2024,5722.26,6732.07
garlic,tamilnadu,28-12-2024,4680.12,5506.02
garlic,tamilnadu,25-01-2025,4932.97,5803.5
garlic,tamilnadu,22-02-2025,5025.62,5912.49
garlic,tamilnadu,22-03-2025,4880.41,5741.66
garlic,tamilnadu,19-04-2025,5006.9,5890.47
garlic,tamilnadu,17-05-2025,4855.73,5712.62
garlic,tamilnadu,14-06-2025,5105.41,6006.37
garlic,tamilnadu,12-07-2025,5201.5,6119.41
garlic,tamilnadu,09-08-2025,5373.7,6322.0
garlic,tamilnadu,06-09-2025,5134.99,6041.17
garlic,tamilnadu,04-10-2025,5359.56,6305.36
garlic,andhrapradesh,01-01-2022,4329.64,5093.69
garlic,andhrapradesh,29-01-2022,4432.85,5215.12
garlic,andhrapradesh,26-02-2022,4605.6,5418.35
garlic,andhrapradesh,26-03-2022,4328.04,5091.81
garlic,andhrapradesh,23-04-2022,4435.1,5217.77
garlic,andhrapradesh,21-05-2022,4589.43,5399.33
garlic,andhrapradesh,18-06-2022,4881.11,5742.48
garlic,andhrapradesh,16-07-2022,4825.88,5677.5
garlic,andhrapradesh,13-08-2022,4734.74,5570.28
garlic,andhrapradesh,10-09-2022,4851.32,5707.43
garlic,andhrapradesh,08-10-2022,4832.28,5685.03
garlic,andhrapradesh,05-11-2022,4983.51,5862.95
garlic,andhrapradesh,03-12-2022,4759.55,5599.47
garlic,andhrapradesh,31-12-2022,4242.23,4990.86
garlic,andhrapradesh,28-01-2023,4257.7,5009.06
garlic,andhrapradesh,25-02-2023,4583.13,5391.92
garlic,andhrapradesh,25-03-2023,4529.69,5329.05
garlic,andhrapradesh,22-04-2023,4661.51,5484.13
garlic,andhrapradesh,20-05-2023,4702.22,5532.02
garlic,andhrapradesh,17-06-2023,4586.66,5396.07
garlic,andhrapradesh,15-07-2023,4827.1,5678.94
garlic,andhrapradesh,12-08-2023,4808.31,5656.83
garlic,andhrapradesh,09-09-2023,4966.44,5842.87
garlic,andhrapradesh,07-10-2023,5111.59,6013.63
garlic,andhrapradesh,04-11-2023,5106.52,6007.67
garlic,andhrapradesh,02-12-2023,5083.71,5980.83
garlic,andhrapradesh,30-12-2023,4159.14,4893.11
garlic,andhrapradesh,27-01-2024,4257.22,5008.49
garlic,andhrapradesh,24-02-2024,4534.33,5334.51
garlic,andhrapradesh,23-03-2024,4667.99,5491.75
garlic,andhrapradesh,20-04-2024,4472.91,5262.25
garlic,andhrapradesh,18-05-2024,4820.05,5670.65
garlic,andhrapradesh,15-06-2024,4440.58,5224.21
garlic,andhrapradesh,13-07-2024,4591.29,5401.52
garlic,andhrapradesh,10-08-2024,4787.64,5632.52
garlic,andhrapradesh,07-09-2024,4619.55,5434.76
garlic,andhrapradesh,05-10-2024,4787.26,5632.07
garlic,andhrapradesh,02-11-2024,5085.32,5982.73
garlic,andhrapradesh,30-11-2024,4738.9,5575.18
garlic,andhrapradesh,28-12-2024,4184.09,4922.46
garlic,andhrapradesh,25-01-2025,4560.99,5365.87
garlic,andhrapradesh,22-02-2025,4338.54,5104.16
garlic,andhrapradesh,22-03-2025,4401.97,5178.79
garlic,andhrapradesh,19-04-2025,4383.35,5156.88
garlic,andhrapradesh,17-05-2025,4426.19,5207.28
garlic,andhrapradesh,14-06-2025,4465.5,5253.53
garlic,andhrapradesh,12-07-2025,4621.13,5436.62
garlic,andhrapradesh,09-08-2025,4537.83,5338.62
garlic,andhrapradesh,06-09-2025,4667.15,5490.76
garlic,andhrapradesh,04-10-2025,4766.18,5607.27
garlic,telangana,01-01-2022,3530.79,4153.87
garlic,telangana,29-01-2022,3516.19,4136.69
garlic,telangana,26-02-2022,3437.69,4044.34
garlic,telangana,26-03-2022,3731.46,4389.95
garlic,telangana,23-04-2022,3676.4,4325.18
garlic,telangana,21-05-2022,3879.3,4563.88
garlic,telangana,18-06-2022,3863.01,4544.72
garlic,telangana,16-07-2022,3917.34,4608.63
garlic,telangana,13-08-2022,3713.24,4368.52
garlic,telangana,10-09-2022,3806.82,4478.61
garlic,telangana,08-10-2022,3959.78,4658.57
garlic,telangana,05-11-2022,4089.36,4811.01
garlic,telangana,03-12-2022,4084.81,4805.66
garlic,telangana,31-12-2022,3523.59,4145.4
garlic,telangana,28-01-2023,3713.04,4368.28
garlic,telangana,25-02-2023,3677.2,4326.12
garlic,telangana,25-03-2023,3771.74,4437.34
garlic,telangana,22-04-2023,3668.12,4315.43
garlic,telangana,20-05-2023,3745.01,4405.9
garlic,telangana,17-06-2023,3617.74,4256.17
garlic,telangana,15-07-2023,3653.15,4297.82
garlic,telangana,12-08-2023,3768.82,4433.91
garlic,telangana,09-09-2023,3907.58,4597.15
garlic,telangana,07-10-2023,4140.08,4870.68
garlic,telangana,04-11-2023,4103.03,4827.09
garlic,telangana,02-12-2023,4169.19,4904.93
garlic,telangana,30-12-2023,3550.19,4176.7
garlic,telangana,27-01-2024,3699.79,4352.69
garlic,telangana,24-02-2024,3640.22,4282.61
garlic,telangana,23-03-2024,3801.17,4471.96
garlic,telangana,20-04-2024,3699.11,4351.9
garlic,telangana,18-05-2024,3769.35,4434.53
garlic,telangana,15-06-2024,3784.18,4451.98
garlic,telangana,13-07-2024,3929.68,4623.15
garlic,telangana,10-08-2024,3760.38,4423.98
garlic,telangana,07-09-2024,4086.35,4807.47
garlic,telangana,05-10-2024,3903.61,4592.48
garlic,telangana,02-11-2024,4035.73,4747.92
garlic,telangana,30-11-2024,4008.15,4715.47
garlic,telangana,28-12-2024,3658.13,4303.68
garlic,telangana,25-01-2025,3508.77,4127.96
garlic,telangana,22-02-2025,3527.25,4149.71
garlic,telangana,22-03-2025,3781.28,4448.56
garlic,telangana,19-04-2025,3531.35,4154.53
garlic,telangana,17-05-2025,3666.45,4313.47
garlic,telangana,14-06-2025,3679.69,4329.05
garlic,telangana,12-07-2025,3742.35,4402.77
garlic,telangana,09-08-2025,3918.88,4610.45
garlic,telangana,06-09-2025,3749.07,4410.67
garlic,telangana,04-10-2025,3989.55,4693.59
garlic,kerala,01-01-2022,4721.06,5554.19
garlic,kerala,29-01-2022,4488.38,5280.45
garlic,kerala,26-02-2022,4842.61,5697.19
garlic,kerala,26-03-2022,4800.66,5647.83
garlic,kerala,23-04-2022,4801.68,5649.04
garlic,kerala,21-05-2022,5024.12,5910.73
garlic,kerala,18-06-2022,4925.84,5795.1
garlic,kerala,16-07-2022,5140.98,6048.21
garlic,kerala,13-08-2022,5024.75,5911.47
garlic,kerala,10-09-2022,4936.85,5808.06
garlic,kerala,08-10-2022,4996.51,5878.25
garlic,kerala,05-11-2022,5370.57,6318.32
garlic,kerala,03-12-2022,5098.41,5998.13
garlic,kerala,31-12-2022,4792.02,5637.67
garlic,kerala,28-01-2023,4713.41,5545.19
garlic,kerala,25-02-2023,4882.47,5744.08
garlic,kerala,25-03-2023,4959.31,5834.48
garlic,kerala,22-04-2023,4726.61,5560.72
garlic,kerala,20-05-2023,4835.61,5688.95
garlic,kerala,17-06-2023,4940.45,5812.29
garlic,kerala,15-07-2023,5148.34,6056.87
garlic,kerala,12-08-2023,4909.74,5776.16
garlic,kerala,09-09-2023,5166.04,6077.69
garlic,kerala,07-10-2023,5091.08,5989.51
garlic,kerala,04-11-2023,5206.87,6125.73
garlic,kerala,02-12-2023,5095.18,5994.33
garlic,kerala,30-12-2023,4631.08,5448.33
garlic,kerala,27-01-2024,4483.95,5275.24
garlic,kerala,24-02-2024,4798.24,5644.99
garlic,kerala,23-03-2024,4884.17,5746.08
garlic,kerala,20-04-2024,4772.38,5614.56
garlic,kerala,18-05-2024,4747.66,5585.48
garlic,kerala,15-06-2024,5000.05,5882.41
garlic,kerala,13-07-2024,5083.29,5980.34
garlic,kerala,10-08-2024,4936.85,5808.06
garlic,kerala,07-09-2024,5051.86,5943.36
garlic,kerala,05-10-2024,5151.82,6060.96
garlic,kerala,02-11-2024,5208.27,6127.38
garlic,kerala,30-11-2024,5526.74,6502.05
garlic,kerala,28-12-2024,4770.22,5612.02
garlic,kerala,25-01-2025,4808.61,5657.19
garlic,kerala,22-02-2025,4780.49,5624.1
garlic,kerala,22-03-2025,4780.04,5623.58
garlic,kerala,19-04-2025,4867.99,5727.05
garlic,kerala,17-05-2025,4705.34,5535.7
garlic,kerala,14-06-2025,5129.07,6034.2
garlic,kerala,12-07-2025,4922.82,5791.55
garlic,kerala,09-08-2025,4852.91,5709.31
garlic,kerala,06-09-2025,5308.33,6245.09
garlic,kerala,04-10-2025,5117.6,6020.71
garlic,maharashtra,01-01-2022,4094.76,4817.36
garlic,maharashtra,29-01-2022,4310.62,5071.32
garlic,maharashtra,26-02-2022,4186.58,4925.39
garlic,maharashtra,26-03-2022,4475.49,5265.28
garlic,maharashtra,23-04-2022,4389.29,5163.87
garlic,maharashtra,21-05-2022,4534.63,5334.86
garlic,maharashtra,18-06-2022,4376.39,5148.69
garlic,maharashtra,16-07-2022,4431.87,5213.97
garlic,maharashtra,13-08-2022,4437.88,5221.04
garlic,maharashtra,10-09-2022,4747.03,5584.74
garlic,maharashtra,08-10-2022,4811.48,5660.56
garlic,maharashtra,05-11-2022,4498.33,5292.15
garlic,maharashtra,03-12-2022,4596.33,5407.45
garlic,maharashtra,31-12-2022,4299.34,5058.05
garlic,maharashtra,28-01-2023,4148.08,4880.09
garlic,maharashtra,25-02-2023,4381.88,5155.15
garlic,maharashtra,25-03-2023,4468.35,5256.88
garlic,maharashtra,22-04-2023,4481.72,5272.61
garlic,maharashtra,20-05-2023,4566.28,5372.1
garlic,maharashtra,17-06-2023,4320.97,5083.5
garlic,maharashtra,15-07-2023,4476.92,5266.97
garlic,maharashtra,12-08-2023,4656.96,5478.78
garlic,maharashtra,09-09-2023,4411.33,5189.8
garlic,maharashtra,07-10-2023,4620.62,5436.02
garlic,maharashtra,04-11-2023,4642.36,5461.6
garlic,maharashtra,02-12-2023,4824.17,5675.49
garlic,maharashtra,30-12-2023,4038.6,4751.29
garlic,maharashtra,27-01-2024,4015.34,4723.93
garlic,maharashtra,24-02-2024,4337.58,5103.03
garlic,maharashtra,23-03-2024,4381.95,5155.24
garlic,maharashtra,20-04-2024,4210.19,4953.17
garlic,maharashtra,18-05-2024,4271.89,5025.75
garlic,maharashtra,15-06-2024,4316.77,5078.55
garlic,maharashtra,13-07-2024,4420.67,5200.79
garlic,maharashtra,10-08-2024,4776.89,5619.87
garlic,maharashtra,07-09-2024,4754.84,5593.93
garlic,maharashtra,05-10-2024,4635.42,5453.43
garlic,maharashtra,02-11-2024,4900.75,5765.59
garlic,maharashtra,30-11-2024,4865.07,5723.61
garlic,maharashtra,28-12-2024,4140.32,4870.96
garlic,maharashtra,25-01-2025,4161.4,4895.77
garlic,maharashtra,22-02-2025,4366.93,5137.57
garlic,maharashtra,22-03-2025,4355.26,5123.83
garlic,maharashtra,19-04-2025,4310.38,5071.04
garlic,maharashtra,17-05-2025,4235.25,4982.65
garlic,maharashtra,14-06-2025,4317.65,5079.59
garlic,maharashtra,12-07-2025,4608.0,5421.18
garlic,maharashtra,09-08-2025,4382.73,5156.15
garlic,maharashtra,06-09-2025,4558.3,5362.71
garlic,maharashtra,04-10-2025,4889.51,5752.37
garlic,gujarat,01-01-2022,4476.51,5266.48
garlic,gujarat,29-01-2022,4348.95,5116.41
garlic,gujarat,26-02-2022,4395.36,5171.01
garlic,gujarat,26-03-2022,4391.64,5166.63
garlic,gujarat,23-04-2022,4296.89,5055.16
garlic,gujarat,21-05-2022,4666.54,5490.05
garlic,gujarat,18-06-2022,4822.08,5673.04
garlic,gujarat,16-07-2022,4429.12,5210.73
garlic,gujarat,13-08-2022,4696.31,5525.07
garlic,gujarat,10-09-2022,4769.43,5611.09
garlic,gujarat,08-10-2022,4765.04,5605.93
garlic,gujarat,05-11-2022,4971.19,5848.46
garlic,gujarat,03-12-2022,5163.86,6075.13
garlic,gujarat,31-12-2022,4121.74,4849.11
garlic,gujarat,28-01-2023,4496.84,5290.4
garlic,gujarat,25-02-2023,4244.33,4993.33
garlic,gujarat,25-03-2023,4483.69,5274.93
garlic,gujarat,22-04-2023,4693.23,5521.45
garlic,gujarat,20-05-2023,4522.65,5320.76
garlic,gujarat,17-06-2023,4732.89,5568.1
garlic,gujarat,15-07-2023,4428.47,5209.97
garlic,gujarat,12-08-2023,4850.43,5706.39
garlic,gujarat,09-09-2023,4736.02,5571.79
garlic,gujarat,07-10-2023,5053.05,5944.77
garlic,gujarat,04-11-2023,4823.96,5675.25
garlic,gujarat,02-12-2023,4805.3,5653.29
garlic,gujarat,30-12-2023,4137.26,4867.37
garlic,gujarat,27-01-2024,4469.69,5258.46
garlic,gujarat,24-02-2024,4201.88,4943.39
garlic,gujarat,23-03-2024,4543.62,5345.43
garlic,gujarat,20-04-2024,4683.23,5509.68
garlic,gujarat,18-05-2024,4344.99,5111.75
garlic,gujarat,15-06-2024,4614.71,5429.07
garlic,gujarat,13-07-2024,4528.64,5327.81
garlic,gujarat,10-08-2024,4830.56,5683.01
garlic,gujarat,07-09-2024,4751.55,5590.06
garlic,gujarat,05-10-2024,4684.1,5510.71
garlic,gujarat,02-11-2024,4793.37,5639.26
garlic,gujarat,30-11-2024,4965.56,5841.84
garlic,gujarat,28-12-2024,4232.2,4979.06
garlic,gujarat,25-01-2025,4443.94,5228.16
garlic,gujarat,22-02-2025,4189.57,4928.91
garlic,gujarat,22-03-2025,4465.3,5253.29
garlic,gujarat,19-04-2025,4707.58,5538.33
garlic,gujarat,17-05-2025,4609.73,5423.21
garlic,gujarat,14-06-2025,4540.96,5342.31
garlic,gujarat,12-07-2025,4545.36,5347.48
garlic,gujarat,09-08-2025,4714.9,5546.94
garlic,gujarat,06-09-2025,4671.1,5495.41
garlic,gujarat,04-10-2025,4633.75,5451.47
garlic,rajasthan,01-01-2022,4478.97,5269.38
garlic,rajasthan,29-01-2022,4425.26,5206.19
garlic,rajasthan,26-02-2022,4647.8,5468.0
garlic,rajasthan,26-03-2022,4470.2,5259.06
garlic,rajasthan,23-04-2022,4703.03,5532.98
garlic,rajasthan,21-05-2022,4850.63,5706.62
garlic,rajasthan,18-06-2022,4483.57,5274.79
garlic,rajasthan,16-07-2022,4834.27,5687.38
garlic,rajasthan,13-08-2022,4771.25,5613.23
garlic,rajasthan,10-09-2022,4765.23,5606.15
garlic,rajasthan,08-10-2022,4849.1,5704.82
garlic,rajasthan,05-11-2022,5044.38,5934.56
garlic,rajasthan,03-12-2022,4942.15,5814.29
garlic,rajasthan,31-12-2022,4214.4,4958.12
garlic,rajasthan,28-01-2023,4289.61,5046.6
garlic,rajasthan,25-02-2023,4648.43,5468.74
garlic,rajasthan,25-03-2023,4356.6,5125.41
garlic,rajasthan,22-04-2023,4791.13,5636.62
garlic,rajasthan,20-05-2023,4481.21,5272.01
garlic,rajasthan,17-06-2023,4796.24,5642.63
garlic,rajasthan,15-07-2023,4725.78,5559.74
garlic,rajasthan,12-08-2023,4934.87,5805.73
garlic,rajasthan,09-09-2023,4915.52,5782.97
garlic,rajasthan,07-10-2023,5030.46,5918.19
garlic,rajasthan,04-11-2023,5205.83,6124.51
garlic,rajasthan,02-12-2023,5114.76,6017.37
garlic,rajasthan,30-12-2023,4422.01,5202.36
garlic,rajasthan,27-01-2024,4563.34,5368.64
garlic,rajasthan,24-02-2024,4292.33,5049.8
garlic,rajasthan,23-03-2024,4504.81,5299.78
garlic,rajasthan,20-04-2024,4712.72,5544.38
garlic,rajasthan,18-05-2024,4764.35,5605.12
garlic,rajasthan,15-06-2024,4575.5,5382.94
garlic,rajasthan,13-07-2024,4652.63,5473.68
garlic,rajasthan,10-08-2024,4873.25,5733.23
garlic,rajasthan,07-09-2024,4977.48,5855.86
garlic,rajasthan,05-10-2024,4908.99,5775.28
garlic,rajasthan,02-11-2024,4735.57,5571.26
garlic,rajasthan,30-11-2024,5207.92,6126.96
garlic,rajasthan,28-12-2024,4393.3,5168.59
garlic,rajasthan,25-01-2025,4370.43,5141.68
garlic,rajasthan,22-02-2025,4330.32,5094.5
garlic,rajasthan,22-03-2025,4339.09,5104.81
garlic,rajasthan,19-04-2025,4575.64,5383.11
garlic,rajasthan,17-05-2025,4741.17,5577.85
garlic,rajasthan,14-06-2025,4769.06,5610.66
garlic,rajasthan,12-07-2025,4542.08,5343.62
garlic,rajasthan,09-08-2025,4971.89,5849.28
garlic,rajasthan,06-09-2025,4911.62,5778.38
garlic,rajasthan,04-10-2025,4858.73,5716.15
garlic,punjab,01-01-2022,3686.34,4336.87
garlic,punjab,29-01-2022,3844.69,4523.16
garlic,punjab,26-02-2022,4013.38,4721.62
garlic,punjab,26-03-2022,3820.89,4495.16
garlic,punjab,23-04-2022,4100.33,4823.92
garlic,punjab,21-05-2022,4224.55,4970.06
garlic,punjab,18-06-2022,4040.25,4753.23
garlic,punjab,16-07-2022,4292.82,5050.38
garlic,punjab,13-08-2022,4250.23,5000.27
garlic,punjab,10-09-2022,4144.51,4875.89
garlic,punjab,08-10-2022,4399.26,5175.6
garlic,punjab,05-11-2022,4274.64,5028.99
garlic,punjab,03-12-2022,4596.18,5407.27
garlic,punjab,31-12-2022,4010.63,4718.39
garlic,punjab,28-01-2023,3720.64,4377.22
garlic,punjab,25-02-2023,4101.48,4825.27
garlic,punjab,25-03-2023,4153.56,4886.54
garlic,punjab,22-04-2023,4172.92,4909.32
garlic,punjab,20-05-2023,4202.99,4944.7
garlic,punjab,17-06-2023,4158.66,4892.54
garlic,punjab,15-07-2023,4291.13,5048.39
garlic,punjab,12-08-2023,4204.89,4946.93
garlic,punjab,09-09-2023,4286.03,5042.39
garlic,punjab,07-10-2023,4252.59,5003.05
garlic,punjab,04-11-2023,4571.45,5378.18
garlic,punjab,02-12-2023,4593.86,5404.54
garlic,punjab,30-12-2023,3803.65,4474.88
garlic,punjab,27-01-2024,3783.39,4451.05
garlic,punjab,24-02-2024,3862.42,4544.02
garlic,punjab,23-03-2024,4175.03,4911.8
garlic,punjab,20-04-2024,4240.93,4989.33
garlic,punjab,18-05-2024,4006.53,4713.57
garlic,punjab,15-06-2024,4122.45,4849.94
garlic,punjab,13-07-2024,4337.63,5103.09
garlic,punjab,10-08-2024,4125.83,4853.92
garlic,punjab,07-09-2024,4312.2,5073.18
garlic,punjab,05-10-2024,4285.2,5041.41
garlic,punjab,02-11-2024,4202.82,4944.49
garlic,punjab,30-11-2024,4487.35,5279.24
garlic,punjab,28-12-2024,3754.24,4416.75
garlic,punjab,25-01-2025,3991.62,4696.02
garlic,punjab,22-02-2025,3980.57,4683.02
garlic,punjab,22-03-2025,3813.82,4486.85
garlic,punjab,19-04-2025,4131.71,4860.84
garlic,punjab,17-05-2025,4209.29,4952.11
garlic,punjab,14-06-2025,4277.32,5032.14
garlic,punjab,12-07-2025,4271.96,5025.83
garlic,punjab,09-08-2025,4138.86,4869.25
garlic,punjab,06-09-2025,4338.28,5103.86
garlic,punjab,04-10-2025,4191.97,4931.73
garlic,haryana,01-01-2022,4205.71,4947.89
garlic,haryana,29-01-2022,4325.74,5089.11
garlic,haryana,26-02-2022,4470.86,5259.84
garlic,haryana,26-03-2022,4464.74,5252.63
garlic,haryana,23-04-2022,4548.68,5351.39
garlic,haryana,21-05-2022,4497.31,5290.95
garlic,haryana,18-06-2022,4485.79,5277.4
garlic,haryana,16-07-2022,4611.34,5425.11
garlic,haryana,13-08-2022,4631.02,5448.26
garlic,haryana,10-09-2022,4515.43,5312.27
garlic,haryana,08-10-2022,4912.12,5778.96
garlic,haryana,05-11-2022,4872.81,5732.72
garlic,haryana,03-12-2022,4621.87,5437.49
garlic,haryana,31-12-2022,4412.1,5190.71
garlic,haryana,28-01-2023,4178.21,4915.54
garlic,haryana,25-02-2023,4343.58,5110.09
garlic,haryana,25-03-2023,4201.92,4943.43
garlic,haryana,22-04-2023,4405.41,5182.83
garlic,haryana,20-05-2023,4366.13,5136.62
garlic,haryana,17-06-2023,4496.56,5290.07
garlic,haryana,15-07-2023,4406.15,5183.71
garlic,haryana,12-08-2023,4567.37,5373.38
garlic,haryana,09-09-2023,4459.98,5247.03
garlic,haryana,07-10-2023,4535.11,5335.42
garlic,haryana,04-11-2023,4891.12,5754.26
garlic,haryana,02-12-2023,4881.6,5743.06
garlic,haryana,30-12-2023,4308.88,5069.27
garlic,haryana,27-01-2024,4206.66,4949.01
garlic,haryana,24-02-2024,4203.02,4944.73
garlic,haryana,23-03-2024,4260.79,5012.69
garlic,haryana,20-04-2024,4593.12,5403.67
garlic,haryana,18-05-2024,4615.12,5429.55
garlic,haryana,15-06-2024,4586.63,5396.03
garlic,haryana,13-07-2024,4614.11,5428.37
garlic,haryana,10-08-2024,4468.36,5256.89
garlic,haryana,07-09-2024,4553.06,5356.54
garlic,haryana,05-10-2024,4761.39,5601.63
garlic,haryana,02-11-2024,4591.94,5402.28
garlic,haryana,30-11-2024,5064.12,5957.79
garlic,haryana,28-12-2024,4408.8,5186.82
garlic,haryana,25-01-2025,4325.09,5088.34
garlic,haryana,22-02-2025,4309.61,5070.13
garlic,haryana,22-03-2025,4314.92,5076.38
garlic,haryana,19-04-2025,4554.43,5358.15
garlic,haryana,17-05-2025,4665.17,5488.44
garlic,haryana,14-06-2025,4549.51,5352.37
garlic,haryana,12-07-2025,4792.88,5638.68
garlic,haryana,09-08-2025,4632.22,5449.67
garlic,haryana,06-09-2025,4683.64,5510.16
garlic,haryana,04-10-2025,4516.11,5313.07
garlic,uttarpradesh,01-01-2022,4589.49,5399.4
garlic,uttarpradesh,29-01-2022,4309.59,5070.1
garlic,uttarpradesh,26-02-2022,4341.62,5107.79
garlic,uttarpradesh,26-03-2022,4711.95,5543.47
garlic,uttarpradesh,23-04-2022,4398.21,5174.36
garlic,uttarpradesh,21-05-2022,4551.08,5354.21
garlic,uttarpradesh,18-06-2022,4916.34,5783.93
garlic,uttarpradesh,16-07-2022,4555.63,5359.56
garlic,uttarpradesh,13-08-2022,4934.92,5805.79
garlic,uttarpradesh,10-09-2022,4841.18,5695.51
garlic,uttarpradesh,08-10-2022,4919.26,5787.36
garlic,uttarpradesh,05-11-2022,4813.92,5663.43
garlic,uttarpradesh,03-12-2022,5269.35,6199.23
garlic,uttarpradesh,31-12-2022,4406.25,5183.82
garlic,uttarpradesh,28-01-2023,4516.24,5313.22
garlic,uttarpradesh,25-02-2023,4589.97,5399.97
garlic,uttarpradesh,25-03-2023,4594.05,5404.77
garlic,uttarpradesh,22-04-2023,4762.05,5602.41
garlic,uttarpradesh,20-05-2023,4668.4,5492.23
garlic,uttarpradesh,17-06-2023,4678.43,5504.04
garlic,uttarpradesh,15-07-2023,4553.19,5356.7
garlic,uttarpradesh,12-08-2023,4640.5,5459.41
garlic,uttarpradesh,09-09-2023,4796.87,5643.38
garlic,uttarpradesh,07-10-2023,4888.9,5751.65
garlic,uttarpradesh,04-11-2023,5155.51,6065.3
garlic,uttarpradesh,02-12-2023,4954.87,5829.26
garlic,uttarpradesh,30-12-2023,4586.47,5395.85
garlic,uttarpradesh,27-01-2024,4339.65,5105.47
garlic,uttarpradesh,24-02-2024,4536.53,5337.09
garlic,uttarpradesh,23-03-2024,4763.26,5603.83
garlic,uttarpradesh,20-04-2024,4691.71,5519.66
garlic,uttarpradesh,18-05-2024,4743.37,5580.44
garlic,uttarpradesh,15-06-2024,4535.91,5336.37
garlic,uttarpradesh,13-07-2024,4792.14,5637.81
garlic,uttarpradesh,10-08-2024,4622.95,5438.76
garlic,uttarpradesh,07-09-2024,4888.51,5751.19
garlic,uttarpradesh,05-10-2024,4912.91,5779.89
garlic,uttarpradesh,02-11-2024,5132.59,6038.34
garlic,uttarpradesh,30-11-2024,5242.1,6167.18
garlic,uttarpradesh,28-12-2024,4465.06,5253.01
garlic,uttarpradesh,25-01-2025,4321.71,5084.36
garlic,uttarpradesh,22-02-2025,4426.55,5207.71
garlic,uttarpradesh,22-03-2025,4734.85,5570.41
garlic,uttarpradesh,19-04-2025,4663.44,5486.4
garlic,uttarpradesh,17-05-2025,4832.67,5685.49
garlic,uttarpradesh,14-06-2025,4869.56,5728.9
garlic,uttarpradesh,12-07-2025,4564.53,5370.03
garlic,uttarpradesh,09-08-2025,4696.15,5524.88
garlic,uttarpradesh,06-09-2025,5030.77,5918.55
garlic,uttarpradesh,04-10-2025,4712.72,5544.38
garlic,madhyapradesh,01-01-2022,4775.57,5618.32
garlic,madhyapradesh,29-01-2022,4726.82,5560.96
garlic,madhyapradesh,26-02-2022,4877.8,5738.59
garlic,madhyapradesh,26-03-2022,5160.02,6070.61
garlic,madhyapradesh,23-04-2022,5286.8,6219.77
garlic,madhyapradesh,21-05-2022,5354.24,6299.11
garlic,madhyapradesh,18-06-2022,5228.38,6151.03
garlic,madhyapradesh,16-07-2022,5210.0,6129.41
garlic,madhyapradesh,13-08-2022,5077.27,5973.26
garlic,madhyapradesh,10-09-2022,5105.37,6006.32
garlic,madhyapradesh,08-10-2022,5525.71,6500.83
garlic,madhyapradesh,05-11-2022,5448.19,6409.64
garlic,madhyapradesh,03-12-2022,5805.38,6829.86
garlic,madhyapradesh,31-12-2022,4902.94,5768.17
garlic,madhyapradesh,28-01-2023,4843.84,5698.63
garlic,madhyapradesh,25-02-2023,4740.4,5576.94
garlic,madhyapradesh,25-03-2023,4758.58,5598.33
garlic,madhyapradesh,22-04-2023,5136.88,6043.39
garlic,madhyapradesh,20-05-2023,5335.62,6277.2
garlic,madhyapradesh,17-06-2023,5078.48,5974.68
garlic,madhyapradesh,15-07-2023,5025.98,5912.92
garlic,madhyapradesh,12-08-2023,5085.64,5983.1
garlic,madhyapradesh,09-09-2023,5545.77,6524.44
garlic,madhyapradesh,07-10-2023,5690.61,6694.84
garlic,madhyapradesh,04-11-2023,5332.43,6273.45
garlic,madhyapradesh,02-12-2023,5422.74,6379.69
garlic,madhyapradesh,30-12-2023,4970.12,5847.2
garlic,madhyapradesh,27-01-2024,4902.2,5767.3
garlic,madhyapradesh,24-02-2024,4744.62,5581.91
garlic,madhyapradesh,23-03-2024,5059.25,5952.06
garlic,madhyapradesh,20-04-2024,5276.14,6207.22
garlic,madhyapradesh,18-05-2024,5169.32,6081.55
garlic,madhyapradesh,15-06-2024,5323.79,6263.28
garlic,madhyapradesh,13-07-2024,5226.73,6149.09
garlic,madhyapradesh,10-08-2024,5314.98,6252.92
garlic,madhyapradesh,07-09-2024,5102.96,6003.48
garlic,madhyapradesh,05-10-2024,5571.24,6554.4
garlic,madhyapradesh,02-11-2024,5626.01,6618.84
garlic,madhyapradesh,30-11-2024,5504.62,6476.02
garlic,madhyapradesh,28-12-2024,4844.98,5699.98
garlic,madhyapradesh,25-01-2025,4781.4,5625.18
garlic,madhyapradesh,22-02-2025,4764.51,5605.31
garlic,madhyapradesh,22-03-2025,5019.32,5905.08
garlic,madhyapradesh,19-04-2025,5096.46,5995.84
garlic,madhyapradesh,17-05-2025,5184.86,6099.84
garlic,madhyapradesh,14-06-2025,5006.03,5889.45
garlic,madhyapradesh,12-07-2025,5298.81,6233.9
garlic,madhyapradesh,09-08-2025,5453.98,6416.45
garlic,madhyapradesh,06-09-2025,5378.03,6327.1
garlic,madhyapradesh,04-10-2025,5444.84,6405.7
garlic,westbengal,01-01-2022,4378.87,5151.61
garlic,westbengal,29-01-2022,4484.47,5275.85
garlic,westbengal,26-02-2022,4308.17,5068.44
garlic,westbengal,26-03-2022,4546.85,5349.24
garlic,westbengal,23-04-2022,4671.72,5496.14
garlic,westbengal,21-05-2022,4708.06,5538.89
garlic,westbengal,18-06-2022,4829.45,5681.71
garlic,westbengal,16-07-2022,4548.63,5351.33
garlic,westbengal,13-08-2022,4580.62,5388.97
garlic,westbengal,10-09-2022,5007.93,5891.68
garlic,westbengal,08-10-2022,4880.22,5741.43
garlic,westbengal,05-11-2022,4901.67,5766.67
garlic,westbengal,03-12-2022,5197.04,6114.17
garlic,westbengal,31-12-2022,4400.42,5176.96
garlic,westbengal,28-01-2023,4600.18,5411.98
garlic,westbengal,25-02-2023,4265.65,5018.41
garlic,westbengal,25-03-2023,4576.58,5384.21
garlic,westbengal,22-04-2023,4416.8,5196.23
garlic,westbengal,20-05-2023,4848.47,5704.08
garlic,westbengal,17-06-2023,4524.66,5323.13
garlic,westbengal,15-07-2023,4932.82,5803.32
garlic,westbengal,12-08-2023,4933.09,5803.64
garlic,westbengal,09-09-2023,4791.94,5637.58
garlic,westbengal,07-10-2023,5086.91,5984.6
garlic,westbengal,04-11-2023,5034.88,5923.39
garlic,westbengal,02-12-2023,5063.1,5956.59
garlic,westbengal,30-12-2023,4514.77,5311.5
garlic,westbengal,27-01-2024,4286.03,5042.39
garlic,westbengal,24-02-2024,4261.76,5013.83
garlic,westbengal,23-03-2024,4750.25,5588.53
garlic,westbengal,20-04-2024,4612.61,5426.6
garlic,westbengal,18-05-2024,4413.25,5192.06
garlic,westbengal,15-06-2024,4905.55,5771.24
garlic,westbengal,13-07-2024,4940.49,5812.34
garlic,westbengal,10-08-2024,4743.03,5580.03
garlic,westbengal,07-09-2024,4685.34,5512.17
garlic,westbengal,05-10-2024,4705.28,5535.62
garlic,westbengal,02-11-2024,4950.36,5823.95
garlic,westbengal,30-11-2024,4941.67,5813.73
garlic,westbengal,28-12-2024,4288.98,5045.86
garlic,westbengal,25-01-2025,4626.97,5443.5
garlic,westbengal,22-02-2025,4461.47,5248.79
garlic,westbengal,22-03-2025,4514.11,5310.72
garlic,westbengal,19-04-2025,4682.7,5509.06
garlic,westbengal,17-05-2025,4722.05,5555.35
garlic,westbengal,14-06-2025,4527.13,5326.04
garlic,westbengal,12-07-2025,4655.14,5476.64
garlic,westbengal,09-08-2025,4855.29,5712.11
garlic,westbengal,06-09-2025,4998.8,5880.94
garlic,westbengal,04-10-2025,4716.94,5549.34
garlic,bihar,01-01-2022,4709.9,5541.06
garlic,bihar,29-01-2022,4637.91,5456.36
garlic,bihar,26-02-2022,4568.42,5374.61
garlic,bihar,26-03-2022,4779.19,5622.58
garlic,bihar,23-04-2022,4828.84,5680.99
garlic,bihar,21-05-2022,5054.58,5946.57
garlic,bihar,18-06-2022,4866.94,5725.81
garlic,bihar,16-07-2022,4795.22,5641.44
garlic,bihar,13-08-2022,4832.13,5684.86
garlic,bihar,10-09-2022,5293.53,6227.68
garlic,bihar,08-10-2022,5040.86,5930.42
garlic,bihar,05-11-2022,5228.08,6150.68
garlic,bihar,03-12-2022,5212.93,6132.86
garlic,bihar,31-12-2022,4699.13,5528.39
garlic,bihar,28-01-2023,4790.27,5635.61
garlic,bihar,25-02-2023,4864.13,5722.51
garlic,bihar,25-03-2023,4616.45,5431.12
garlic,bihar,22-04-2023,4895.45,5759.35
garlic,bihar,20-05-2023,4728.47,5562.91
garlic,bihar,17-06-2023,4718.1,5550.71
garlic,bihar,15-07-2023,5115.47,6018.2
garlic,bihar,12-08-2023,4935.24,5806.16
garlic,bihar,09-09-2023,4964.37,5840.43
garlic,bihar,07-10-2023,5118.69,6021.99
garlic,bihar,04-11-2023,5356.28,6301.51
garlic,bihar,02-12-2023,5144.65,6052.53
garlic,bihar,30-12-2023,4684.71,5511.42
garlic,bihar,27-01-2024,4441.8,5225.65
garlic,bihar,24-02-2024,4832.14,5684.87
garlic,bihar,23-03-2024,4558.4,5362.82
garlic,bihar,20-04-2024,4949.58,5823.04
garlic,bihar,18-05-2024,4777.26,5620.3
garlic,bihar,15-06-2024,5060.31,5953.31
garlic,bihar,13-07-2024,5059.48,5952.33
garlic,bihar,10-08-2024,4770.56,5612.42
garlic,bihar,07-09-2024,5187.74,6103.22
garlic,bihar,05-10-2024,4902.0,5767.06
garlic,bihar,02-11-2024,5130.46,6035.84
garlic,bihar,30-11-2024,5462.36,6426.31
garlic,bihar,28-12-2024,4738.93,5575.21
garlic,bihar,25-01-2025,4572.65,5379.59
garlic,bihar,22-02-2025,4881.52,5742.96
garlic,bihar,22-03-2025,4708.66,5539.6
garlic,bihar,19-04-2025,4646.58,5466.56
garlic,bihar,17-05-2025,4665.34,5488.64
garlic,bihar,14-06-2025,5068.69,5963.17
garlic,bihar,12-07-2025,4940.4,5812.24
garlic,bihar,09-08-2025,4850.53,5706.51
garlic,bihar,06-09-2025,4898.12,5762.49
garlic,bihar,04-10-2025,5156.56,6066.54
garlic,odisha,01-01-2022,4083.94,4804.64
garlic,odisha,29-01-2022,4161.76,4896.19
garlic,odisha,26-02-2022,3892.58,4579.51
garlic,odisha,26-03-2022,3974.74,4676.16
garlic,odisha,23-04-2022,4203.42,4945.2
garlic,odisha,21-05-2022,4433.83,5216.27
garlic,odisha,18-06-2022,4430.71,5212.6
garlic,odisha,16-07-2022,4206.66,4949.01
garlic,odisha,13-08-2022,4477.31,5267.42
garlic,odisha,10-09-2022,4540.64,5341.93
garlic,odisha,08-10-2022,4377.33,5149.8
garlic,odisha,05-11-2022,4378.56,5151.25
garlic,odisha,03-12-2022,4556.8,5360.94
garlic,odisha,31-12-2022,3951.44,4648.75
garlic,odisha,28-01-2023,4220.99,4965.87
garlic,odisha,25-02-2023,4269.0,5022.35
garlic,odisha,25-03-2023,4267.33,5020.39
garlic,odisha,22-04-2023,4141.74,4872.64
garlic,odisha,20-05-2023,4236.94,4984.63
garlic,odisha,17-06-2023,4105.21,4829.66
garlic,odisha,15-07-2023,4279.94,5035.22
garlic,odisha,12-08-2023,4421.77,5202.08
garlic,odisha,09-09-2023,4532.17,5331.96
garlic,odisha,07-10-2023,4695.7,5524.35
garlic,odisha,04-11-2023,4358.21,5127.31
garlic,odisha,02-12-2023,4627.85,5444.53
garlic,odisha,30-12-2023,4185.27,4923.85
garlic,odisha,27-01-2024,4090.11,4811.89
garlic,odisha,24-02-2024,4236.09,4983.64
garlic,odisha,23-03-2024,4305.08,5064.8
garlic,odisha,20-04-2024,4031.02,4742.38
garlic,odisha,18-05-2024,4379.06,5151.83
garlic,odisha,15-06-2024,4116.92,4843.43
garlic,odisha,13-07-2024,4208.04,4950.63
garlic,odisha,10-08-2024,4210.14,4953.11
garlic,odisha,07-09-2024,4613.09,5427.17
garlic,odisha,05-10-2024,4603.6,5416.0
garlic,odisha,02-11-2024,4419.99,5199.99
garlic,odisha,30-11-2024,4739.29,5575.63
garlic,odisha,28-12-2024,4113.05,4838.88
garlic,odisha,25-01-2025,3864.7,4546.71
garlic,odisha,22-02-2025,4123.74,4851.46
garlic,odisha,22-03-2025,4020.6,4730.12
garlic,odisha,19-04-2025,3998.99,4704.69
garlic,odisha,17-05-2025,4062.65,4779.59
garlic,odisha,14-06-2025,4264.66,5017.25
garlic,odisha,12-07-2025,4263.63,5016.04
garlic,odisha,09-08-2025,4181.07,4918.91
garlic,odisha,06-09-2025,4647.26,5467.36
garlic,odisha,04-10-2025,4384.55,5158.29
cabbage,karnataka,01-01-2022,3521.23,4142.62
cabbage,karnataka,29-01-2022,3258.76,3833.83
cabbage,karnataka,26-02-2022,3442.59,4050.11
cabbage,karnataka,26-03-2022,3582.38,4214.56
cabbage,karnataka,23-04-2022,3546.69,4172.58
cabbage,karnataka,21-05-2022,3505.17,4123.73
cabbage,karnataka,18-06-2022,3533.99,4157.64
cabbage,karnataka,16-07-2022,3764.0,4428.23
cabbage,karnataka,13-08-2022,3559.83,4188.03
cabbage,karnataka,10-09-2022,3759.52,4422.97
cabbage,karnataka,08-10-2022,3764.24,4428.52
cabbage,karnataka,05-11-2022,3853.63,4533.68
cabbage,karnataka,03-12-2022,3888.17,4574.32
cabbage,karnataka,31-12-2022,3480.01,4094.13
cabbage,karnataka,28-01-2023,3369.41,3964.01
cabbage,karnataka,25-02-2023,3314.35,3899.24
cabbage,karnataka,25-03-2023,3398.43,3998.15
cabbage,karnataka,22-04-2023,3685.85,4336.29
cabbage,karnataka,20-05-2023,3661.67,4307.85
cabbage,karnataka,17-06-2023,3577.44,4208.75
cabbage,karnataka,15-07-2023,3735.5,4394.71
cabbage,karnataka,12-08-2023,3862.04,4543.58
cabbage,karnataka,09-09-2023,3843.74,4522.05
cabbage,karnataka,07-10-2023,3781.74,4449.1
cabbage,karnataka,04-11-2023,3681.1,4330.71
cabbage,karnataka,02-12-2023,3849.97,4529.38
cabbage,karnataka,30-12-2023,3459.72,4070.26
cabbage,karnataka,27-01-2024,3504.97,4123.5
cabbage,karnataka,24-02-2024,3297.54,3879.46
cabbage,karnataka,23-03-2024,3622.95,4262.29
cabbage,karnataka,20-04-2024,3604.35,4240.41
cabbage,karnataka,18-05-2024,3413.68,4016.1
cabbage,karnataka,15-06-2024,3521.28,4142.68
cabbage,karnataka,13-07-2024,3484.61,4099.54
cabbage,karnataka,10-08-2024,3637.71,4279.66
cabbage,karnataka,07-09-2024,3757.28,4420.33
cabbage,karnataka,05-10-2024,3818.03,4491.8
cabbage,karnataka,02-11-2024,3711.85,4366.88
cabbage,karnataka,30-11-2024,3737.66,4397.25
cabbage,karnataka,28-12-2024,3346.75,3937.35
cabbage,karnataka,25-01-2025,3330.19,3917.87
cabbage,karnataka,22-02-2025,3603.18,4239.03
cabbage,karnataka,22-03-2025,3581.84,4213.93
cabbage,karnataka,19-04-2025,3605.42,4241.67
cabbage,karnataka,17-05-2025,3544.63,4170.15
cabbage,karnataka,14-06-2025,3617.34,4255.7
cabbage,karnataka,12-07-2025,3789.76,4458.54
cabbage,karnataka,09-08-2025,3597.16,4231.95
cabbage,karnataka,06-09-2025,3873.0,4556.47
cabbage,karnataka,04-10-2025,3644.55,4287.71
cabbage,tamilnadu,01-01-2022,3124.78,3676.21
cabbage,tamilnadu,29-01-2022,3121.4,3672.24
cabbage,tamilnadu,26-02-2022,3248.01,3821.19
cabbage,tamilnadu,26-03-2022,3121.7,3672.59
cabbage,tamilnadu,23-04-2022,3288.52,3868.85
cabbage,tamilnadu,21-05-2022,3248.67,3821.96
cabbage,tamilnadu,18-06-2022,3406.91,4008.13
cabbage,tamilnadu,16-07-2022,3597.97,4232.91
cabbage,tamilnadu,13-08-2022,3641.59,4284.22
cabbage,tamilnadu,10-09-2022,3645.89,4289.28
cabbage,tamilnadu,08-10-2022,3700.95,4354.06
cabbage,tamilnadu,05-11-2022,3588.61,4221.89
cabbage,tamilnadu,03-12-2022,3643.85,4286.88
cabbage,tamilnadu,31-12-2022,3302.08,3884.8
cabbage,tamilnadu,28-01-2023,3135.74,3689.11
cabbage,tamilnadu,25-02-2023,3145.26,3700.3
cabbage,tamilnadu,25-03-2023,3410.42,4012.26
cabbage,tamilnadu,22-04-2023,3410.57,4012.44
cabbage,tamilnadu,20-05-2023,3395.07,3994.2
cabbage,tamilnadu,17-06-2023,3509.26,4128.54
cabbage,tamilnadu,15-07-2023,3397.72,3997.32
cabbage,tamilnadu,12-08-2023,3343.72,3933.79
cabbage,tamilnadu,09-09-2023,3349.91,3941.07
cabbage,tamilnadu,07-10-2023,3489.15,4104.88
cabbage,tamilnadu,04-11-2023,3567.85,4197.47
cabbage,tamilnadu,02-12-2023,3606.56,4243.01
cabbage,tamilnadu,30-12-2023,3084.11,3628.36
cabbage,tamilnadu,27-01-2024,3050.21,3588.48
cabbage,tamilnadu,24-02-2024,3188.02,3750.61
cabbage,tamilnadu,23-03-2024,3311.83,3896.27
cabbage,tamilnadu,20-04-2024,3263.07,3838.91
cabbage,tamilnadu,18-05-2024,3305.79,3889.17
cabbage,tamilnadu,15-06-2024,3355.75,3947.94
cabbage,tamilnadu,13-07-2024,3329.15,3916.65
cabbage,tamilnadu,10-08-2024,3359.29,3952.11
cabbage,tamilnadu,07-09-2024,3622.61,4261.89
cabbage,tamilnadu,05-10-2024,3581.42,4213.44
cabbage,tamilnadu,02-11-2024,3602.05,4237.71
cabbage,tamilnadu,30-11-2024,3566.29,4195.64
cabbage,tamilnadu,28-12-2024,3238.36,3809.83
cabbage,tamilnadu,25-01-2025,3068.42,3609.91
cabbage,tamilnadu,22-02-2025,3231.11,3801.31
cabbage,tamilnadu,22-03-2025,3338.0,3927.06
cabbage,tamilnadu,19-04-2025,3388.33,3986.27
cabbage,tamilnadu,17-05-2025,3406.96,4008.19
cabbage,tamilnadu,14-06-2025,3424.58,4028.92
cabbage,tamilnadu,12-07-2025,3563.59,4192.46
cabbage,tamilnadu,09-08-2025,3330.48,3918.21
cabbage,tamilnadu,06-09-2025,3362.51,3955.89
cabbage,tamilnadu,04-10-2025,3406.17,4007.26
cabbage,andhrapradesh,01-01-2022,3602.67,4238.44
cabbage,andhrapradesh,29-01-2022,3351.84,3943.34
cabbage,andhrapradesh,26-02-2022,3708.42,4362.85
cabbage,andhrapradesh,26-03-2022,3407.35,4008.65
cabbage,andhrapradesh,23-04-2022,3560.41,4188.72
cabbage,andhrapradesh,21-05-2022,3590.4,4224.0
cabbage,andhrapradesh,18-06-2022,3872.69,4556.11
cabbage,andhrapradesh,16-07-2022,3819.92,4494.02
cabbage,andhrapradesh,13-08-2022,3625.44,4265.22
cabbage,andhrapradesh,10-09-2022,3915.52,4606.49
cabbage,andhrapradesh,08-10-2022,3752.0,4414.12
cabbage,andhrapradesh,05-11-2022,3736.96,4396.42
cabbage,andhrapradesh,03-12-2022,4052.96,4768.19
cabbage,andhrapradesh,31-12-2022,3405.84,4006.87
cabbage,andhrapradesh,28-01-2023,3400.42,4000.49
cabbage,andhrapradesh,25-02-2023,3648.76,4292.66
cabbage,andhrapradesh,25-03-2023,3734.19,4393.16
cabbage,andhrapradesh,22-04-2023,3694.48,4346.45
cabbage,andhrapradesh,20-05-2023,3512.77,4132.67
cabbage,andhrapradesh,17-06-2023,3588.87,4222.2
cabbage,andhrapradesh,15-07-2023,3564.31,4193.31
cabbage,andhrapradesh,12-08-2023,3636.33,4278.04
cabbage,andhrapradesh,09-09-2023,3697.74,4350.28
cabbage,andhrapradesh,07-10-2023,3856.6,4537.18
cabbage,andhrapradesh,04-11-2023,3850.73,4530.27
cabbage,andhrapradesh,02-12-2023,4083.43,4804.03
cabbage,andhrapradesh,30-12-2023,3473.11,4086.01
cabbage,andhrapradesh,27-01-2024,3623.34,4262.75
cabbage,andhrapradesh,24-02-2024,3380.68,3977.27
cabbage,andhrapradesh,23-03-2024,3457.03,4067.1
cabbage,andhrapradesh,20-04-2024,3592.71,4226.72
cabbage,andhrapradesh,18-05-2024,3780.1,4447.18
cabbage,andhrapradesh,15-06-2024,3863.99,4545.87
cabbage,andhrapradesh,13-07-2024,3593.68,4227.86
cabbage,andhrapradesh,10-08-2024,3647.07,4290.67
cabbage,andhrapradesh,07-09-2024,3728.2,4386.12
cabbage,andhrapradesh,05-10-2024,3965.94,4665.81
cabbage,andhrapradesh,02-11-2024,3799.46,4469.95
cabbage,andhrapradesh,30-11-2024,4117.0,4843.53
cabbage,andhrapradesh,28-12-2024,3611.37,4248.67
cabbage,andhrapradesh,25-01-2025,3547.44,4173.46
cabbage,andhrapradesh,22-02-2025,3602.37,4238.08
cabbage,andhrapradesh,22-03-2025,3493.45,4109.94
cabbage,andhrapradesh,19-04-2025,3670.97,4318.79
cabbage,andhrapradesh,17-05-2025,3708.69,4363.16
cabbage,andhrapradesh,14-06-2025,3535.04,4158.87
cabbage,andhrapradesh,12-07-2025,3670.06,4317.72
cabbage,andhrapradesh,09-08-2025,3967.67,4667.85
cabbage,andhrapradesh,06-09-2025,3834.78,4511.5
cabbage,andhrapradesh,04-10-2025,3983.6,4686.59
cabbage,telangana,01-01-2022,3477.4,4091.06
cabbage,telangana,29-01-2022,3391.16,3989.6
cabbage,telangana,26-02-2022,3462.93,4074.04
cabbage,telangana,26-03-2022,3637.6,4279.53
cabbage,telangana,23-04-2022,3602.83,4238.62
cabbage,telangana,21-05-2022,3603.35,4239.23
cabbage,telangana,18-06-2022,3564.81,4193.9
cabbage,telangana,16-07-2022,3482.61,4097.19
cabbage,telangana,13-08-2022,3597.45,4232.29
cabbage,telangana,10-09-2022,3832.82,4509.2
cabbage,telangana,08-10-2022,3616.72,4254.97
cabbage,telangana,05-11-2022,3635.42,4276.96
cabbage,telangana,03-12-2022,3823.29,4497.99
cabbage,telangana,31-12-2022,3515.34,4135.69
cabbage,telangana,28-01-2023,3445.05,4053.0
cabbage,telangana,25-02-2023,3607.32,4243.91
cabbage,telangana,25-03-2023,3582.54,4214.75
cabbage,telangana,22-04-2023,3357.15,3949.59
cabbage,telangana,20-05-2023,3639.11,4281.31
cabbage,telangana,17-06-2023,3641.71,4284.37
cabbage,telangana,15-07-2023,3473.46,4086.42
cabbage,telangana,12-08-2023,3640.92,4283.44
cabbage,telangana,09-09-2023,3902.62,4591.32
cabbage,telangana,07-10-2023,3923.93,4616.39
cabbage,telangana,04-11-2023,3795.47,4465.26
cabbage,telangana,02-12-2023,3867.28,4549.74
cabbage,telangana,30-12-2023,3428.39,4033.4
cabbage,telangana,27-01-2024,3492.11,4108.37
cabbage,telangana,24-02-2024,3295.36,3876.9
cabbage,telangana,23-03-2024,3502.29,4120.34
cabbage,telangana,20-04-2024,3574.09,4204.81
cabbage,telangana,18-05-2024,3717.62,4373.67
cabbage,telangana,15-06-2024,3777.72,4444.38
cabbage,telangana,13-07-2024,3834.38,4511.04
cabbage,telangana,10-08-2024,3636.71,4278.48
cabbage,telangana,07-09-2024,3782.11,4449.54
cabbage,telangana,05-10-2024,3929.08,4622.45
cabbage,telangana,02-11-2024,3998.63,4704.27
cabbage,telangana,30-11-2024,3810.35,4482.76
cabbage,telangana,28-12-2024,3448.97,4057.61
cabbage,telangana,25-01-2025,3316.26,3901.48
cabbage,telangana,22-02-2025,3401.96,4002.31
cabbage,telangana,22-03-2025,3510.77,4130.32
cabbage,telangana,19-04-2025,3404.56,4005.36
cabbage,telangana,17-05-2025,3521.73,4143.21
cabbage,telangana,14-06-2025,3458.05,4068.29
cabbage,telangana,12-07-2025,3494.04,4110.63
cabbage,telangana,09-08-2025,3868.49,4551.17
cabbage,telangana,06-09-2025,3764.92,4429.32
cabbage,telangana,04-10-2025,3810.25,4482.65
cabbage,kerala,01-01-2022,3256.59,3831.28
cabbage,kerala,29-01-2022,3307.43,3891.1
cabbage,kerala,26-02-2022,3511.92,4131.67
cabbage,kerala,26-03-2022,3524.02,4145.91
cabbage,kerala,23-04-2022,3301.98,3884.68
cabbage,kerala,21-05-2022,3511.77,4131.49
cabbage,kerala,18-06-2022,3613.26,4250.9
cabbage,kerala,16-07-2022,3569.47,4199.38
cabbage,kerala,13-08-2022,3453.58,4063.04
cabbage,kerala,10-09-2022,3731.13,4389.56
cabbage,kerala,08-10-2022,3605.04,4241.22
cabbage,kerala,05-11-2022,3733.82,4392.73
cabbage,kerala,03-12-2022,3694.61,4346.6
cabbage,kerala,31-12-2022,3349.52,3940.61
cabbage,kerala,28-01-2023,3403.44,4004.05
cabbage,kerala,25-02-2023,3526.22,4148.5
cabbage,kerala,25-03-2023,3468.71,4080.84
cabbage,kerala,22-04-2023,3478.67,4092.55
cabbage,kerala,20-05-2023,3421.67,4025.5
cabbage,kerala,17-06-2023,3565.14,4194.28
cabbage,kerala,15-07-2023,3743.22,4403.79
cabbage,kerala,12-08-2023,3573.31,4203.9
cabbage,kerala,09-09-2023,3558.98,4187.03
cabbage,kerala,07-10-2023,3516.64,4137.22
cabbage,kerala,04-11-2023,3738.23,4397.92
cabbage,kerala,02-12-2023,3736.19,4395.52
cabbage,kerala,30-12-2023,3404.74,4005.58
cabbage,kerala,27-01-2024,3217.06,3784.78
cabbage,kerala,24-02-2024,3314.34,3899.22
cabbage,kerala,23-03-2024,3317.08,3902.45
cabbage,kerala,20-04-2024,3500.29,4117.99
cabbage,kerala,18-05-2024,3610.24,4247.34
cabbage,kerala,15-06-2024,3385.42,3982.85
cabbage,kerala,13-07-2024,3474.67,4087.85
cabbage,kerala,10-08-2024,3574.95,4205.82
cabbage,kerala,07-09-2024,3569.98,4199.98
cabbage,kerala,05-10-2024,3848.24,4527.34
cabbage,kerala,02-11-2024,3623.32,4262.73
cabbage,kerala,30-11-2024,3633.61,4274.83
cabbage,kerala,28-12-2024,3302.47,3885.26
cabbage,kerala,25-01-2025,3225.92,3795.2
cabbage,kerala,22-02-2025,3224.31,3793.31
cabbage,kerala,22-03-2025,3306.43,3889.92
cabbage,kerala,19-04-2025,3608.81,4245.66
cabbage,kerala,17-05-2025,3566.2,4195.53
cabbage,kerala,14-06-2025,3412.5,4014.71
cabbage,kerala,12-07-2025,3681.01,4330.6
cabbage,kerala,09-08-2025,3548.98,4175.27
cabbage,kerala,06-09-2025,3789.89,4458.69
cabbage,kerala,04-10-2025,3541.42,4166.38
cabbage,maharashtra,01-01-2022,3241.67,3813.73
cabbage,maharashtra,29-01-2022,3284.82,3864.49
cabbage,maharashtra,26-02-2022,3623.39,4262.81
cabbage,maharashtra,26-03-2022,3500.5,4118.24
cabbage,maharashtra,23-04-2022,3633.65,4274.88
cabbage,maharashtra,21-05-2022,3560.99,4189.4
cabbage,maharashtra,18-06-2022,3474.66,4087.84
cabbage,maharashtra,16-07-2022,3795.54,4465.34
cabbage,maharashtra,13-08-2022,3755.56,4418.31
cabbage,maharashtra,10-09-2022,3939.07,4634.2
cabbage,maharashtra,08-10-2022,3829.06,4504.78
cabbage,maharashtra,05-11-2022,3768.08,4433.04
cabbage,maharashtra,03-12-2022,3773.63,4439.57
cabbage,maharashtra,31-12-2022,3537.85,4162.18
cabbage,maharashtra,28-01-2023,3301.54,3884.16
cabbage,maharashtra,25-02-2023,3448.25,4056.76
cabbage,maharashtra,25-03-2023,3429.31,4034.48
cabbage,maharashtra,22-04-2023,3440.6,4047.76
cabbage,maharashtra,20-05-2023,3767.42,4432.26
cabbage,maharashtra,17-06-2023,3575.54,4206.52
cabbage,maharashtra,15-07-2023,3763.75,4427.94
cabbage,maharashtra,12-08-2023,3911.41,4601.66
cabbage,maharashtra,09-09-2023,3942.85,4638.65
cabbage,maharashtra,07-10-2023,3808.44,4480.52
cabbage,maharashtra,04-11-2023,3965.82,4665.67
cabbage,maharashtra,02-12-2023,4103.85,4828.06
cabbage,maharashtra,30-12-2023,3420.05,4023.59
cabbage,maharashtra,27-01-2024,3609.24,4246.17
cabbage,maharashtra,24-02-2024,3468.66,4080.78
cabbage,maharashtra,23-03-2024,3654.14,4298.99
cabbage,maharashtra,20-04-2024,3699.33,4352.15
cabbage,maharashtra,18-05-2024,3464.01,4075.3
cabbage,maharashtra,15-06-2024,3689.53,4340.62
cabbage,maharashtra,13-07-2024,3732.41,4391.07
cabbage,maharashtra,10-08-2024,3711.61,4366.6
cabbage,maharashtra,07-09-2024,3656.87,4302.2
cabbage,maharashtra,05-10-2024,3651.57,4295.97
cabbage,maharashtra,02-11-2024,4042.79,4756.22
cabbage,maharashtra,30-11-2024,3808.36,4480.42
cabbage,maharashtra,28-12-2024,3459.02,4069.43
cabbage,maharashtra,25-01-2025,3574.9,4205.77
cabbage,maharashtra,22-02-2025,3589.34,4222.75
cabbage,maharashtra,22-03-2025,3663.86,4310.42
cabbage,maharashtra,19-04-2025,3442.52,4050.02
cabbage,maharashtra,17-05-2025,3566.01,4195.3
cabbage,maharashtra,14-06-2025,3662.93,4309.33
cabbage,maharashtra,12-07-2025,3541.66,4166.66
cabbage,maharashtra,09-08-2025,3725.99,4383.52
cabbage,maharashtra,06-09-2025,3768.79,4433.87
cabbage,maharashtra,04-10-2025,3643.24,4286.17
cabbage,gujarat,01-01-2022,3071.56,3613.6
cabbage,gujarat,29-01-2022,3255.14,3829.58
cabbage,gujarat,26-02-2022,3177.92,3738.73
cabbage,gujarat,26-03-2022,3301.6,3884.23
cabbage,gujarat,23-04-2022,3279.47,3858.2
cabbage,gujarat,21-05-2022,3507.87,4126.91
cabbage,gujarat,18-06-2022,3492.44,4108.75
cabbage,gujarat,16-07-2022,3402.97,4003.5
cabbage,gujarat,13-08-2022,3531.09,4154.22
cabbage,gujarat,10-09-2022,3760.27,4423.85
cabbage,gujarat,08-10-2022,3490.3,4106.23
cabbage,gujarat,05-11-2022,3784.99,4452.93
cabbage,gujarat,03-12-2022,3800.61,4471.3
cabbage,gujarat,31-12-2022,3126.46,3678.19
cabbage,gujarat,28-01-2023,3224.92,3794.02
cabbage,gujarat,25-02-2023,3449.48,4058.21
cabbage,gujarat,25-03-2023,3449.64,4058.4
cabbage,gujarat,22-04-2023,3401.71,4002.01
cabbage,gujarat,20-05-2023,3575.24,4206.17
cabbage,gujarat,17-06-2023,3552.22,4179.08
cabbage,gujarat,15-07-2023,3580.65,4212.53
cabbage,gujarat,12-08-2023,3578.76,4210.31
cabbage,gujarat,09-09-2023,3571.96,4202.31
cabbage,gujarat,07-10-2023,3735.31,4394.48
cabbage,gujarat,04-11-2023,3677.59,4326.58
cabbage,gujarat,02-12-2023,3609.52,4246.49
cabbage,gujarat,30-12-2023,3191.28,3754.45
cabbage,gujarat,27-01-2024,3289.62,3870.14
cabbage,gujarat,24-02-2024,3174.85,3735.12
cabbage,gujarat,23-03-2024,3383.52,3980.61
cabbage,gujarat,20-04-2024,3330.67,3918.43
cabbage,gujarat,18-05-2024,3520.22,4141.43
cabbage,gujarat,15-06-2024,3540.92,4165.79
cabbage,gujarat,13-07-2024,3504.75,4123.23
cabbage,gujarat,10-08-2024,3627.99,4268.22
cabbage,gujarat,07-09-2024,3449.87,4058.67
cabbage,gujarat,05-10-2024,3656.48,4301.74
cabbage,gujarat,02-11-2024,3508.96,4128.19
cabbage,gujarat,30-11-2024,3549.64,4176.05
cabbage,gujarat,28-12-2024,3392.04,3990.63
cabbage,gujarat,25-01-2025,3220.69,3789.05
cabbage,gujarat,22-02-2025,3226.13,3795.45
cabbage,gujarat,22-03-2025,3365.56,3959.48
cabbage,gujarat,19-04-2025,3498.8,4116.23
cabbage,gujarat,17-05-2025,3470.16,4082.54
cabbage,gujarat,14-06-2025,3376.11,3971.89
cabbage,gujarat,12-07-2025,3531.83,4155.09
cabbage,gujarat,09-08-2025,3511.17,4130.79
cabbage,gujarat,06-09-2025,3754.93,4417.57
cabbage,gujarat,04-10-2025,3639.22,4281.43
cabbage,rajasthan,01-01-2022,3344.66,3934.9
cabbage,rajasthan,29-01-2022,3355.29,3947.4
cabbage,rajasthan,26-02-2022,3222.71,3791.42
cabbage,rajasthan,26-03-2022,3490.59,4106.58
cabbage,rajasthan,23-04-2022,3312.93,3897.56
cabbage,rajasthan,21-05-2022,3264.28,3840.33
cabbage,rajasthan,18-06-2022,3317.31,3902.72
cabbage,rajasthan,16-07-2022,3501.97,4119.97
cabbage,rajasthan,13-08-2022,3419.83,4023.33
cabbage,rajasthan,10-09-2022,3668.21,4315.54
cabbage,rajasthan,08-10-2022,3495.38,4112.21
cabbage,rajasthan,05-11-2022,3494.45,4111.12
cabbage,rajasthan,03-12-2022,3716.64,4372.52
cabbage,rajasthan,31-12-2022,3253.27,3827.38
cabbage,rajasthan,28-01-2023,3268.33,3845.09
cabbage,rajasthan,25-02-2023,3337.81,3926.83
cabbage,rajasthan,25-03-2023,3449.63,4058.39
cabbage,rajasthan,22-04-2023,3285.11,3864.84
cabbage,rajasthan,20-05-2023,3472.39,4085.16
cabbage,rajasthan,17-06-2023,3337.89,3926.93
cabbage,rajasthan,15-07-2023,3410.36,4012.19
cabbage,rajasthan,12-08-2023,3458.5,4068.82
cabbage,rajasthan,09-09-2023,3572.8,4203.29
cabbage,rajasthan,07-10-2023,3537.44,4161.69
cabbage,rajasthan,04-11-2023,3552.04,4178.87
cabbage,rajasthan,02-12-2023,3561.51,4190.01
cabbage,rajasthan,30-12-2023,3296.45,3878.18
cabbage,rajasthan,27-01-2024,3264.49,3840.58
cabbage,rajasthan,24-02-2024,3167.85,3726.88
cabbage,rajasthan,23-03-2024,3310.42,3894.61
cabbage,rajasthan,20-04-2024,3529.88,4152.8
cabbage,rajasthan,18-05-2024,3369.0,3963.53
cabbage,rajasthan,15-06-2024,3492.4,4108.71
cabbage,rajasthan,13-07-2024,3390.9,3989.29
cabbage,rajasthan,10-08-2024,3363.98,3957.62
cabbage,rajasthan,07-09-2024,3443.74,4051.46
cabbage,rajasthan,05-10-2024,3663.52,4310.02
cabbage,rajasthan,02-11-2024,3479.47,4093.5
cabbage,rajasthan,30-11-2024,3526.17,4148.44
cabbage,rajasthan,28-12-2024,3122.31,3673.3
cabbage,rajasthan,25-01-2025,3110.08,3658.92
cabbage,rajasthan,22-02-2025,3440.6,4047.76
cabbage,rajasthan,22-03-2025,3401.99,4002.34
cabbage,rajasthan,19-04-2025,3281.87,3861.02
cabbage,rajasthan,17-05-2025,3290.85,3871.59
cabbage,rajasthan,14-06-2025,3531.98,4155.27
cabbage,rajasthan,12-07-2025,3496.42,4113.43
cabbage,rajasthan,09-08-2025,3661.2,4307.3
cabbage,rajasthan,06-09-2025,3443.98,4051.74
cabbage,rajasthan,04-10-2025,3753.41,4415.78
cabbage,punjab,01-01-2022,2875.75,3383.24
cabbage,punjab,29-01-2022,2718.88,3198.68
cabbage,punjab,26-02-2022,2964.52,3487.67
cabbage,punjab,26-03-2022,2811.92,3308.14
cabbage,punjab,23-04-2022,2834.77,3335.02
cabbage,punjab,21-05-2022,2940.79,3459.75
cabbage,punjab,18-06-2022,2888.06,3397.72
cabbage,punjab,16-07-2022,2984.75,3511.47
cabbage,punjab,13-08-2022,3001.53,3531.21
cabbage,punjab,10-09-2022,3187.44,3749.93
cabbage,punjab,08-10-2022,3268.36,3845.13
cabbage,punjab,05-11-2022,3150.83,3706.86
cabbage,punjab,03-12-2022,3330.56,3918.3
cabbage,punjab,31-12-2022,2738.68,3221.98
cabbage,punjab,28-01-2023,2943.07,3462.43
cabbage,punjab,25-02-2023,2872.23,3379.09
cabbage,punjab,25-03-2023,2877.68,3385.51
cabbage,punjab,22-04-2023,3073.98,3616.45
cabbage,punjab,20-05-2023,2869.17,3375.5
cabbage,punjab,17-06-2023,3036.36,3572.19
cabbage,punjab,15-07-2023,2947.59,3467.75
cabbage,punjab,12-08-2023,2962.52,3485.32
cabbage,punjab,09-09-2023,2981.06,3507.13
cabbage,punjab,07-10-2023,3058.49,3598.22
cabbage,punjab,04-11-2023,3232.06,3802.42
cabbage,punjab,02-12-2023,3208.46,3774.66
cabbage,punjab,30-12-2023,2922.37,3438.08
cabbage,punjab,27-01-2024,2902.49,3414.7
cabbage,punjab,24-02-2024,2954.55,3475.94
cabbage,punjab,23-03-2024,2910.91,3424.6
cabbage,punjab,20-04-2024,2918.86,3433.95
cabbage,punjab,18-05-2024,3022.31,3555.66
cabbage,punjab,15-06-2024,3134.17,3687.26
cabbage,punjab,13-07-2024,2955.88,3477.51
cabbage,punjab,10-08-2024,3172.4,3732.23
cabbage,punjab,07-09-2024,3140.08,3694.21
cabbage,punjab,05-10-2024,3045.01,3582.37
cabbage,punjab,02-11-2024,3291.9,3872.82
cabbage,punjab,30-11-2024,3159.26,3716.78
cabbage,punjab,28-12-2024,2910.74,3424.4
cabbage,punjab,25-01-2025,2918.47,3433.5
cabbage,punjab,22-02-2025,2977.3,3502.71
cabbage,punjab,22-03-2025,2793.3,3286.24
cabbage,punjab,19-04-2025,2921.51,3437.07
cabbage,punjab,17-05-2025,2888.98,3398.8
cabbage,punjab,14-06-2025,3045.51,3582.95
cabbage,punjab,12-07-2025,3152.45,3708.76
cabbage,punjab,09-08-2025,3003.38,3533.39
cabbage,punjab,06-09-2025,3010.99,3542.34
cabbage,punjab,04-10-2025,3161.35,3719.24
cabbage,haryana,01-01-2022,3078.73,3622.04
cabbage,haryana,29-01-2022,3177.26,3737.95
cabbage,haryana,26-02-2022,3156.08,3713.04
cabbage,haryana,26-03-2022,3347.5,3938.23
cabbage,haryana,23-04-2022,3387.81,3985.66
cabbage,haryana,21-05-2022,3449.93,4058.74
cabbage,haryana,18-06-2022,3340.55,3930.06
cabbage,haryana,16-07-2022,3478.61,4092.48
cabbage,haryana,13-08-2022,3565.79,4195.05
cabbage,haryana,10-09-2022,3430.02,4035.32
cabbage,haryana,08-10-2022,3579.83,4211.56
cabbage,haryana,05-11-2022,3700.94,4354.05
cabbage,haryana,03-12-2022,3438.14,4044.87
cabbage,haryana,31-12-2022,3124.06,3675.36
cabbage,haryana,28-01-2023,3125.61,3677.19
cabbage,haryana,25-02-2023,3153.87,3710.44
cabbage,haryana,25-03-2023,3173.33,3733.33
cabbage,haryana,22-04-2023,3206.16,3771.95
cabbage,haryana,20-05-2023,3402.08,4002.45
cabbage,haryana,17-06-2023,3271.54,3848.87
cabbage,haryana,15-07-2023,3445.66,4053.72
cabbage,haryana,12-08-2023,3411.39,4013.4
cabbage,haryana,09-09-2023,3446.79,4055.05
cabbage,haryana,07-10-2023,3677.84,4326.87
cabbage,haryana,04-11-2023,3614.0,4251.77
cabbage,haryana,02-12-2023,3624.88,4264.56
cabbage,haryana,30-12-2023,3023.09,3556.58
cabbage,haryana,27-01-2024,3072.22,3614.38
cabbage,haryana,24-02-2024,3171.51,3731.19
cabbage,haryana,23-03-2024,3077.94,3621.11
cabbage,haryana,20-04-2024,3324.19,3910.81
cabbage,haryana,18-05-2024,3274.08,3851.86
cabbage,haryana,15-06-2024,3338.25,3927.35
cabbage,haryana,13-07-2024,3267.02,3843.55
cabbage,haryana,10-08-2024,3318.03,3903.57
cabbage,haryana,07-09-2024,3343.78,3933.86
cabbage,haryana,05-10-2024,3643.58,4286.56
cabbage,haryana,02-11-2024,3412.67,4014.91
cabbage,haryana,30-11-2024,3513.98,4134.09
cabbage,haryana,28-12-2024,3010.08,3541.27
cabbage,haryana,25-01-2025,3069.61,3611.3
cabbage,haryana,22-02-2025,3169.62,3728.97
cabbage,haryana,22-03-2025,3119.67,3670.2
cabbage,haryana,19-04-2025,3383.65,3980.77
cabbage,haryana,17-05-2025,3263.01,3838.83
cabbage,haryana,14-06-2025,3405.64,4006.63
cabbage,haryana,12-07-2025,3459.02,4069.44
cabbage,haryana,09-08-2025,3351.53,3942.98
cabbage,haryana,06-09-2025,3349.55,3940.65
cabbage,haryana,04-10-2025,3572.37,4202.79
cabbage,uttarpradesh,01-01-2022,3583.17,4215.5
cabbage,uttarpradesh,29-01-2022,3741.95,4402.29
cabbage,uttarpradesh,26-02-2022,3635.46,4277.01
cabbage,uttarpradesh,26-03-2022,3664.73,4311.45
cabbage,uttarpradesh,23-04-2022,3891.89,4578.7
cabbage,uttarpradesh,21-05-2022,3924.64,4617.22
cabbage,uttarpradesh,18-06-2022,3844.31,4522.72
cabbage,uttarpradesh,16-07-2022,3935.9,4630.47
cabbage,uttarpradesh,13-08-2022,4055.08,4770.68
cabbage,uttarpradesh,10-09-2022,3793.29,4462.69
cabbage,uttarpradesh,08-10-2022,3872.64,4556.05
cabbage,uttarpradesh,05-11-2022,3944.14,4640.17
cabbage,uttarpradesh,03-12-2022,4194.49,4934.69
cabbage,uttarpradesh,31-12-2022,3388.18,3986.1
cabbage,uttarpradesh,28-01-2023,3615.19,4253.16
cabbage,uttarpradesh,25-02-2023,3689.41,4340.48
cabbage,uttarpradesh,25-03-2023,3580.63,4212.51
cabbage,uttarpradesh,22-04-2023,3600.44,4235.81
cabbage,uttarpradesh,20-05-2023,3694.97,4347.02
cabbage,uttarpradesh,17-06-2023,3700.59,4353.63
cabbage,uttarpradesh,15-07-2023,3703.0,4356.47
cabbage,uttarpradesh,12-08-2023,4068.84,4786.87
cabbage,uttarpradesh,09-09-2023,4124.28,4852.09
cabbage,uttarpradesh,07-10-2023,4153.8,4886.82
cabbage,uttarpradesh,04-11-2023,4210.67,4953.73
cabbage,uttarpradesh,02-12-2023,3936.82,4631.55
cabbage,uttarpradesh,30-12-2023,3487.52,4102.96
cabbage,uttarpradesh,27-01-2024,3420.77,4024.44
cabbage,uttarpradesh,24-02-2024,3634.67,4276.08
cabbage,uttarpradesh,23-03-2024,3566.42,4195.79
cabbage,uttarpradesh,20-04-2024,3622.61,4261.89
cabbage,uttarpradesh,18-05-2024,3643.69,4286.7
cabbage,uttarpradesh,15-06-2024,3919.37,4611.02
cabbage,uttarpradesh,13-07-2024,3962.43,4661.68
cabbage,uttarpradesh,10-08-2024,3787.05,4455.35
cabbage,uttarpradesh,07-09-2024,3766.22,4430.85
cabbage,uttarpradesh,05-10-2024,4108.95,4834.06
cabbage,uttarpradesh,02-11-2024,4160.1,4894.24
cabbage,uttarpradesh,30-11-2024,4075.95,4795.24
cabbage,uttarpradesh,28-12-2024,3501.67,4119.61
cabbage,uttarpradesh,25-01-2025,3533.97,4157.61
cabbage,uttarpradesh,22-02-2025,3702.47,4355.85
cabbage,uttarpradesh,22-03-2025,3619.55,4258.3
cabbage,uttarpradesh,19-04-2025,3699.11,4351.9
cabbage,uttarpradesh,17-05-2025,3841.03,4518.86
cabbage,uttarpradesh,14-06-2025,3957.71,4656.13
cabbage,uttarpradesh,12-07-2025,3868.18,4550.8
cabbage,uttarpradesh,09-08-2025,3797.81,4468.01
cabbage,uttarpradesh,06-09-2025,3865.36,4547.48
cabbage,uttarpradesh,04-10-2025,3957.5,4655.88
cabbage,madhyapradesh,01-01-2022,3349.39,3940.46
cabbage,madhyapradesh,29-01-2022,3359.39,3952.22
cabbage,madhyapradesh,26-02-2022,3225.99,3795.28
cabbage,madhyapradesh,26-03-2022,3433.67,4039.61
cabbage,madhyapradesh,23-04-2022,3518.74,4139.69
cabbage,madhyapradesh,21-05-2022,3469.56,4081.84
cabbage,madhyapradesh,18-06-2022,3618.1,4256.59
cabbage,madhyapradesh,16-07-2022,3454.61,4064.25
cabbage,madhyapradesh,13-08-2022,3451.53,4060.62
cabbage,madhyapradesh,10-09-2022,3537.55,4161.82
cabbage,madhyapradesh,08-10-2022,3614.0,4251.76
cabbage,madhyapradesh,05-11-2022,3795.16,4464.9
cabbage,madhyapradesh,03-12-2022,3664.83,4311.56
cabbage,madhyapradesh,31-12-2022,3361.08,3954.21
cabbage,madhyapradesh,28-01-2023,3293.21,3874.37
cabbage,madhyapradesh,25-02-2023,3303.45,3886.41
cabbage,madhyapradesh,25-03-2023,3497.25,4114.41
cabbage,madhyapradesh,22-04-2023,3235.28,3806.21
cabbage,madhyapradesh,20-05-2023,3323.36,3909.84
cabbage,madhyapradesh,17-06-2023,3387.23,3984.98
cabbage,madhyapradesh,15-07-2023,3356.02,3948.26
cabbage,madhyapradesh,12-08-2023,3488.14,4103.69
cabbage,madhyapradesh,09-09-2023,3537.27,4161.49
cabbage,madhyapradesh,07-10-2023,3636.93,4278.74
cabbage,madhyapradesh,04-11-2023,3813.86,4486.9
cabbage,madhyapradesh,02-12-2023,3731.38,4389.86
cabbage,madhyapradesh,30-12-2023,3359.17,3951.97
cabbage,madhyapradesh,27-01-2024,3404.84,4005.7
cabbage,madhyapradesh,24-02-2024,3440.26,4047.37
cabbage,madhyapradesh,23-03-2024,3277.99,3856.46
cabbage,madhyapradesh,20-04-2024,3243.38,3815.74
cabbage,madhyapradesh,18-05-2024,3368.92,3963.43
cabbage,madhyapradesh,15-06-2024,3553.49,4180.58
cabbage,madhyapradesh,13-07-2024,3537.11,4161.3
cabbage,madhyapradesh,10-08-2024,3481.0,4095.29
cabbage,madhyapradesh,07-09-2024,3741.55,4401.82
cabbage,madhyapradesh,05-10-2024,3651.51,4295.9
cabbage,madhyapradesh,02-11-2024,3626.55,4266.53
cabbage,madhyapradesh,30-11-2024,3831.98,4508.21
cabbage,madhyapradesh,28-12-2024,3119.59,3670.1
cabbage,madhyapradesh,25-01-2025,3377.64,3973.69
cabbage,madhyapradesh,22-02-2025,3216.5,3784.12
cabbage,madhyapradesh,22-03-2025,3327.08,3914.21
cabbage,madhyapradesh,19-04-2025,3545.58,4171.27
cabbage,madhyapradesh,17-05-2025,3298.75,3880.88
cabbage,madhyapradesh,14-06-2025,3417.56,4020.66
cabbage,madhyapradesh,12-07-2025,3579.66,4211.36
cabbage,madhyapradesh,09-08-2025,3716.37,4372.2
cabbage,madhyapradesh,06-09-2025,3499.91,4117.54
cabbage,madhyapradesh,04-10-2025,3582.32,4214.5
cabbage,westbengal,01-01-2022,3555.81,4183.31
cabbage,westbengal,29-01-2022,3862.03,4543.57
cabbage,westbengal,26-02-2022,3893.21,4580.25
cabbage,westbengal,26-03-2022,3826.38,4501.62
cabbage,westbengal,23-04-2022,3846.77,4525.61
cabbage,westbengal,21-05-2022,3762.88,4426.92
cabbage,westbengal,18-06-2022,4060.71,4777.31
cabbage,westbengal,16-07-2022,4125.1,4853.06
cabbage,westbengal,13-08-2022,4122.72,4850.26
cabbage,westbengal,10-09-2022,3961.11,4660.13
cabbage,westbengal,08-10-2022,4011.97,4719.96
cabbage,westbengal,05-11-2022,4053.24,4768.52
cabbage,westbengal,03-12-2022,4268.75,5022.06
cabbage,westbengal,31-12-2022,3472.22,4084.96
cabbage,westbengal,28-01-2023,3703.42,4356.97
cabbage,westbengal,25-02-2023,3619.98,4258.8
cabbage,westbengal,25-03-2023,3871.49,4554.69
cabbage,westbengal,22-04-2023,3710.39,4365.16
cabbage,westbengal,20-05-2023,4038.21,4750.84
cabbage,westbengal,17-06-2023,3976.12,4677.79
cabbage,westbengal,15-07-2023,3760.49,4424.1
cabbage,westbengal,12-08-2023,4009.86,4717.48
cabbage,westbengal,09-09-2023,4116.81,4843.31
cabbage,westbengal,07-10-2023,3932.37,4626.32
cabbage,westbengal,04-11-2023,4314.06,5075.37
cabbage,westbengal,02-12-2023,4312.01,5072.95
cabbage,westbengal,30-12-2023,3786.13,4454.27
cabbage,westbengal,27-01-2024,3547.26,4173.25
cabbage,westbengal,24-02-2024,3582.83,4215.09
cabbage,westbengal,23-03-2024,3719.96,4376.42
cabbage,westbengal,20-04-2024,3833.59,4510.11
cabbage,westbengal,18-05-2024,3702.88,4356.33
cabbage,westbengal,15-06-2024,4074.49,4793.52
cabbage,westbengal,13-07-2024,3864.3,4546.24
cabbage,westbengal,10-08-2024,3858.91,4539.89
cabbage,westbengal,07-09-2024,3986.07,4689.49
cabbage,westbengal,05-10-2024,4278.72,5033.79
cabbage,westbengal,02-11-2024,4041.02,4754.14
cabbage,westbengal,30-11-2024,4343.05,5109.47
cabbage,westbengal,28-12-2024,3609.24,4246.17
cabbage,westbengal,25-01-2025,3828.24,4503.81
cabbage,westbengal,22-02-2025,3835.06,4511.83
cabbage,westbengal,22-03-2025,3679.02,4328.26
cabbage,westbengal,19-04-2025,3946.19,4642.58
cabbage,westbengal,17-05-2025,3918.33,4609.8
cabbage,westbengal,14-06-2025,3975.36,4676.89
cabbage,westbengal,12-07-2025,3772.55,4438.29
cabbage,westbengal,09-08-2025,3995.1,4700.12
cabbage,westbengal,06-09-2025,4099.25,4822.65
cabbage,westbengal,04-10-2025,3949.38,4646.33
cabbage,bihar,01-01-2022,3399.03,3998.86
cabbage,bihar,29-01-2022,3177.69,3738.46
cabbage,bihar,26-02-2022,3386.96,3984.66
cabbage,bihar,26-03-2022,3519.65,4140.77
cabbage,bihar,23-04-2022,3589.19,4222.58
cabbage,bihar,21-05-2022,3612.59,4250.11
cabbage,bihar,18-06-2022,3443.3,4050.94
cabbage,bihar,16-07-2022,3562.85,4191.59
cabbage,bihar,13-08-2022,3606.72,4243.2
cabbage,bihar,10-09-2022,3693.19,4344.93
cabbage,bihar,08-10-2022,3669.02,4316.49
cabbage,bihar,05-11-2022,3681.09,4330.69
cabbage,bihar,03-12-2022,3670.09,4317.75
cabbage,bihar,31-12-2022,3284.42,3864.02
cabbage,bihar,28-01-2023,3206.44,3772.28
cabbage,bihar,25-02-2023,3515.97,4136.43
cabbage,bihar,25-03-2023,3468.06,4080.07
cabbage,bihar,22-04-2023,3302.52,3885.32
cabbage,bihar,20-05-2023,3592.58,4226.57
cabbage,bihar,17-06-2023,3612.48,4249.98
cabbage,bihar,15-07-2023,3695.61,4347.78
cabbage,bihar,12-08-2023,3737.42,4396.97
cabbage,bihar,09-09-2023,3823.34,4498.05
cabbage,bihar,07-10-2023,3543.96,4169.37
cabbage,bihar,04-11-2023,3907.28,4596.8
cabbage,bihar,02-12-2023,3737.97,4397.61
cabbage,bihar,30-12-2023,3344.07,3934.2
cabbage,bihar,27-01-2024,3388.86,3986.89
cabbage,bihar,24-02-2024,3223.7,3792.59
cabbage,bihar,23-03-2024,3255.99,3830.58
cabbage,bihar,20-04-2024,3338.96,3928.19
cabbage,bihar,18-05-2024,3625.19,4264.93
cabbage,bihar,15-06-2024,3427.58,4032.45
cabbage,bihar,13-07-2024,3449.39,4058.11
cabbage,bihar,10-08-2024,3554.61,4181.9
cabbage,bihar,07-09-2024,3598.81,4233.9
cabbage,bihar,05-10-2024,3766.21,4430.84
cabbage,bihar,02-11-2024,3913.94,4604.64
cabbage,bihar,30-11-2024,3644.18,4287.27
cabbage,bihar,28-12-2024,3138.92,3692.85
cabbage,bihar,25-01-2025,3269.7,3846.71
cabbage,bihar,22-02-2025,3535.09,4158.93
cabbage,bihar,22-03-2025,3483.99,4098.81
cabbage,bihar,19-04-2025,3329.08,3916.57
cabbage,bihar,17-05-2025,3646.94,4290.52
cabbage,bihar,14-06-2025,3634.73,4276.15
cabbage,bihar,12-07-2025,3593.08,4227.15
cabbage,bihar,09-08-2025,3669.98,4317.62
cabbage,bihar,06-09-2025,3513.45,4133.47
cabbage,bihar,04-10-2025,3888.84,4575.1
cabbage,odisha,01-01-2022,3495.58,4112.45
cabbage,odisha,29-01-2022,3539.06,4163.6
cabbage,odisha,26-02-2022,3739.41,4399.31
cabbage,odisha,26-03-2022,3683.46,4333.48
cabbage,odisha,23-04-2022,3653.24,4297.93
cabbage,odisha,21-05-2022,3934.58,4628.92
cabbage,odisha,18-06-2022,3748.51,4410.01
cabbage,odisha,16-07-2022,4005.53,4712.39
cabbage,odisha,13-08-2022,4003.95,4710.53
cabbage,odisha,10-09-2022,3883.22,4568.49
cabbage,odisha,08-10-2022,4145.59,4877.16
cabbage,odisha,05-11-2022,4244.72,4993.79
cabbage,odisha,03-12-2022,4261.51,5013.54
cabbage,odisha,31-12-2022,3548.03,4174.15
cabbage,odisha,28-01-2023,3729.2,4387.29
cabbage,odisha,25-02-2023,3866.47,4548.79
cabbage,odisha,25-03-2023,3683.9,4334.0
cabbage,odisha,22-04-2023,3932.92,4626.96
cabbage,odisha,20-05-2023,3890.05,4576.53
cabbage,odisha,17-06-2023,3762.92,4426.97
cabbage,odisha,15-07-2023,3814.99,4488.22
cabbage,odisha,12-08-2023,3832.73,4509.09
cabbage,odisha,09-09-2023,4065.01,4782.36
cabbage,odisha,07-10-2023,4163.67,4898.43
cabbage,odisha,04-11-2023,4075.33,4794.51
cabbage,odisha,02-12-2023,4226.37,4972.2
cabbage,odisha,30-12-2023,3492.57,4108.91
cabbage,odisha,27-01-2024,3657.33,4302.74
cabbage,odisha,24-02-2024,3734.06,4393.01
cabbage,odisha,23-03-2024,3552.72,4179.67
cabbage,odisha,20-04-2024,3732.49,4391.16
cabbage,odisha,18-05-2024,3818.99,4492.93
cabbage,odisha,15-06-2024,3948.99,4645.87
cabbage,odisha,13-07-2024,4073.55,4792.41
cabbage,odisha,10-08-2024,4095.39,4818.1
cabbage,odisha,07-09-2024,4121.9,4849.29
cabbage,odisha,05-10-2024,3942.59,4638.34
cabbage,odisha,02-11-2024,3986.78,4690.33
cabbage,odisha,30-11-2024,4113.46,4839.36
cabbage,odisha,28-12-2024,3606.89,4243.4
cabbage,odisha,25-01-2025,3821.46,4495.84
cabbage,odisha,22-02-2025,3682.94,4332.87
cabbage,odisha,22-03-2025,3586.46,4219.36
cabbage,odisha,19-04-2025,3613.43,4251.09
cabbage,odisha,17-05-2025,4011.38,4719.27
cabbage,odisha,14-06-2025,3697.98,4350.56
cabbage,odisha,12-07-2025,3796.49,4466.46
cabbage,odisha,09-08-2025,4006.42,4713.43
cabbage,odisha,06-09-2025,4124.33,4852.15
cabbage,odisha,04-10-2025,3900.14,4588.4
cauliflower,karnataka,01-01-2022,1240.97,1459.97
cauliflower,karnataka,29-01-2022,1346.88,1584.57
cauliflower,karnataka,26-02-2022,1301.27,1530.9
cauliflower,karnataka,26-03-2022,1279.45,1505.24
cauliflower,karnataka,23-04-2022,1347.81,1585.66
cauliflower,karnataka,21-05-2022,1318.04,1550.64
cauliflower,karnataka,18-06-2022,1325.76,1559.72
cauliflower,karnataka,16-07-2022,1417.29,1667.4
cauliflower,karnataka,13-08-2022,1476.98,1737.62
cauliflower,karnataka,10-09-2022,1497.78,1762.09
cauliflower,karnataka,08-10-2022,1405.01,1652.95
cauliflower,karnataka,05-11-2022,1528.78,1798.57
cauliflower,karnataka,03-12-2022,1503.45,1768.77
cauliflower,karnataka,31-12-2022,1301.84,1531.58
cauliflower,karnataka,28-01-2023,1259.64,1481.93
cauliflower,karnataka,25-02-2023,1262.88,1485.74
cauliflower,karnataka,25-03-2023,1380.81,1624.48
cauliflower,karnataka,22-04-2023,1371.4,1613.41
cauliflower,karnataka,20-05-2023,1411.66,1660.78
cauliflower,karnataka,17-06-2023,1372.02,1614.14
cauliflower,karnataka,15-07-2023,1426.04,1677.69
cauliflower,karnataka,12-08-2023,1379.47,1622.91
cauliflower,karnataka,09-09-2023,1480.5,1741.76
cauliflower,karnataka,07-10-2023,1485.51,1747.66
cauliflower,karnataka,04-11-2023,1458.02,1715.32
cauliflower,karnataka,02-12-2023,1451.24,1707.34
cauliflower,karnataka,30-12-2023,1317.47,1549.96
cauliflower,karnataka,27-01-2024,1252.89,1473.99
cauliflower,karnataka,24-02-2024,1278.71,1504.36
cauliflower,karnataka,23-03-2024,1395.58,1641.86
cauliflower,karnataka,20-04-2024,1310.76,1542.07
cauliflower,karnataka,18-05-2024,1391.05,1636.53
cauliflower,karnataka,15-06-2024,1333.08,1568.33
cauliflower,karnataka,13-07-2024,1460.25,1717.94
cauliflower,karnataka,10-08-2024,1472.39,1732.22
cauliflower,karnataka,07-09-2024,1430.3,1682.71
cauliflower,karnataka,05-10-2024,1464.61,1723.07
cauliflower,karnataka,02-11-2024,1498.34,1762.75
cauliflower,karnataka,30-11-2024,1446.48,1701.74
cauliflower,karnataka,28-12-2024,1348.74,1586.75
cauliflower,karnataka,25-01-2025,1280.87,1506.91
cauliflower,karnataka,22-02-2025,1381.5,1625.3
cauliflower,karnataka,22-03-2025,1380.68,1624.33
cauliflower,karnataka,19-04-2025,1357.89,1597.52
cauliflower,karnataka,17-05-2025,1394.67,1640.79
cauliflower,karnataka,14-06-2025,1403.82,1651.55
cauliflower,karnataka,12-07-2025,1422.95,1674.06
cauliflower,karnataka,09-08-2025,1463.99,1722.34
cauliflower,karnataka,06-09-2025,1383.19,1627.28
cauliflower,karnataka,04-10-2025,1511.38,1778.09
cauliflower,tamilnadu,01-01-2022,1220.52,1435.9
cauliflower,tamilnadu,29-01-2022,1291.29,1519.17
cauliflower,tamilnadu,26-02-2022,1281.48,1507.62
cauliflower,tamilnadu,26-03-2022,1345.16,1582.54
cauliflower,tamilnadu,23-04-2022,1259.89,1482.22
cauliflower,tamilnadu,21-05-2022,1333.28,1568.56
cauliflower,tamilnadu,18-06-2022,1381.35,1625.12
cauliflower,tamilnadu,16-07-2022,1308.98,1539.98
cauliflower,tamilnadu,13-08-2022,1412.99,1662.34
cauliflower,tamilnadu,10-09-2022,1414.35,1663.94
cauliflower,tamilnadu,08-10-2022,1386.91,1631.66
cauliflower,tamilnadu,05-11-2022,1447.25,1702.65
cauliflower,tamilnadu,03-12-2022,1359.12,1598.97
cauliflower,tamilnadu,31-12-2022,1253.97,1475.26
cauliflower,tamilnadu,28-01-2023,1255.08,1476.56
cauliflower,tamilnadu,25-02-2023,1237.61,1456.01
cauliflower,tamilnadu,25-03-2023,1305.5,1535.88
cauliflower,tamilnadu,22-04-2023,1296.3,1525.06
cauliflower,tamilnadu,20-05-2023,1260.86,1483.37
cauliflower,tamilnadu,17-06-2023,1293.17,1521.38
cauliflower,tamilnadu,15-07-2023,1341.67,1578.44
cauliflower,tamilnadu,12-08-2023,1333.92,1569.32
cauliflower,tamilnadu,09-09-2023,1423.48,1674.68
cauliflower,tamilnadu,07-10-2023,1452.37,1708.67
cauliflower,tamilnadu,04-11-2023,1443.51,1698.25
cauliflower,tamilnadu,02-12-2023,1442.45,1697.0
cauliflower,tamilnadu,30-12-2023,1213.96,1428.19
cauliflower,tamilnadu,27-01-2024,1190.26,1400.31
cauliflower,tamilnadu,24-02-2024,1286.81,1513.89
cauliflower,tamilnadu,23-03-2024,1246.03,1465.92
cauliflower,tamilnadu,20-04-2024,1282.5,1508.82
cauliflower,tamilnadu,18-05-2024,1299.83,1529.21
cauliflower,tamilnadu,15-06-2024,1269.41,1493.42
cauliflower,tamilnadu,13-07-2024,1381.85,1625.7
cauliflower,tamilnadu,10-08-2024,1381.31,1625.07
cauliflower,tamilnadu,07-09-2024,1337.23,1573.21
cauliflower,tamilnadu,05-10-2024,1435.46,1688.78
cauliflower,tamilnadu,02-11-2024,1401.55,1648.88
cauliflower,tamilnadu,30-11-2024,1401.56,1648.89
cauliflower,tamilnadu,28-12-2024,1181.75,1390.29
cauliflower,tamilnadu,25-01-2025,1279.96,1505.84
cauliflower,tamilnadu,22-02-2025,1303.36,1533.37
cauliflower,tamilnadu,22-03-2025,1223.63,1439.57
cauliflower,tamilnadu,19-04-2025,1273.81,1498.6
cauliflower,tamilnadu,17-05-2025,1321.8,1555.06
cauliflower,tamilnadu,14-06-2025,1367.95,1609.35
cauliflower,tamilnadu,12-07-2025,1402.3,1649.76
cauliflower,tamilnadu,09-08-2025,1380.73,1624.39
cauliflower,tamilnadu,06-09-2025,1356.34,1595.69
cauliflower,tamilnadu,04-10-2025,1379.86,1623.37
cauliflower,andhrapradesh,01-01-2022,1330.26,1565.01
cauliflower,andhrapradesh,29-01-2022,1416.39,1666.34
cauliflower,andhrapradesh,26-02-2022,1483.99,1745.87
cauliflower,andhrapradesh,26-03-2022,1419.0,1669.41
cauliflower,andhrapradesh,23-04-2022,1448.61,1704.25
cauliflower,andhrapradesh,21-05-2022,1405.09,1653.05
cauliflower,andhrapradesh,18-06-2022,1558.48,1833.51
cauliflower,andhrapradesh,16-07-2022,1449.33,1705.1
cauliflower,andhrapradesh,13-08-2022,1562.18,1837.86
cauliflower,andhrapradesh,10-09-2022,1560.04,1835.34
cauliflower,andhrapradesh,08-10-2022,1518.0,1785.88
cauliflower,andhrapradesh,05-11-2022,1552.14,1826.05
cauliflower,andhrapradesh,03-12-2022,1605.29,1888.58
cauliflower,andhrapradesh,31-12-2022,1369.97,1611.73
cauliflower,andhrapradesh,28-01-2023,1362.73,1603.21
cauliflower,andhrapradesh,25-02-2023,1421.16,1671.95
cauliflower,andhrapradesh,25-03-2023,1369.73,1611.45
cauliflower,andhrapradesh,22-04-2023,1406.13,1654.27
cauliflower,andhrapradesh,20-05-2023,1440.04,1694.16
cauliflower,andhrapradesh,17-06-2023,1483.98,1745.86
cauliflower,andhrapradesh,15-07-2023,1459.45,1717.0
cauliflower,andhrapradesh,12-08-2023,1454.28,1710.92
cauliflower,andhrapradesh,09-09-2023,1564.73,1840.86
cauliflower,andhrapradesh,07-10-2023,1586.86,1866.89
cauliflower,andhrapradesh,04-11-2023,1516.6,1784.23
cauliflower,andhrapradesh,02-12-2023,1634.35,1922.76
cauliflower,andhrapradesh,30-12-2023,1332.73,1567.92
cauliflower,andhrapradesh,27-01-2024,1379.98,1623.51
cauliflower,andhrapradesh,24-02-2024,1487.19,1749.64
cauliflower,andhrapradesh,23-03-2024,1452.06,1708.31
cauliflower,andhrapradesh,20-04-2024,1495.83,1759.8
cauliflower,andhrapradesh,18-05-2024,1466.08,1724.8
cauliflower,andhrapradesh,15-06-2024,1560.46,1835.84
cauliflower,andhrapradesh,13-07-2024,1496.51,1760.6
cauliflower,andhrapradesh,10-08-2024,1533.31,1803.89
cauliflower,andhrapradesh,07-09-2024,1568.52,1845.32
cauliflower,andhrapradesh,05-10-2024,1548.39,1821.64
cauliflower,andhrapradesh,02-11-2024,1590.92,1871.67
cauliflower,andhrapradesh,30-11-2024,1601.48,1884.09
cauliflower,andhrapradesh,28-12-2024,1350.22,1588.49
cauliflower,andhrapradesh,25-01-2025,1359.93,1599.92
cauliflower,andhrapradesh,22-02-2025,1423.06,1674.19
cauliflower,andhrapradesh,22-03-2025,1439.42,1693.43
cauliflower,andhrapradesh,19-04-2025,1397.78,1644.45
cauliflower,andhrapradesh,17-05-2025,1491.46,1754.66
cauliflower,andhrapradesh,14-06-2025,1534.16,1804.89
cauliflower,andhrapradesh,12-07-2025,1455.45,1712.3
cauliflower,andhrapradesh,09-08-2025,1551.66,1825.48
cauliflower,andhrapradesh,06-09-2025,1572.8,1850.35
cauliflower,andhrapradesh,04-10-2025,1489.36,1752.19
cauliflower,telangana,01-01-2022,1535.8,1806.82
cauliflower,telangana,29-01-2022,1595.88,1877.51
cauliflower,telangana,26-02-2022,1549.3,1822.71
cauliflower,telangana,26-03-2022,1558.84,1833.93
cauliflower,telangana,23-04-2022,1588.58,1868.92
cauliflower,telangana,21-05-2022,1576.69,1854.93
cauliflower,telangana,18-06-2022,1674.25,1969.71
cauliflower,telangana,16-07-2022,1709.29,2010.93
cauliflower,telangana,13-08-2022,1729.68,2034.92
cauliflower,telangana,10-09-2022,1706.45,2007.59
cauliflower,telangana,08-10-2022,1762.04,2072.99
cauliflower,telangana,05-11-2022,1747.01,2055.31
cauliflower,telangana,03-12-2022,1698.72,1998.49
cauliflower,telangana,31-12-2022,1448.4,1704.0
cauliflower,telangana,28-01-2023,1462.87,1721.02
cauliflower,telangana,25-02-2023,1585.62,1865.43
cauliflower,telangana,25-03-2023,1535.98,1807.03
cauliflower,telangana,22-04-2023,1532.23,1802.62
cauliflower,telangana,20-05-2023,1672.93,1968.15
cauliflower,telangana,17-06-2023,1646.96,1937.6
cauliflower,telangana,15-07-2023,1684.67,1981.96
cauliflower,telangana,12-08-2023,1679.36,1975.72
cauliflower,telangana,09-09-2023,1622.13,1908.39
cauliflower,telangana,07-10-2023,1630.67,1918.43
cauliflower,telangana,04-11-2023,1635.22,1923.79
cauliflower,telangana,02-12-2023,1666.21,1960.25
cauliflower,telangana,30-12-2023,1441.46,1695.84
cauliflower,telangana,27-01-2024,1577.33,1855.68
cauliflower,telangana,24-02-2024,1586.33,1866.27
cauliflower,telangana,23-03-2024,1560.58,1835.98
cauliflower,telangana,20-04-2024,1562.24,1837.93
cauliflower,telangana,18-05-2024,1679.23,1975.56
cauliflower,telangana,15-06-2024,1629.31,1916.83
cauliflower,telangana,13-07-2024,1630.69,1918.46
cauliflower,telangana,10-08-2024,1726.53,2031.21
cauliflower,telangana,07-09-2024,1672.1,1967.18
cauliflower,telangana,05-10-2024,1730.0,2035.29
cauliflower,telangana,02-11-2024,1627.6,1914.82
cauliflower,telangana,30-11-2024,1718.13,2021.33
cauliflower,telangana,28-12-2024,1515.58,1783.04
cauliflower,telangana,25-01-2025,1509.23,1775.56
cauliflower,telangana,22-02-2025,1514.47,1781.73
cauliflower,telangana,22-03-2025,1588.57,1868.9
cauliflower,telangana,19-04-2025,1571.28,1848.56
cauliflower,telangana,17-05-2025,1584.45,1864.06
cauliflower,telangana,14-06-2025,1630.82,1918.61
cauliflower,telangana,12-07-2025,1653.13,1944.86
cauliflower,telangana,09-08-2025,1726.81,2031.54
cauliflower,telangana,06-09-2025,1739.94,2046.99
cauliflower,telangana,04-10-2025,1624.62,1911.32
cauliflower,kerala,01-01-2022,1420.12,1670.73
cauliflower,kerala,29-01-2022,1432.29,1685.05
cauliflower,kerala,26-02-2022,1500.45,1765.24
cauliflower,kerala,26-03-2022,1420.82,1671.55
cauliflower,kerala,23-04-2022,1562.2,1837.88
cauliflower,kerala,21-05-2022,1454.88,1711.62
cauliflower,kerala,18-06-2022,1529.66,1799.6
cauliflower,kerala,16-07-2022,1539.02,1810.61
cauliflower,kerala,13-08-2022,1611.35,1895.7
cauliflower,kerala,10-09-2022,1593.07,1874.2
cauliflower,kerala,08-10-2022,1541.03,1812.98
cauliflower,kerala,05-11-2022,1672.72,1967.91
cauliflower,kerala,03-12-2022,1730.04,2035.34
cauliflower,kerala,31-12-2022,1445.89,1701.05
cauliflower,kerala,28-01-2023,1471.4,1731.06
cauliflower,kerala,25-02-2023,1540.54,1812.4
cauliflower,kerala,25-03-2023,1481.57,1743.02
cauliflower,kerala,22-04-2023,1449.39,1705.16
cauliflower,kerala,20-05-2023,1546.74,1819.7
cauliflower,kerala,17-06-2023,1567.23,1843.8
cauliflower,kerala,15-07-2023,1505.33,1770.98
cauliflower,kerala,12-08-2023,1610.86,1895.13
cauliflower,kerala,09-09-2023,1553.52,1827.67
cauliflower,kerala,07-10-2023,1568.22,1844.96
cauliflower,kerala,04-11-2023,1665.47,1959.38
cauliflower,kerala,02-12-2023,1667.03,1961.21
cauliflower,kerala,30-12-2023,1468.01,1727.07
cauliflower,kerala,27-01-2024,1407.81,1656.25
cauliflower,kerala,24-02-2024,1450.26,1706.19
cauliflower,kerala,23-03-2024,1439.86,1693.95
cauliflower,kerala,20-04-2024,1457.11,1714.25
cauliflower,kerala,18-05-2024,1512.94,1779.93
cauliflower,kerala,15-06-2024,1498.72,1763.2
cauliflower,kerala,13-07-2024,1530.7,1800.82
cauliflower,kerala,10-08-2024,1656.91,1949.31
cauliflower,kerala,07-09-2024,1654.28,1946.21
cauliflower,kerala,05-10-2024,1634.17,1922.55
cauliflower,kerala,02-11-2024,1701.65,2001.94
cauliflower,kerala,30-11-2024,1671.52,1966.5
cauliflower,kerala,28-12-2024,1445.1,1700.12
cauliflower,kerala,25-01-2025,1464.63,1723.1
cauliflower,kerala,22-02-2025,1448.14,1703.7
cauliflower,kerala,22-03-2025,1474.43,1734.62
cauliflower,kerala,19-04-2025,1571.96,1849.36
cauliflower,kerala,17-05-2025,1513.01,1780.01
cauliflower,kerala,14-06-2025,1533.97,1804.67
cauliflower,kerala,12-07-2025,1530.51,1800.6
cauliflower,kerala,09-08-2025,1553.1,1827.18
cauliflower,kerala,06-09-2025,1559.75,1835.0
cauliflower,kerala,04-10-2025,1680.55,1977.12
cauliflower,maharashtra,01-01-2022,1525.39,1794.58
cauliflower,maharashtra,29-01-2022,1478.4,1739.3
cauliflower,maharashtra,26-02-2022,1488.99,1751.75
cauliflower,maharashtra,26-03-2022,1478.63,1739.56
cauliflower,maharashtra,23-04-2022,1625.17,1911.96
cauliflower,maharashtra,21-05-2022,1599.44,1881.7
cauliflower,maharashtra,18-06-2022,1583.58,1863.04
cauliflower,maharashtra,16-07-2022,1688.16,1986.07
cauliflower,maharashtra,13-08-2022,1652.03,1943.57
cauliflower,maharashtra,10-09-2022,1697.91,1997.54
cauliflower,maharashtra,08-10-2022,1631.46,1919.37
cauliflower,maharashtra,05-11-2022,1727.99,2032.93
cauliflower,maharashtra,03-12-2022,1772.96,2085.84
cauliflower,maharashtra,31-12-2022,1455.49,1712.34
cauliflower,maharashtra,28-01-2023,1500.04,1764.75
cauliflower,maharashtra,25-02-2023,1484.26,1746.19
cauliflower,maharashtra,25-03-2023,1603.42,1886.38
cauliflower,maharashtra,22-04-2023,1622.1,1908.35
cauliflower,maharashtra,20-05-2023,1544.37,1816.9
cauliflower,maharashtra,17-06-2023,1604.43,1887.57
cauliflower,maharashtra,15-07-2023,1647.37,1938.08
cauliflower,maharashtra,12-08-2023,1663.22,1956.73
cauliflower,maharashtra,09-09-2023,1666.18,1960.21
cauliflower,maharashtra,07-10-2023,1615.32,1900.38
cauliflower,maharashtra,04-11-2023,1616.59,1901.87
cauliflower,maharashtra,02-12-2023,1682.33,1979.21
cauliflower,maharashtra,30-12-2023,1476.98,1737.62
cauliflower,maharashtra,27-01-2024,1523.34,1792.16
cauliflower,maharashtra,24-02-2024,1522.5,1791.18
cauliflower,maharashtra,23-03-2024,1611.8,1896.24
cauliflower,maharashtra,20-04-2024,1639.49,1928.81
cauliflower,maharashtra,18-05-2024,1608.46,1892.31
cauliflower,maharashtra,15-06-2024,1605.61,1888.95
cauliflower,maharashtra,13-07-2024,1662.67,1956.08
cauliflower,maharashtra,10-08-2024,1641.11,1930.72
cauliflower,maharashtra,07-09-2024,1715.33,2018.03
cauliflower,maharashtra,05-10-2024,1636.01,1924.72
cauliflower,maharashtra,02-11-2024,1650.69,1941.99
cauliflower,maharashtra,30-11-2024,1643.88,1933.98
cauliflower,maharashtra,28-12-2024,1415.62,1665.43
cauliflower,maharashtra,25-01-2025,1566.86,1843.37
cauliflower,maharashtra,22-02-2025,1536.85,1808.06
cauliflower,maharashtra,22-03-2025,1487.3,1749.76
cauliflower,maharashtra,19-04-2025,1593.05,1874.18
cauliflower,maharashtra,17-05-2025,1520.85,1789.24
cauliflower,maharashtra,14-06-2025,1596.89,1878.7
cauliflower,maharashtra,12-07-2025,1544.95,1817.59
cauliflower,maharashtra,09-08-2025,1609.09,1893.05
cauliflower,maharashtra,06-09-2025,1722.13,2026.04
cauliflower,maharashtra,04-10-2025,1677.7,1973.76
cauliflower,gujarat,01-01-2022,1146.77,1349.14
cauliflower,gujarat,29-01-2022,1178.73,1386.74
cauliflower,gujarat,26-02-2022,1145.24,1347.34
cauliflower,gujarat,26-03-2022,1171.16,1377.84
cauliflower,gujarat,23-04-2022,1198.67,1410.2
cauliflower,gujarat,21-05-2022,1245.81,1465.66
cauliflower,gujarat,18-06-2022,1171.19,1377.87
cauliflower,gujarat,16-07-2022,1199.4,1411.06
cauliflower,gujarat,13-08-2022,1188.08,1397.74
cauliflower,gujarat,10-09-2022,1231.17,1448.43
cauliflower,gujarat,08-10-2022,1264.67,1487.85
cauliflower,gujarat,05-11-2022,1262.16,1484.9
cauliflower,gujarat,03-12-2022,1357.29,1596.81
cauliflower,gujarat,31-12-2022,1092.22,1284.96
cauliflower,gujarat,28-01-2023,1158.85,1363.35
cauliflower,gujarat,25-02-2023,1167.98,1374.1
cauliflower,gujarat,25-03-2023,1212.3,1426.24
cauliflower,gujarat,22-04-2023,1145.88,1348.1
cauliflower,gujarat,20-05-2023,1231.16,1448.42
cauliflower,gujarat,17-06-2023,1199.19,1410.81
cauliflower,gujarat,15-07-2023,1186.1,1395.41
cauliflower,gujarat,12-08-2023,1197.02,1408.26
cauliflower,gujarat,09-09-2023,1288.55,1515.94
cauliflower,gujarat,07-10-2023,1268.32,1492.14
cauliflower,gujarat,04-11-2023,1333.49,1568.81
cauliflower,gujarat,02-12-2023,1348.88,1586.92
cauliflower,gujarat,30-12-2023,1135.27,1335.61
cauliflower,gujarat,27-01-2024,1157.01,1361.19
cauliflower,gujarat,24-02-2024,1124.33,1322.74
cauliflower,gujarat,23-03-2024,1184.05,1393.0
cauliflower,gujarat,20-04-2024,1203.71,1416.13
cauliflower,gujarat,18-05-2024,1243.46,1462.89
cauliflower,gujarat,15-06-2024,1273.18,1497.86
cauliflower,gujarat,13-07-2024,1237.68,1456.09
cauliflower,gujarat,10-08-2024,1236.3,1454.47
cauliflower,gujarat,07-09-2024,1297.65,1526.65
cauliflower,gujarat,05-10-2024,1327.05,1561.23
cauliflower,gujarat,02-11-2024,1301.43,1531.1
cauliflower,gujarat,30-11-2024,1359.3,1599.18
cauliflower,gujarat,28-12-2024,1104.97,1299.97
cauliflower,gujarat,25-01-2025,1130.15,1329.59
cauliflower,gujarat,22-02-2025,1136.86,1337.48
cauliflower,gujarat,22-03-2025,1146.12,1348.38
cauliflower,gujarat,19-04-2025,1167.97,1374.08
cauliflower,gujarat,17-05-2025,1189.13,1398.98
cauliflower,gujarat,14-06-2025,1166.2,1372.0
cauliflower,gujarat,12-07-2025,1196.74,1407.93
cauliflower,gujarat,09-08-2025,1250.21,1470.84
cauliflower,gujarat,06-09-2025,1242.86,1462.19
cauliflower,gujarat,04-10-2025,1322.24,1555.58
cauliflower,rajasthan,01-01-2022,1145.34,1347.46
cauliflower,rajasthan,29-01-2022,1236.89,1455.17
cauliflower,rajasthan,26-02-2022,1170.76,1377.37
cauliflower,rajasthan,26-03-2022,1247.98,1468.21
cauliflower,rajasthan,23-04-2022,1196.55,1407.7
cauliflower,rajasthan,21-05-2022,1301.51,1531.19
cauliflower,rajasthan,18-06-2022,1232.5,1450.0
cauliflower,rajasthan,16-07-2022,1280.58,1506.56
cauliflower,rajasthan,13-08-2022,1259.57,1481.85
cauliflower,rajasthan,10-09-2022,1303.26,1533.25
cauliflower,rajasthan,08-10-2022,1351.06,1589.48
cauliflower,rajasthan,05-11-2022,1280.32,1506.26
cauliflower,rajasthan,03-12-2022,1323.37,1556.9
cauliflower,rajasthan,31-12-2022,1176.94,1384.64
cauliflower,rajasthan,28-01-2023,1207.03,1420.04
cauliflower,rajasthan,25-02-2023,1212.81,1426.84
cauliflower,rajasthan,25-03-2023,1250.72,1471.44
cauliflower,rajasthan,22-04-2023,1279.16,1504.89
cauliflower,rajasthan,20-05-2023,1243.5,1462.94
cauliflower,rajasthan,17-06-2023,1312.17,1543.73
cauliflower,rajasthan,15-07-2023,1328.63,1563.1
cauliflower,rajasthan,12-08-2023,1240.01,1458.83
cauliflower,rajasthan,09-09-2023,1353.9,1592.82
cauliflower,rajasthan,07-10-2023,1395.3,1641.53
cauliflower,rajasthan,04-11-2023,1365.39,1606.34
cauliflower,rajasthan,02-12-2023,1388.47,1633.49
cauliflower,rajasthan,30-12-2023,1229.75,1446.76
cauliflower,rajasthan,27-01-2024,1205.79,1418.58
cauliflower,rajasthan,24-02-2024,1185.67,1394.91
cauliflower,rajasthan,23-03-2024,1258.1,1480.12
cauliflower,rajasthan,20-04-2024,1298.81,1528.01
cauliflower,rajasthan,18-05-2024,1212.93,1426.98
cauliflower,rajasthan,15-06-2024,1310.03,1541.21
cauliflower,rajasthan,13-07-2024,1233.27,1450.91
cauliflower,rajasthan,10-08-2024,1321.95,1555.24
cauliflower,rajasthan,07-09-2024,1313.88,1545.74
cauliflower,rajasthan,05-10-2024,1382.09,1625.99
cauliflower,rajasthan,02-11-2024,1286.47,1513.49
cauliflower,rajasthan,30-11-2024,1327.65,1561.94
cauliflower,rajasthan,28-12-2024,1241.14,1460.17
cauliflower,rajasthan,25-01-2025,1173.82,1380.97
cauliflower,rajasthan,22-02-2025,1253.66,1474.9
cauliflower,rajasthan,22-03-2025,1172.85,1379.82
cauliflower,rajasthan,19-04-2025,1208.05,1421.24
cauliflower,rajasthan,17-05-2025,1293.47,1521.73
cauliflower,rajasthan,14-06-2025,1313.84,1545.69
cauliflower,rajasthan,12-07-2025,1343.56,1580.66
cauliflower,rajasthan,09-08-2025,1257.01,1478.83
cauliflower,rajasthan,06-09-2025,1357.0,1596.47
cauliflower,rajasthan,04-10-2025,1344.87,1582.2
cauliflower,punjab,01-01-2022,1161.98,1367.04
cauliflower,punjab,29-01-2022,1151.54,1354.75
cauliflower,punjab,26-02-2022,1234.41,1452.25
cauliflower,punjab,26-03-2022,1246.78,1466.8
cauliflower,punjab,23-04-2022,1264.74,1487.93
cauliflower,punjab,21-05-2022,1280.38,1506.33
cauliflower,punjab,18-06-2022,1224.72,1440.85
cauliflower,punjab,16-07-2022,1230.57,1447.73
cauliflower,punjab,13-08-2022,1355.88,1595.15
cauliflower,punjab,10-09-2022,1322.86,1556.3
cauliflower,punjab,08-10-2022,1286.18,1513.15
cauliflower,punjab,05-11-2022,1287.42,1514.61
cauliflower,punjab,03-12-2022,1301.29,1530.93
cauliflower,punjab,31-12-2022,1163.21,1368.48
cauliflower,punjab,28-01-2023,1247.93,1468.15
cauliflower,punjab,25-02-2023,1169.86,1376.31
cauliflower,punjab,25-03-2023,1264.82,1488.02
cauliflower,punjab,22-04-2023,1200.09,1411.87
cauliflower,punjab,20-05-2023,1213.07,1427.14
cauliflower,punjab,17-06-2023,1231.62,1448.97
cauliflower,punjab,15-07-2023,1273.36,1498.07
cauliflower,punjab,12-08-2023,1236.19,1454.34
cauliflower,punjab,09-09-2023,1331.82,1566.85
cauliflower,punjab,07-10-2023,1343.86,1581.01
cauliflower,punjab,04-11-2023,1326.36,1560.42
cauliflower,punjab,02-12-2023,1344.76,1582.07
cauliflower,punjab,30-12-2023,1225.66,1441.95
cauliflower,punjab,27-01-2024,1131.27,1330.9
cauliflower,punjab,24-02-2024,1246.98,1467.03
cauliflower,punjab,23-03-2024,1175.14,1382.52
cauliflower,punjab,20-04-2024,1230.76,1447.95
cauliflower,punjab,18-05-2024,1261.81,1484.48
cauliflower,punjab,15-06-2024,1294.41,1522.84
cauliflower,punjab,13-07-2024,1253.78,1475.04
cauliflower,punjab,10-08-2024,1343.55,1580.65
cauliflower,punjab,07-09-2024,1248.77,1469.14
cauliflower,punjab,05-10-2024,1292.02,1520.02
cauliflower,punjab,02-11-2024,1318.66,1551.37
cauliflower,punjab,30-11-2024,1290.7,1518.47
cauliflower,punjab,28-12-2024,1226.69,1443.16
cauliflower,punjab,25-01-2025,1150.57,1353.61
cauliflower,punjab,22-02-2025,1171.71,1378.48
cauliflower,punjab,22-03-2025,1228.73,1445.57
cauliflower,punjab,19-04-2025,1266.68,1490.21
cauliflower,punjab,17-05-2025,1287.53,1514.74
cauliflower,punjab,14-06-2025,1221.14,1436.64
cauliflower,punjab,12-07-2025,1217.23,1432.04
cauliflower,punjab,09-08-2025,1262.44,1485.22
cauliflower,punjab,06-09-2025,1361.31,1601.54
cauliflower,punjab,04-10-2025,1359.99,1599.99
cauliflower,haryana,01-01-2022,1064.95,1252.88
cauliflower,haryana,29-01-2022,1069.45,1258.18
cauliflower,haryana,26-02-2022,1135.69,1336.11
cauliflower,haryana,26-03-2022,1133.34,1333.34
cauliflower,haryana,23-04-2022,1148.07,1350.67
cauliflower,haryana,21-05-2022,1160.33,1365.09
cauliflower,haryana,18-06-2022,1187.64,1397.22
cauliflower,haryana,16-07-2022,1097.52,1291.2
cauliflower,haryana,13-08-2022,1161.19,1366.11
cauliflower,haryana,10-09-2022,1140.01,1341.19
cauliflower,haryana,08-10-2022,1152.84,1356.28
cauliflower,haryana,05-11-2022,1242.05,1461.24
cauliflower,haryana,03-12-2022,1194.17,1404.91
cauliflower,haryana,31-12-2022,1101.1,1295.41
cauliflower,haryana,28-01-2023,1026.5,1207.65
cauliflower,haryana,25-02-2023,1121.31,1319.19
cauliflower,haryana,25-03-2023,1124.83,1323.33
cauliflower,haryana,22-04-2023,1159.96,1364.66
cauliflower,haryana,20-05-2023,1099.67,1293.73
cauliflower,haryana,17-06-2023,1183.74,1392.64
cauliflower,haryana,15-07-2023,1148.98,1351.74
cauliflower,haryana,12-08-2023,1198.75,1410.29
cauliflower,haryana,09-09-2023,1132.76,1332.66
cauliflower,haryana,07-10-2023,1242.78,1462.09
cauliflower,haryana,04-11-2023,1223.37,1439.26
cauliflower,haryana,02-12-2023,1242.74,1462.05
cauliflower,haryana,30-12-2023,1041.71,1225.54
cauliflower,haryana,27-01-2024,1048.19,1233.16
cauliflower,haryana,24-02-2024,1044.29,1228.58
cauliflower,haryana,23-03-2024,1131.92,1331.67
cauliflower,haryana,20-04-2024,1124.82,1323.32
cauliflower,haryana,18-05-2024,1167.66,1373.72
cauliflower,haryana,15-06-2024,1188.6,1398.35
cauliflower,haryana,13-07-2024,1101.4,1295.77
cauliflower,haryana,10-08-2024,1150.17,1353.14
cauliflower,haryana,07-09-2024,1184.67,1393.73
cauliflower,haryana,05-10-2024,1197.39,1408.69
cauliflower,haryana,02-11-2024,1256.95,1478.76
cauliflower,haryana,30-11-2024,1177.27,1385.02
cauliflower,haryana,28-12-2024,1079.53,1270.03
cauliflower,haryana,25-01-2025,1087.76,1279.72
cauliflower,haryana,22-02-2025,1069.69,1258.46
cauliflower,haryana,22-03-2025,1141.33,1342.74
cauliflower,haryana,19-04-2025,1065.06,1253.01
cauliflower,haryana,17-05-2025,1088.03,1280.03
cauliflower,haryana,14-06-2025,1151.33,1354.51
cauliflower,haryana,12-07-2025,1188.21,1397.89
cauliflower,haryana,09-08-2025,1176.43,1384.04
cauliflower,haryana,06-09-2025,1201.95,1414.06
cauliflower,haryana,04-10-2025,1179.31,1387.42
cauliflower,uttarpradesh,01-01-2022,1377.5,1620.59
cauliflower,uttarpradesh,29-01-2022,1390.83,1636.27
cauliflower,uttarpradesh,26-02-2022,1444.4,1699.29
cauliflower,uttarpradesh,26-03-2022,1495.92,1759.91
cauliflower,uttarpradesh,23-04-2022,1544.61,1817.19
cauliflower,uttarpradesh,21-05-2022,1493.89,1757.52
cauliflower,uttarpradesh,18-06-2022,1532.88,1803.39
cauliflower,uttarpradesh,16-07-2022,1523.75,1792.65
cauliflower,uttarpradesh,13-08-2022,1590.49,1871.16
cauliflower,uttarpradesh,10-09-2022,1499.96,1764.66
cauliflower,uttarpradesh,08-10-2022,1534.21,1804.95
cauliflower,uttarpradesh,05-11-2022,1542.21,1814.36
cauliflower,uttarpradesh,03-12-2022,1551.99,1825.87
cauliflower,uttarpradesh,31-12-2022,1344.46,1581.72
cauliflower,uttarpradesh,28-01-2023,1430.21,1682.6
cauliflower,uttarpradesh,25-02-2023,1510.63,1777.21
cauliflower,uttarpradesh,25-03-2023,1394.02,1640.02
cauliflower,uttarpradesh,22-04-2023,1507.61,1773.66
cauliflower,uttarpradesh,20-05-2023,1568.25,1845.0
cauliflower,uttarpradesh,17-06-2023,1521.62,1790.14
cauliflower,uttarpradesh,15-07-2023,1578.25,1856.77
cauliflower,uttarpradesh,12-08-2023,1586.36,1866.3
cauliflower,uttarpradesh,09-09-2023,1495.85,1759.82
cauliflower,uttarpradesh,07-10-2023,1649.84,1940.99
cauliflower,uttarpradesh,04-11-2023,1677.69,1973.75
cauliflower,uttarpradesh,02-12-2023,1550.04,1823.58
cauliflower,uttarpradesh,30-12-2023,1458.23,1715.57
cauliflower,uttarpradesh,27-01-2024,1477.55,1738.29
cauliflower,uttarpradesh,24-02-2024,1441.16,1695.48
cauliflower,uttarpradesh,23-03-2024,1489.22,1752.02
cauliflower,uttarpradesh,20-04-2024,1522.55,1791.23
cauliflower,uttarpradesh,18-05-2024,1560.77,1836.2
cauliflower,uttarpradesh,15-06-2024,1528.5,1798.24
cauliflower,uttarpradesh,13-07-2024,1508.61,1774.84
cauliflower,uttarpradesh,10-08-2024,1562.35,1838.06
cauliflower,uttarpradesh,07-09-2024,1585.04,1864.75
cauliflower,uttarpradesh,05-10-2024,1544.59,1817.16
cauliflower,uttarpradesh,02-11-2024,1578.24,1856.75
cauliflower,uttarpradesh,30-11-2024,1634.92,1923.44
cauliflower,uttarpradesh,28-12-2024,1441.35,1695.71
cauliflower,uttarpradesh,25-01-2025,1482.46,1744.07
cauliflower,uttarpradesh,22-02-2025,1386.99,1631.75
cauliflower,uttarpradesh,22-03-2025,1402.79,1650.34
cauliflower,uttarpradesh,19-04-2025,1430.52,1682.97
cauliflower,uttarpradesh,17-05-2025,1556.7,1831.41
cauliflower,uttarpradesh,14-06-2025,1581.04,1860.05
cauliflower,uttarpradesh,12-07-2025,1569.24,1846.16
cauliflower,uttarpradesh,09-08-2025,1510.01,1776.48
cauliflower,uttarpradesh,06-09-2025,1575.35,1853.35
cauliflower,uttarpradesh,04-10-2025,1533.49,1804.11
cauliflower,madhyapradesh,01-01-2022,1085.82,1277.43
cauliflower,madhyapradesh,29-01-2022,1024.26,1205.01
cauliflower,madhyapradesh,26-02-2022,1032.95,1215.23
cauliflower,madhyapradesh,26-03-2022,1052.38,1238.1
cauliflower,madhyapradesh,23-04-2022,1120.4,1318.12
cauliflower,madhyapradesh,21-05-2022,1134.38,1334.56
cauliflower,madhyapradesh,18-06-2022,1099.87,1293.96
cauliflower,madhyapradesh,16-07-2022,1183.12,1391.91
cauliflower,madhyapradesh,13-08-2022,1139.44,1340.52
cauliflower,madhyapradesh,10-09-2022,1219.49,1434.69
cauliflower,madhyapradesh,08-10-2022,1227.35,1443.94
cauliflower,madhyapradesh,05-11-2022,1220.84,1436.28
cauliflower,madhyapradesh,03-12-2022,1145.22,1347.32
cauliflower,madhyapradesh,31-12-2022,1052.52,1238.26
cauliflower,madhyapradesh,28-01-2023,1029.13,1210.74
cauliflower,madhyapradesh,25-02-2023,1125.69,1324.34
cauliflower,madhyapradesh,25-03-2023,1065.25,1253.23
cauliflower,madhyapradesh,22-04-2023,1094.39,1287.52
cauliflower,madhyapradesh,20-05-2023,1158.85,1363.35
cauliflower,madhyapradesh,17-06-2023,1072.58,1261.86
cauliflower,madhyapradesh,15-07-2023,1140.16,1341.37
cauliflower,madhyapradesh,12-08-2023,1155.13,1358.98
cauliflower,madhyapradesh,09-09-2023,1167.07,1373.02
cauliflower,madhyapradesh,07-10-2023,1188.59,1398.34
cauliflower,madhyapradesh,04-11-2023,1172.03,1378.86
cauliflower,madhyapradesh,02-12-2023,1177.69,1385.52
cauliflower,madhyapradesh,30-12-2023,998.14,1174.28
cauliflower,madhyapradesh,27-01-2024,1026.02,1207.08
cauliflower,madhyapradesh,24-02-2024,1113.23,1309.68
cauliflower,madhyapradesh,23-03-2024,1099.98,1294.1
cauliflower,madhyapradesh,20-04-2024,1087.2,1279.06
cauliflower,madhyapradesh,18-05-2024,1114.6,1311.29
cauliflower,madhyapradesh,15-06-2024,1109.86,1305.72
cauliflower,madhyapradesh,13-07-2024,1152.69,1356.11
cauliflower,madhyapradesh,10-08-2024,1196.22,1407.32
cauliflower,madhyapradesh,07-09-2024,1129.86,1329.25
cauliflower,madhyapradesh,05-10-2024,1200.59,1412.46
cauliflower,madhyapradesh,02-11-2024,1191.84,1402.17
cauliflower,madhyapradesh,30-11-2024,1220.23,1435.57
cauliflower,madhyapradesh,28-12-2024,1090.7,1283.18
cauliflower,madhyapradesh,25-01-2025,1050.55,1235.94
cauliflower,madhyapradesh,22-02-2025,1088.99,1281.17
cauliflower,madhyapradesh,22-03-2025,1055.98,1242.33
cauliflower,madhyapradesh,19-04-2025,1149.95,1352.88
cauliflower,madhyapradesh,17-05-2025,1124.64,1323.11
cauliflower,madhyapradesh,14-06-2025,1106.16,1301.37
cauliflower,madhyapradesh,12-07-2025,1109.5,1305.29
cauliflower,madhyapradesh,09-08-2025,1116.67,1313.73
cauliflower,madhyapradesh,06-09-2025,1215.19,1429.64
cauliflower,madhyapradesh,04-10-2025,1176.1,1383.65
cauliflower,westbengal,01-01-2022,1377.6,1620.7
cauliflower,westbengal,29-01-2022,1423.47,1674.67
cauliflower,westbengal,26-02-2022,1411.03,1660.03
cauliflower,westbengal,26-03-2022,1467.37,1726.32
cauliflower,westbengal,23-04-2022,1555.0,1829.41
cauliflower,westbengal,21-05-2022,1492.19,1755.52
cauliflower,westbengal,18-06-2022,1469.0,1728.24
cauliflower,westbengal,16-07-2022,1598.6,1880.7
cauliflower,westbengal,13-08-2022,1510.96,1777.6
cauliflower,westbengal,10-09-2022,1610.62,1894.85
cauliflower,westbengal,08-10-2022,1615.63,1900.74
cauliflower,westbengal,05-11-2022,1691.08,1989.51
cauliflower,westbengal,03-12-2022,1582.31,1861.54
cauliflower,westbengal,31-12-2022,1395.54,1641.81
cauliflower,westbengal,28-01-2023,1381.97,1625.85
cauliflower,westbengal,25-02-2023,1523.64,1792.52
cauliflower,westbengal,25-03-2023,1546.77,1819.73
cauliflower,westbengal,22-04-2023,1537.45,1808.77
cauliflower,westbengal,20-05-2023,1472.35,1732.18
cauliflower,westbengal,17-06-2023,1479.42,1740.49
cauliflower,westbengal,15-07-2023,1522.34,1790.99
cauliflower,westbengal,12-08-2023,1608.77,1892.67
cauliflower,westbengal,09-09-2023,1618.09,1903.63
cauliflower,westbengal,07-10-2023,1588.28,1868.57
cauliflower,westbengal,04-11-2023,1611.36,1895.72
cauliflower,westbengal,02-12-2023,1633.52,1921.79
cauliflower,westbengal,30-12-2023,1457.48,1714.68
cauliflower,westbengal,27-01-2024,1393.93,1639.92
cauliflower,westbengal,24-02-2024,1448.3,1703.88
cauliflower,westbengal,23-03-2024,1527.77,1797.38
cauliflower,westbengal,20-04-2024,1530.58,1800.68
cauliflower,westbengal,18-05-2024,1539.89,1811.63
cauliflower,westbengal,15-06-2024,1602.39,1885.17
cauliflower,westbengal,13-07-2024,1479.7,1740.82
cauliflower,westbengal,10-08-2024,1549.1,1822.47
cauliflower,westbengal,07-09-2024,1560.05,1835.35
cauliflower,westbengal,05-10-2024,1565.34,1841.58
cauliflower,westbengal,02-11-2024,1624.09,1910.69
cauliflower,westbengal,30-11-2024,1663.53,1957.1
cauliflower,westbengal,28-12-2024,1433.38,1686.33
cauliflower,westbengal,25-01-2025,1385.7,1630.23
cauliflower,westbengal,22-02-2025,1418.51,1668.83
cauliflower,westbengal,22-03-2025,1421.3,1672.12
cauliflower,westbengal,19-04-2025,1520.39,1788.7
cauliflower,westbengal,17-05-2025,1554.45,1828.77
cauliflower,westbengal,14-06-2025,1462.37,1720.44
cauliflower,westbengal,12-07-2025,1515.35,1782.76
cauliflower,westbengal,09-08-2025,1573.79,1851.52
cauliflower,westbengal,06-09-2025,1641.85,1931.59
cauliflower,westbengal,04-10-2025,1636.75,1925.59
cauliflower,bihar,01-01-2022,1150.13,1353.1
cauliflower,bihar,29-01-2022,1081.51,1272.37
cauliflower,bihar,26-02-2022,1182.43,1391.1
cauliflower,bihar,26-03-2022,1109.39,1305.17
cauliflower,bihar,23-04-2022,1208.68,1421.98
cauliflower,bihar,21-05-2022,1217.51,1432.36
cauliflower,bihar,18-06-2022,1182.69,1391.4
cauliflower,bihar,16-07-2022,1187.19,1396.7
cauliflower,bihar,13-08-2022,1245.77,1465.61
cauliflower,bihar,10-09-2022,1287.26,1514.42
cauliflower,bihar,08-10-2022,1280.1,1506.0
cauliflower,bihar,05-11-2022,1272.38,1496.92
cauliflower,bihar,03-12-2022,1328.8,1563.3
cauliflower,bihar,31-12-2022,1119.43,1316.98
cauliflower,bihar,28-01-2023,1132.53,1332.39
cauliflower,bihar,25-02-2023,1198.53,1410.04
cauliflower,bihar,25-03-2023,1132.93,1332.86
cauliflower,bihar,22-04-2023,1112.68,1309.03
cauliflower,bihar,20-05-2023,1215.31,1429.78
cauliflower,bihar,17-06-2023,1151.26,1354.42
cauliflower,bihar,15-07-2023,1190.91,1401.07
cauliflower,bihar,12-08-2023,1232.71,1450.25
cauliflower,bihar,09-09-2023,1184.98,1394.1
cauliflower,bihar,07-10-2023,1229.71,1446.72
cauliflower,bihar,04-11-2023,1242.89,1462.22
cauliflower,bihar,02-12-2023,1234.47,1452.32
cauliflower,bihar,30-12-2023,1152.13,1355.45
cauliflower,bihar,27-01-2024,1072.17,1261.38
cauliflower,bihar,24-02-2024,1176.05,1383.59
cauliflower,bihar,23-03-2024,1119.02,1316.5
cauliflower,bihar,20-04-2024,1220.29,1435.64
cauliflower,bihar,18-05-2024,1233.32,1450.96
cauliflower,bihar,15-06-2024,1197.74,1409.11
cauliflower,bihar,13-07-2024,1228.67,1445.49
cauliflower,bihar,10-08-2024,1223.41,1439.31
cauliflower,bihar,07-09-2024,1280.87,1506.9
cauliflower,bihar,05-10-2024,1256.22,1477.91
cauliflower,bihar,02-11-2024,1302.5,1532.35
cauliflower,bihar,30-11-2024,1340.34,1576.87
cauliflower,bihar,28-12-2024,1129.95,1329.35
cauliflower,bihar,25-01-2025,1103.86,1298.66
cauliflower,bihar,22-02-2025,1184.69,1393.75
cauliflower,bihar,22-03-2025,1185.08,1394.21
cauliflower,bihar,19-04-2025,1202.39,1414.58
cauliflower,bihar,17-05-2025,1138.96,1339.95
cauliflower,bihar,14-06-2025,1190.26,1400.31
cauliflower,bihar,12-07-2025,1166.98,1372.92
cauliflower,bihar,09-08-2025,1200.83,1412.74
cauliflower,bihar,06-09-2025,1200.08,1411.86
cauliflower,bihar,04-10-2025,1267.48,1491.15
cauliflower,odisha,01-01-2022,1378.18,1621.39
cauliflower,odisha,29-01-2022,1354.47,1593.49
cauliflower,odisha,26-02-2022,1361.24,1601.46
cauliflower,odisha,26-03-2022,1393.34,1639.22
cauliflower,odisha,23-04-2022,1427.94,1679.93
cauliflower,odisha,21-05-2022,1409.3,1658.0
cauliflower,odisha,18-06-2022,1458.69,1716.11
cauliflower,odisha,16-07-2022,1525.0,1794.12
cauliflower,odisha,13-08-2022,1530.32,1800.38
cauliflower,odisha,10-09-2022,1588.39,1868.7
cauliflower,odisha,08-10-2022,1499.65,1764.29
cauliflower,odisha,05-11-2022,1614.07,1898.91
cauliflower,odisha,03-12-2022,1664.45,1958.18
cauliflower,odisha,31-12-2022,1444.88,1699.86
cauliflower,odisha,28-01-2023,1413.94,1663.46
cauliflower,odisha,25-02-2023,1473.09,1733.05
cauliflower,odisha,25-03-2023,1491.59,1754.81
cauliflower,odisha,22-04-2023,1396.55,1643.0
cauliflower,odisha,20-05-2023,1526.99,1796.46
cauliflower,odisha,17-06-2023,1482.88,1744.56
cauliflower,odisha,15-07-2023,1557.23,1832.03
cauliflower,odisha,12-08-2023,1511.16,1777.83
cauliflower,odisha,09-09-2023,1559.64,1834.87
cauliflower,odisha,07-10-2023,1634.44,1922.87
cauliflower,odisha,04-11-2023,1542.29,1814.46
cauliflower,odisha,02-12-2023,1625.06,1911.84
cauliflower,odisha,30-12-2023,1331.07,1565.97
cauliflower,odisha,27-01-2024,1356.72,1596.14
cauliflower,odisha,24-02-2024,1449.84,1705.69
cauliflower,odisha,23-03-2024,1382.96,1627.01
cauliflower,odisha,20-04-2024,1463.46,1721.72
cauliflower,odisha,18-05-2024,1408.27,1656.79
cauliflower,odisha,15-06-2024,1546.79,1819.75
cauliflower,odisha,13-07-2024,1496.42,1760.5
cauliflower,odisha,10-08-2024,1452.38,1708.68
cauliflower,odisha,07-09-2024,1571.79,1849.16
cauliflower,odisha,05-10-2024,1508.28,1774.45
cauliflower,odisha,02-11-2024,1498.83,1763.33
cauliflower,odisha,30-11-2024,1515.79,1783.28
cauliflower,odisha,28-12-2024,1447.55,1703.0
cauliflower,odisha,25-01-2025,1439.17,1693.14
cauliflower,odisha,22-02-2025,1427.23,1679.09
cauliflower,odisha,22-03-2025,1394.82,1640.97
cauliflower,odisha,19-04-2025,1441.11,1695.42
cauliflower,odisha,17-05-2025,1528.5,1798.24
cauliflower,odisha,14-06-2025,1416.88,1666.92
cauliflower,odisha,12-07-2025,1528.03,1797.68
cauliflower,odisha,09-08-2025,1499.01,1763.54
cauliflower,odisha,06-09-2025,1493.31,1756.83
cauliflower,odisha,04-10-2025,1520.17,1788.43
brinjal,karnataka,01-01-2022,2281.25,2683.82
brinjal,karnataka,29-01-2022,2422.36,2849.84
brinjal,karnataka,26-02-2022,2506.38,2948.68
brinjal,karnataka,26-03-2022,2443.98,2875.27
brinjal,karnataka,23-04-2022,2377.08,2796.57
brinjal,karnataka,21-05-2022,2469.09,2904.81
brinjal,karnataka,18-06-2022,2596.91,3055.19
brinjal,karnataka,16-07-2022,2464.13,2898.98
brinjal,karnataka,13-08-2022,2648.95,3116.41
brinjal,karnataka,10-09-2022,2676.11,3148.37
brinjal,karnataka,08-10-2022,2520.35,2965.12
brinjal,karnataka,05-11-2022,2651.87,3119.85
brinjal,karnataka,03-12-2022,2703.29,3180.34
brinjal,karnataka,31-12-2022,2327.47,2738.2
brinjal,karnataka,28-01-2023,2449.14,2881.34
brinjal,karnataka,25-02-2023,2463.38,2898.09
brinjal,karnataka,25-03-2023,2536.46,2984.07
brinjal,karnataka,22-04-2023,2548.32,2998.02
brinjal,karnataka,20-05-2023,2409.18,2834.33
brinjal,karnataka,17-06-2023,2532.8,2979.77
brinjal,karnataka,15-07-2023,2647.23,3114.39
brinjal,karnataka,12-08-2023,2675.66,3147.84
brinjal,karnataka,09-09-2023,2606.86,3066.89
brinjal,karnataka,07-10-2023,2739.24,3222.64
brinjal,karnataka,04-11-2023,2711.05,3189.47
brinjal,karnataka,02-12-2023,2797.26,3290.89
brinjal,karnataka,30-12-2023,2273.96,2675.25
brinjal,karnataka,27-01-2024,2447.23,2879.09
brinjal,karnataka,24-02-2024,2379.61,2799.54
brinjal,karnataka,23-03-2024,2491.09,2930.7
brinjal,karnataka,20-04-2024,2461.68,2896.09
brinjal,karnataka,18-05-2024,2523.12,2968.38
brinjal,karnataka,15-06-2024,2615.29,3076.81
brinjal,karnataka,13-07-2024,2666.07,3136.55
brinjal,karnataka,10-08-2024,2683.66,3157.25
brinjal,karnataka,07-09-2024,2671.61,3143.07
brinjal,karnataka,05-10-2024,2706.3,3183.88
brinjal,karnataka,02-11-2024,2578.83,3033.92
brinjal,karnataka,30-11-2024,2681.98,3155.27
brinjal,karnataka,28-12-2024,2284.27,2687.38
brinjal,karnataka,25-01-2025,2384.96,2805.84
brinjal,karnataka,22-02-2025,2513.54,2957.11
brinjal,karnataka,22-03-2025,2335.92,2748.14
brinjal,karnataka,19-04-2025,2576.69,3031.4
brinjal,karnataka,17-05-2025,2412.31,2838.01
brinjal,karnataka,14-06-2025,2560.01,3011.78
brinjal,karnataka,12-07-2025,2622.15,3084.88
brinjal,karnataka,09-08-2025,2500.18,2941.39
brinjal,karnataka,06-09-2025,2534.92,2982.26
brinjal,karnataka,04-10-2025,2664.34,3134.52
brinjal,tamilnadu,01-01-2022,1971.45,2319.35
brinjal,tamilnadu,29-01-2022,1989.59,2340.69
brinjal,tamilnadu,26-02-2022,2107.22,2479.08
brinjal,tamilnadu,26-03-2022,2006.27,2360.32
brinjal,tamilnadu,23-04-2022,1996.9,2349.29
brinjal,tamilnadu,21-05-2022,2135.42,2512.26
brinjal,tamilnadu,18-06-2022,2158.63,2539.56
brinjal,tamilnadu,16-07-2022,2041.7,2402.0
brinjal,tamilnadu,13-08-2022,2154.43,2534.62
brinjal,tamilnadu,10-09-2022,2229.4,2622.82
brinjal,tamilnadu,08-10-2022,2266.76,2666.78
brinjal,tamilnadu,05-11-2022,2331.36,2742.78
brinjal,tamilnadu,03-12-2022,2148.99,2528.22
brinjal,tamilnadu,31-12-2022,2052.36,2414.54
brinjal,tamilnadu,28-01-2023,1984.45,2334.65
brinjal,tamilnadu,25-02-2023,1989.45,2340.53
brinjal,tamilnadu,25-03-2023,2067.64,2432.52
brinjal,tamilnadu,22-04-2023,2045.47,2406.44
brinjal,tamilnadu,20-05-2023,2112.89,2485.75
brinjal,tamilnadu,17-06-2023,2083.05,2450.65
brinjal,tamilnadu,15-07-2023,2152.44,2532.28
brinjal,tamilnadu,12-08-2023,2052.81,2415.07
brinjal,tamilnadu,09-09-2023,2271.02,2671.79
brinjal,tamilnadu,07-10-2023,2216.85,2608.06
brinjal,tamilnadu,04-11-2023,2143.68,2521.98
brinjal,tamilnadu,02-12-2023,2292.19,2696.7
brinjal,tamilnadu,30-12-2023,1917.62,2256.02
brinjal,tamilnadu,27-01-2024,2041.72,2402.02
brinjal,tamilnadu,24-02-2024,2036.86,2396.3
brinjal,tamilnadu,23-03-2024,2030.26,2388.54
brinjal,tamilnadu,20-04-2024,2050.03,2411.8
brinjal,tamilnadu,18-05-2024,2067.12,2431.91
brinjal,tamilnadu,15-06-2024,2102.13,2473.1
brinjal,tamilnadu,13-07-2024,2135.61,2512.48
brinjal,tamilnadu,10-08-2024,2075.35,2441.59
brinjal,tamilnadu,07-09-2024,2286.54,2690.05
brinjal,tamilnadu,05-10-2024,2190.52,2577.08
brinjal,tamilnadu,02-11-2024,2311.77,2719.73
brinjal,tamilnadu,30-11-2024,2289.73,2693.8
brinjal,tamilnadu,28-12-2024,1971.53,2319.45
brinjal,tamilnadu,25-01-2025,1948.0,2291.76
brinjal,tamilnadu,22-02-2025,2044.82,2405.67
brinjal,tamilnadu,22-03-2025,1971.41,2319.31
brinjal,tamilnadu,19-04-2025,2097.64,2467.81
brinjal,tamilnadu,17-05-2025,2188.3,2574.47
brinjal,tamilnadu,14-06-2025,2178.37,2562.79
brinjal,tamilnadu,12-07-2025,2060.35,2423.94
brinjal,tamilnadu,09-08-2025,2135.84,2512.75
brinjal,tamilnadu,06-09-2025,2155.23,2535.56
brinjal,tamilnadu,04-10-2025,2308.52,2715.91
brinjal,andhrapradesh,01-01-2022,2202.67,2591.38
brinjal,andhrapradesh,29-01-2022,2181.94,2566.99
brinjal,andhrapradesh,26-02-2022,2368.49,2786.46
brinjal,andhrapradesh,26-03-2022,2329.09,2740.1
brinjal,andhrapradesh,23-04-2022,2244.66,2640.78
brinjal,andhrapradesh,21-05-2022,2325.66,2736.07
brinjal,andhrapradesh,18-06-2022,2324.33,2734.51
brinjal,andhrapradesh,16-07-2022,2451.28,2883.86
brinjal,andhrapradesh,13-08-2022,2473.63,2910.15
brinjal,andhrapradesh,10-09-2022,2575.53,3030.04
brinjal,andhrapradesh,08-10-2022,2421.8,2849.18
brinjal,andhrapradesh,05-11-2022,2490.13,2929.56
brinjal,andhrapradesh,03-12-2022,2588.2,3044.94
brinjal,andhrapradesh,31-12-2022,2266.56,2666.54
brinjal,andhrapradesh,28-01-2023,2285.16,2688.42
brinjal,andhrapradesh,25-02-2023,2171.87,2555.14
brinjal,andhrapradesh,25-03-2023,2298.94,2704.63
brinjal,andhrapradesh,22-04-2023,2292.31,2696.84
brinjal,andhrapradesh,20-05-2023,2281.35,2683.94
brinjal,andhrapradesh,17-06-2023,2481.82,2919.79
brinjal,andhrapradesh,15-07-2023,2307.29,2714.46
brinjal,andhrapradesh,12-08-2023,2393.97,2816.43
brinjal,andhrapradesh,09-09-2023,2472.44,2908.75
brinjal,andhrapradesh,07-10-2023,2572.76,3026.78
brinjal,andhrapradesh,04-11-2023,2511.89,2955.16
brinjal,andhrapradesh,02-12-2023,2585.11,3041.3
brinjal,andhrapradesh,30-12-2023,2339.17,2751.97
brinjal,andhrapradesh,27-01-2024,2157.6,2538.35
brinjal,andhrapradesh,24-02-2024,2269.82,2670.38
brinjal,andhrapradesh,23-03-2024,2339.26,2752.07
brinjal,andhrapradesh,20-04-2024,2335.96,2748.19
brinjal,andhrapradesh,18-05-2024,2382.18,2802.57
brinjal,andhrapradesh,15-06-2024,2407.95,2832.88
brinjal,andhrapradesh,13-07-2024,2446.09,2877.75
brinjal,andhrapradesh,10-08-2024,2403.49,2827.64
brinjal,andhrapradesh,07-09-2024,2523.13,2968.39
brinjal,andhrapradesh,05-10-2024,2444.96,2876.42
brinjal,andhrapradesh,02-11-2024,2496.66,2937.25
brinjal,andhrapradesh,30-11-2024,2592.17,3049.61
brinjal,andhrapradesh,28-12-2024,2244.23,2640.27
brinjal,andhrapradesh,25-01-2025,2234.92,2629.32
brinjal,andhrapradesh,22-02-2025,2187.0,2572.94
brinjal,andhrapradesh,22-03-2025,2313.9,2722.24
brinjal,andhrapradesh,19-04-2025,2410.43,2835.8
brinjal,andhrapradesh,17-05-2025,2438.9,2869.29
brinjal,andhrapradesh,14-06-2025,2478.31,2915.66
brinjal,andhrapradesh,12-07-2025,2329.12,2740.14
brinjal,andhrapradesh,09-08-2025,2441.49,2872.34
brinjal,andhrapradesh,06-09-2025,2426.28,2854.45
brinjal,andhrapradesh,04-10-2025,2495.95,2936.41
brinjal,telangana,01-01-2022,2666.64,3137.22
brinjal,telangana,29-01-2022,2715.07,3194.2
brinjal,telangana,26-02-2022,2799.3,3293.29
brinjal,telangana,26-03-2022,2897.13,3408.39
brinjal,telangana,23-04-2022,2732.42,3214.61
brinjal,telangana,21-05-2022,2843.74,3345.58
brinjal,telangana,18-06-2022,2992.31,3520.37
brinjal,telangana,16-07-2022,2955.55,3477.12
brinjal,telangana,13-08-2022,2909.47,3422.9
brinjal,telangana,10-09-2022,2957.78,3479.74
brinjal,telangana,08-10-2022,3136.07,3689.5
brinjal,telangana,05-11-2022,2978.1,3503.65
brinjal,telangana,03-12-2022,3158.2,3715.53
brinjal,telangana,31-12-2022,2792.03,3284.74
brinjal,telangana,28-01-2023,2845.95,3348.18
brinjal,telangana,25-02-2023,2728.53,3210.04
brinjal,telangana,25-03-2023,2717.96,3197.6
brinjal,telangana,22-04-2023,2939.72,3458.5
brinjal,telangana,20-05-2023,3018.08,3550.68
brinjal,telangana,17-06-2023,2814.0,3310.59
brinjal,telangana,15-07-2023,2839.45,3340.53
brinjal,telangana,12-08-2023,2967.1,3490.71
brinjal,telangana,09-09-2023,2982.09,3508.34
brinjal,telangana,07-10-2023,2982.98,3509.39
brinjal,telangana,04-11-2023,3112.17,3661.38
brinjal,telangana,02-12-2023,2977.92,3503.44
brinjal,telangana,30-12-2023,2801.15,3295.47
brinjal,telangana,27-01-2024,2654.86,3123.36
brinjal,telangana,24-02-2024,2786.28,3277.98
brinjal,telangana,23-03-2024,2740.94,3224.64
brinjal,telangana,20-04-2024,2849.96,3352.89
brinjal,telangana,18-05-2024,2955.8,3477.41
brinjal,telangana,15-06-2024,2766.4,3254.59
brinjal,telangana,13-07-2024,3056.75,3596.18
brinjal,telangana,10-08-2024,3001.21,3530.83
brinjal,telangana,07-09-2024,2919.78,3435.04
brinjal,telangana,05-10-2024,3097.5,3644.12
brinjal,telangana,02-11-2024,2939.44,3458.16
brinjal,telangana,30-11-2024,3109.13,3657.8
brinjal,telangana,28-12-2024,2754.25,3240.29
brinjal,telangana,25-01-2025,2754.08,3240.09
brinjal,telangana,22-02-2025,2703.62,3180.73
brinjal,telangana,22-03-2025,2837.16,3337.83
brinjal,telangana,19-04-2025,2836.77,3337.38
brinjal,telangana,17-05-2025,2974.0,3498.82
brinjal,telangana,14-06-2025,2982.73,3509.1
brinjal,telangana,12-07-2025,2829.57,3328.9
brinjal,telangana,09-08-2025,2934.02,3451.79
brinjal,telangana,06-09-2025,3159.13,3716.62
brinjal,telangana,04-10-2025,2966.74,3490.28
brinjal,kerala,01-01-2022,2100.21,2470.84
brinjal,kerala,29-01-2022,2091.48,2460.56
brinjal,kerala,26-02-2022,2143.36,2521.6
brinjal,kerala,26-03-2022,1988.65,2339.59
brinjal,kerala,23-04-2022,2047.47,2408.79
brinjal,kerala,21-05-2022,2171.38,2554.56
brinjal,kerala,18-06-2022,2205.62,2594.85
brinjal,kerala,16-07-2022,2239.85,2635.12
brinjal,kerala,13-08-2022,2186.84,2572.75
brinjal,kerala,10-09-2022,2253.82,2651.55
brinjal,kerala,08-10-2022,2341.71,2754.95
brinjal,kerala,05-11-2022,2305.34,2712.17
brinjal,kerala,03-12-2022,2341.85,2755.12
brinjal,kerala,31-12-2022,1910.9,2248.12
brinjal,kerala,28-01-2023,2128.06,2503.6
brinjal,kerala,25-02-2023,2028.58,2386.56
brinjal,kerala,25-03-2023,2039.8,2399.76
brinjal,kerala,22-04-2023,2120.22,2494.38
brinjal,kerala,20-05-2023,2190.06,2576.54
brinjal,kerala,17-06-2023,2091.54,2460.63
brinjal,kerala,15-07-2023,2169.67,2552.55
brinjal,kerala,12-08-2023,2217.32,2608.61
brinjal,kerala,09-09-2023,2310.21,2717.89
brinjal,kerala,07-10-2023,2369.05,2787.12
brinjal,kerala,04-11-2023,2267.8,2668.0
brinjal,kerala,02-12-2023,2324.41,2734.6
brinjal,kerala,30-12-2023,2008.35,2362.77
brinjal,kerala,27-01-2024,2028.77,2386.79
brinjal,kerala,24-02-2024,2103.4,2474.59
brinjal,kerala,23-03-2024,1982.87,2332.79
brinjal,kerala,20-04-2024,2027.55,2385.35
brinjal,kerala,18-05-2024,2127.1,2502.47
brinjal,kerala,15-06-2024,2139.64,2517.22
brinjal,kerala,13-07-2024,2214.3,2605.06
brinjal,kerala,10-08-2024,2105.49,2477.05
brinjal,kerala,07-09-2024,2146.81,2525.66
brinjal,kerala,05-10-2024,2314.76,2723.25
brinjal,kerala,02-11-2024,2266.82,2666.85
brinjal,kerala,30-11-2024,2398.06,2821.25
brinjal,kerala,28-12-2024,1932.1,2273.06
brinjal,kerala,25-01-2025,1978.17,2327.26
brinjal,kerala,22-02-2025,2144.12,2522.5
brinjal,kerala,22-03-2025,2041.93,2402.27
brinjal,kerala,19-04-2025,2206.86,2596.3
brinjal,kerala,17-05-2025,2054.46,2417.01
brinjal,kerala,14-06-2025,2178.67,2563.14
brinjal,kerala,12-07-2025,2083.43,2451.1
brinjal,kerala,09-08-2025,2204.64,2593.7
brinjal,kerala,06-09-2025,2270.15,2670.76
brinjal,kerala,04-10-2025,2360.96,2777.6
brinjal,maharashtra,01-01-2022,2470.77,2906.79
brinjal,maharashtra,29-01-2022,2475.06,2911.83
brinjal,maharashtra,26-02-2022,2397.67,2820.79
brinjal,maharashtra,26-03-2022,2408.83,2833.92
brinjal,maharashtra,23-04-2022,2372.56,2791.25
brinjal,maharashtra,21-05-2022,2426.71,2854.95
brinjal,maharashtra,18-06-2022,2617.24,3079.11
brinjal,maharashtra,16-07-2022,2477.27,2914.44
brinjal,maharashtra,13-08-2022,2712.39,3191.05
brinjal,maharashtra,10-09-2022,2664.4,3134.59
brinjal,maharashtra,08-10-2022,2647.63,3114.86
brinjal,maharashtra,05-11-2022,2688.18,3162.56
brinjal,maharashtra,03-12-2022,2673.46,3145.25
brinjal,maharashtra,31-12-2022,2351.45,2766.41
brinjal,maharashtra,28-01-2023,2321.49,2731.16
brinjal,maharashtra,25-02-2023,2534.8,2982.12
brinjal,maharashtra,25-03-2023,2379.31,2799.19
brinjal,maharashtra,22-04-2023,2514.43,2958.15
brinjal,maharashtra,20-05-2023,2474.54,2911.22
brinjal,maharashtra,17-06-2023,2473.97,2910.55
brinjal,maharashtra,15-07-2023,2610.8,3071.53
brinjal,maharashtra,12-08-2023,2647.19,3114.34
brinjal,maharashtra,09-09-2023,2619.16,3081.36
brinjal,maharashtra,07-10-2023,2539.23,2987.33
brinjal,maharashtra,04-11-2023,2693.89,3169.28
brinjal,maharashtra,02-12-2023,2718.4,3198.12
brinjal,maharashtra,30-12-2023,2342.76,2756.19
brinjal,maharashtra,27-01-2024,2408.54,2833.58
brinjal,maharashtra,24-02-2024,2473.07,2909.5
brinjal,maharashtra,23-03-2024,2414.93,2841.09
brinjal,maharashtra,20-04-2024,2511.52,2954.73
brinjal,maharashtra,18-05-2024,2542.24,2990.87
brinjal,maharashtra,15-06-2024,2502.18,2943.74
brinjal,maharashtra,13-07-2024,2472.0,2908.24
brinjal,maharashtra,10-08-2024,2689.97,3164.67
brinjal,maharashtra,07-09-2024,2564.4,3016.94
brinjal,maharashtra,05-10-2024,2591.41,3048.72
brinjal,maharashtra,02-11-2024,2561.12,3013.08
brinjal,maharashtra,30-11-2024,2813.74,3310.28
brinjal,maharashtra,28-12-2024,2480.33,2918.03
brinjal,maharashtra,25-01-2025,2347.68,2761.98
brinjal,maharashtra,22-02-2025,2483.73,2922.04
brinjal,maharashtra,22-03-2025,2388.5,2810.0
brinjal,maharashtra,19-04-2025,2404.3,2828.59
brinjal,maharashtra,17-05-2025,2599.65,3058.41
brinjal,maharashtra,14-06-2025,2648.14,3115.46
brinjal,maharashtra,12-07-2025,2461.69,2896.11
brinjal,maharashtra,09-08-2025,2668.33,3139.21
brinjal,maharashtra,06-09-2025,2607.25,3067.35
brinjal,maharashtra,04-10-2025,2706.84,3184.52
brinjal,gujarat,01-01-2022,2828.26,3327.37
brinjal,gujarat,29-01-2022,2626.75,3090.29
brinjal,gujarat,26-02-2022,2839.52,3340.61
brinjal,gujarat,26-03-2022,2805.21,3300.25
brinjal,gujarat,23-04-2022,2967.28,3490.92
brinjal,gujarat,21-05-2022,2921.0,3436.47
brinjal,gujarat,18-06-2022,2953.32,3474.5
brinjal,gujarat,16-07-2022,2937.48,3455.86
brinjal,gujarat,13-08-2022,2879.85,3388.06
brinjal,gujarat,10-09-2022,3098.1,3644.82
brinjal,gujarat,08-10-2022,3060.76,3600.9
brinjal,gujarat,05-11-2022,3097.65,3644.29
brinjal,gujarat,03-12-2022,3038.35,3574.53
brinjal,gujarat,31-12-2022,2669.91,3141.07
brinjal,gujarat,28-01-2023,2696.21,3172.01
brinjal,gujarat,25-02-2023,2827.84,3326.87
brinjal,gujarat,25-03-2023,2828.23,3327.33
brinjal,gujarat,22-04-2023,2753.16,3239.01
brinjal,gujarat,20-05-2023,2904.98,3417.62
brinjal,gujarat,17-06-2023,2857.72,3362.02
brinjal,gujarat,15-07-2023,3001.74,3531.46
brinjal,gujarat,12-08-2023,2936.27,3454.44
brinjal,gujarat,09-09-2023,3080.12,3623.67
brinjal,gujarat,07-10-2023,2992.62,3520.73
brinjal,gujarat,04-11-2023,3054.63,3593.68
brinjal,gujarat,02-12-2023,3266.27,3842.67
brinjal,gujarat,30-12-2023,2664.81,3135.07
brinjal,gujarat,27-01-2024,2709.18,3187.27
brinjal,gujarat,24-02-2024,2663.57,3133.61
brinjal,gujarat,23-03-2024,2691.07,3165.97
brinjal,gujarat,20-04-2024,2800.13,3294.27
brinjal,gujarat,18-05-2024,2751.66,3237.25
brinjal,gujarat,15-06-2024,3016.96,3549.37
brinjal,gujarat,13-07-2024,2814.78,3311.51
brinjal,gujarat,10-08-2024,2925.01,3441.19
brinjal,gujarat,07-09-2024,2893.12,3403.67
brinjal,gujarat,05-10-2024,3033.98,3569.39
brinjal,gujarat,02-11-2024,3024.16,3557.83
brinjal,gujarat,30-11-2024,3108.56,3657.13
brinjal,gujarat,28-12-2024,2783.3,3274.47
brinjal,gujarat,25-01-2025,2783.41,3274.6
brinjal,gujarat,22-02-2025,2739.33,3222.74
brinjal,gujarat,22-03-2025,2712.05,3190.65
brinjal,gujarat,19-04-2025,2829.28,3328.56
brinjal,gujarat,17-05-2025,2888.98,3398.8
brinjal,gujarat,14-06-2025,2985.4,3512.23
brinjal,gujarat,12-07-2025,3016.77,3549.14
brinjal,gujarat,09-08-2025,2866.45,3372.3
brinjal,gujarat,06-09-2025,3103.25,3650.88
brinjal,gujarat,04-10-2025,3037.94,3574.05
brinjal,rajasthan,01-01-2022,2146.84,2525.69
brinjal,rajasthan,29-01-2022,2285.73,2689.1
brinjal,rajasthan,26-02-2022,2261.2,2660.23
brinjal,rajasthan,26-03-2022,2204.26,2593.25
brinjal,rajasthan,23-04-2022,2251.45,2648.77
brinjal,rajasthan,21-05-2022,2420.61,2847.78
brinjal,rajasthan,18-06-2022,2284.66,2687.83
brinjal,rajasthan,16-07-2022,2342.17,2755.5
brinjal,rajasthan,13-08-2022,2406.38,2831.04
brinjal,rajasthan,10-09-2022,2444.88,2876.33
brinjal,rajasthan,08-10-2022,2395.41,2818.13
brinjal,rajasthan,05-11-2022,2397.71,2820.83
brinjal,rajasthan,03-12-2022,2447.41,2879.31
brinjal,rajasthan,31-12-2022,2099.27,2469.73
brinjal,rajasthan,28-01-2023,2281.68,2684.33
brinjal,rajasthan,25-02-2023,2287.54,2691.22
brinjal,rajasthan,25-03-2023,2213.4,2604.0
brinjal,rajasthan,22-04-2023,2333.08,2744.8
brinjal,rajasthan,20-05-2023,2424.6,2852.47
brinjal,rajasthan,17-06-2023,2467.65,2903.12
brinjal,rajasthan,15-07-2023,2364.51,2781.78
brinjal,rajasthan,12-08-2023,2297.75,2703.24
brinjal,rajasthan,09-09-2023,2430.29,2859.16
brinjal,rajasthan,07-10-2023,2472.45,2908.77
brinjal,rajasthan,04-11-2023,2410.23,2835.56
brinjal,rajasthan,02-12-2023,2622.67,3085.49
brinjal,rajasthan,30-12-2023,2096.02,2465.91
brinjal,rajasthan,27-01-2024,2283.21,2686.13
brinjal,rajasthan,24-02-2024,2240.74,2636.16
brinjal,rajasthan,23-03-2024,2266.93,2666.98
brinjal,rajasthan,20-04-2024,2187.12,2573.08
brinjal,rajasthan,18-05-2024,2403.37,2827.49
brinjal,rajasthan,15-06-2024,2339.19,2751.99
brinjal,rajasthan,13-07-2024,2338.04,2750.63
brinjal,rajasthan,10-08-2024,2303.81,2710.37
brinjal,rajasthan,07-09-2024,2358.93,2775.21
brinjal,rajasthan,05-10-2024,2450.34,2882.75
brinjal,rajasthan,02-11-2024,2442.77,2873.85
brinjal,rajasthan,30-11-2024,2474.85,2911.59
brinjal,rajasthan,28-12-2024,2225.84,2618.63
brinjal,rajasthan,25-01-2025,2312.53,2720.62
brinjal,rajasthan,22-02-2025,2296.64,2701.93
brinjal,rajasthan,22-03-2025,2268.62,2668.96
brinjal,rajasthan,19-04-2025,2370.22,2788.49
brinjal,rajasthan,17-05-2025,2329.98,2741.15
brinjal,rajasthan,14-06-2025,2260.72,2659.67
brinjal,rajasthan,12-07-2025,2397.24,2820.28
brinjal,rajasthan,09-08-2025,2314.6,2723.06
brinjal,rajasthan,06-09-2025,2418.21,2844.95
brinjal,rajasthan,04-10-2025,2458.51,2892.37
brinjal,punjab,01-01-2022,2213.03,2603.57
brinjal,punjab,29-01-2022,2160.09,2541.28
brinjal,punjab,26-02-2022,2238.9,2634.0
brinjal,punjab,26-03-2022,2201.38,2589.86
brinjal,punjab,23-04-2022,2213.56,2604.19
brinjal,punjab,21-05-2022,2190.82,2577.43
brinjal,punjab,18-06-2022,2364.84,2782.16
brinjal,punjab,16-07-2022,2341.18,2754.33
brinjal,punjab,13-08-2022,2245.15,2641.35
brinjal,punjab,10-09-2022,2328.8,2739.76
brinjal,punjab,08-10-2022,2330.79,2742.11
brinjal,punjab,05-11-2022,2401.82,2825.67
brinjal,punjab,03-12-2022,2475.18,2911.98
brinjal,punjab,31-12-2022,2150.34,2529.81
brinjal,punjab,28-01-2023,2244.81,2640.95
brinjal,punjab,25-02-2023,2215.69,2606.7
brinjal,punjab,25-03-2023,2198.58,2586.56
brinjal,punjab,22-04-2023,2346.38,2760.45
brinjal,punjab,20-05-2023,2231.37,2625.14
brinjal,punjab,17-06-2023,2319.08,2728.33
brinjal,punjab,15-07-2023,2337.99,2750.58
brinjal,punjab,12-08-2023,2415.32,2841.55
brinjal,punjab,09-09-2023,2418.79,2845.63
brinjal,punjab,07-10-2023,2307.33,2714.51
brinjal,punjab,04-11-2023,2434.88,2864.56
brinjal,punjab,02-12-2023,2466.95,2902.29
brinjal,punjab,30-12-2023,2129.87,2505.73
brinjal,punjab,27-01-2024,2177.56,2561.84
brinjal,punjab,24-02-2024,2194.29,2581.52
brinjal,punjab,23-03-2024,2155.17,2535.49
brinjal,punjab,20-04-2024,2337.3,2749.76
brinjal,punjab,18-05-2024,2314.68,2723.15
brinjal,punjab,15-06-2024,2216.8,2608.0
brinjal,punjab,13-07-2024,2367.96,2785.84
brinjal,punjab,10-08-2024,2356.64,2772.52
brinjal,punjab,07-09-2024,2352.34,2767.46
brinjal,punjab,05-10-2024,2405.72,2830.26
brinjal,punjab,02-11-2024,2525.25,2970.88
brinjal,punjab,30-11-2024,2372.75,2791.47
brinjal,punjab,28-12-2024,2090.41,2459.31
brinjal,punjab,25-01-2025,2112.62,2485.44
brinjal,punjab,22-02-2025,2283.24,2686.16
brinjal,punjab,22-03-2025,2275.29,2676.81
brinjal,punjab,19-04-2025,2195.33,2582.74
brinjal,punjab,17-05-2025,2324.25,2734.41
brinjal,punjab,14-06-2025,2385.92,2806.96
brinjal,punjab,12-07-2025,2360.01,2776.48
brinjal,punjab,09-08-2025,2399.81,2823.3
brinjal,punjab,06-09-2025,2393.47,2815.85
brinjal,punjab,04-10-2025,2385.55,2806.53
brinjal,haryana,01-01-2022,2460.6,2894.82
brinjal,haryana,29-01-2022,2478.57,2915.97
brinjal,haryana,26-02-2022,2525.15,2970.76
brinjal,haryana,26-03-2022,2417.81,2844.48
brinjal,haryana,23-04-2022,2541.83,2990.39
brinjal,haryana,21-05-2022,2480.98,2918.8
brinjal,haryana,18-06-2022,2553.78,3004.45
brinjal,haryana,16-07-2022,2693.14,3168.4
brinjal,haryana,13-08-2022,2670.95,3142.3
brinjal,haryana,10-09-2022,2727.8,3209.18
brinjal,haryana,08-10-2022,2547.37,2996.91
brinjal,haryana,05-11-2022,2600.46,3059.37
brinjal,haryana,03-12-2022,2710.13,3188.39
brinjal,haryana,31-12-2022,2391.11,2813.07
brinjal,haryana,28-01-2023,2456.3,2889.77
brinjal,haryana,25-02-2023,2456.94,2890.52
brinjal,haryana,25-03-2023,2557.68,3009.04
brinjal,haryana,22-04-2023,2575.63,3030.15
brinjal,haryana,20-05-2023,2604.43,3064.04
brinjal,haryana,17-06-2023,2630.27,3094.44
brinjal,haryana,15-07-2023,2526.53,2972.39
brinjal,haryana,12-08-2023,2618.42,3080.49
brinjal,haryana,09-09-2023,2674.18,3146.1
brinjal,haryana,07-10-2023,2775.66,3265.48
brinjal,haryana,04-11-2023,2683.63,3157.21
brinjal,haryana,02-12-2023,2612.22,3073.2
brinjal,haryana,30-12-2023,2256.09,2654.22
brinjal,haryana,27-01-2024,2359.57,2775.96
brinjal,haryana,24-02-2024,2449.99,2882.34
brinjal,haryana,23-03-2024,2410.59,2835.99
brinjal,haryana,20-04-2024,2605.44,3065.22
brinjal,haryana,18-05-2024,2626.3,3089.77
brinjal,haryana,15-06-2024,2627.94,3091.7
brinjal,haryana,13-07-2024,2653.04,3121.22
brinjal,haryana,10-08-2024,2684.75,3158.53
brinjal,haryana,07-09-2024,2559.94,3011.69
brinjal,haryana,05-10-2024,2666.05,3136.53
brinjal,haryana,02-11-2024,2797.42,3291.08
brinjal,haryana,30-11-2024,2732.48,3214.68
brinjal,haryana,28-12-2024,2345.45,2759.35
brinjal,haryana,25-01-2025,2406.43,2831.09
brinjal,haryana,22-02-2025,2329.05,2740.06
brinjal,haryana,22-03-2025,2515.6,2959.53
brinjal,haryana,19-04-2025,2523.96,2969.36
brinjal,haryana,17-05-2025,2446.06,2877.72
brinjal,haryana,14-06-2025,2549.42,2999.32
brinjal,haryana,12-07-2025,2643.26,3109.72
brinjal,haryana,09-08-2025,2698.87,3175.14
brinjal,haryana,06-09-2025,2535.67,2983.14
brinjal,haryana,04-10-2025,2555.53,3006.5
brinjal,uttarpradesh,01-01-2022,2194.64,2581.93
brinjal,uttarpradesh,29-01-2022,2117.26,2490.89
brinjal,uttarpradesh,26-02-2022,2153.44,2533.46
brinjal,uttarpradesh,26-03-2022,2122.4,2496.94
brinjal,uttarpradesh,23-04-2022,2288.85,2692.76
brinjal,uttarpradesh,21-05-2022,2240.44,2635.81
brinjal,uttarpradesh,18-06-2022,2336.73,2749.09
brinjal,uttarpradesh,16-07-2022,2167.03,2549.45
brinjal,uttarpradesh,13-08-2022,2369.66,2787.83
brinjal,uttarpradesh,10-09-2022,2364.35,2781.59
brinjal,uttarpradesh,08-10-2022,2440.25,2870.88
brinjal,uttarpradesh,05-11-2022,2461.9,2896.35
brinjal,uttarpradesh,03-12-2022,2423.72,2851.44
brinjal,uttarpradesh,31-12-2022,2165.31,2547.42
brinjal,uttarpradesh,28-01-2023,2189.67,2576.08
brinjal,uttarpradesh,25-02-2023,2133.39,2509.87
brinjal,uttarpradesh,25-03-2023,2187.97,2574.08
brinjal,uttarpradesh,22-04-2023,2168.86,2551.6
brinjal,uttarpradesh,20-05-2023,2145.14,2523.69
brinjal,uttarpradesh,17-06-2023,2330.86,2742.19
brinjal,uttarpradesh,15-07-2023,2372.29,2790.93
brinjal,uttarpradesh,12-08-2023,2321.38,2731.03
brinjal,uttarpradesh,09-09-2023,2262.93,2662.27
brinjal,uttarpradesh,07-10-2023,2422.08,2849.51
brinjal,uttarpradesh,04-11-2023,2282.37,2685.14
brinjal,uttarpradesh,02-12-2023,2485.37,2923.97
brinjal,uttarpradesh,30-12-2023,2053.8,2416.23
brinjal,uttarpradesh,27-01-2024,2119.99,2494.11
brinjal,uttarpradesh,24-02-2024,2198.94,2586.99
brinjal,uttarpradesh,23-03-2024,2226.5,2619.41
brinjal,uttarpradesh,20-04-2024,2189.58,2575.98
brinjal,uttarpradesh,18-05-2024,2278.81,2680.95
brinjal,uttarpradesh,15-06-2024,2310.02,2717.67
brinjal,uttarpradesh,13-07-2024,2314.11,2722.48
brinjal,uttarpradesh,10-08-2024,2231.6,2625.41
brinjal,uttarpradesh,07-09-2024,2368.23,2786.15
brinjal,uttarpradesh,05-10-2024,2240.98,2636.45
brinjal,uttarpradesh,02-11-2024,2438.26,2868.54
brinjal,uttarpradesh,30-11-2024,2315.2,2723.77
brinjal,uttarpradesh,28-12-2024,2038.73,2398.51
brinjal,uttarpradesh,25-01-2025,2136.93,2514.03
brinjal,uttarpradesh,22-02-2025,2040.11,2400.13
brinjal,uttarpradesh,22-03-2025,2270.79,2671.52
brinjal,uttarpradesh,19-04-2025,2204.51,2593.54
brinjal,uttarpradesh,17-05-2025,2301.89,2708.11
brinjal,uttarpradesh,14-06-2025,2358.61,2774.83
brinjal,uttarpradesh,12-07-2025,2231.83,2625.68
brinjal,uttarpradesh,09-08-2025,2335.44,2747.58
brinjal,uttarpradesh,06-09-2025,2284.84,2688.05
brinjal,uttarpradesh,04-10-2025,2264.82,2664.5
brinjal,madhyapradesh,01-01-2022,2399.56,2823.01
brinjal,madhyapradesh,29-01-2022,2433.77,2863.26
brinjal,madhyapradesh,26-02-2022,2585.42,3041.67
brinjal,madhyapradesh,26-03-2022,2693.91,3169.3
brinjal,madhyapradesh,23-04-2022,2718.71,3198.48
brinjal,madhyapradesh,21-05-2022,2766.5,3254.71
brinjal,madhyapradesh,18-06-2022,2761.57,3248.91
brinjal,madhyapradesh,16-07-2022,2609.21,3069.66
brinjal,madhyapradesh,13-08-2022,2717.97,3197.61
brinjal,madhyapradesh,10-09-2022,2903.07,3415.38
brinjal,madhyapradesh,08-10-2022,2771.59,3260.7
brinjal,madhyapradesh,05-11-2022,2921.09,3436.58
brinjal,madhyapradesh,03-12-2022,2806.25,3301.47
brinjal,madhyapradesh,31-12-2022,2406.45,2831.12
brinjal,madhyapradesh,28-01-2023,2506.12,2948.38
brinjal,madhyapradesh,25-02-2023,2628.22,3092.02
brinjal,madhyapradesh,25-03-2023,2683.65,3157.23
brinjal,madhyapradesh,22-04-2023,2639.13,3104.86
brinjal,madhyapradesh,20-05-2023,2639.21,3104.95
brinjal,madhyapradesh,17-06-2023,2676.4,3148.71
brinjal,madhyapradesh,15-07-2023,2847.71,3350.25
brinjal,madhyapradesh,12-08-2023,2649.14,3116.64
brinjal,madhyapradesh,09-09-2023,2850.18,3353.15
brinjal,madhyapradesh,07-10-2023,2831.08,3330.68
brinjal,madhyapradesh,04-11-2023,2888.19,3397.87
brinjal,madhyapradesh,02-12-2023,2910.84,3424.52
brinjal,madhyapradesh,30-12-2023,2441.49,2872.34
brinjal,madhyapradesh,27-01-2024,2480.34,2918.05
brinjal,madhyapradesh,24-02-2024,2608.0,3068.23
brinjal,madhyapradesh,23-03-2024,2662.07,3131.85
brinjal,madhyapradesh,20-04-2024,2673.57,3145.38
brinjal,madhyapradesh,18-05-2024,2683.41,3156.95
brinjal,madhyapradesh,15-06-2024,2831.38,3331.03
brinjal,madhyapradesh,13-07-2024,2864.55,3370.06
brinjal,madhyapradesh,10-08-2024,2860.07,3364.79
brinjal,madhyapradesh,07-09-2024,2777.45,3267.59
brinjal,madhyapradesh,05-10-2024,2790.65,3283.12
brinjal,madhyapradesh,02-11-2024,2990.01,3517.66
brinjal,madhyapradesh,30-11-2024,2876.73,3384.39
brinjal,madhyapradesh,28-12-2024,2450.87,2883.38
brinjal,madhyapradesh,25-01-2025,2584.39,3040.46
brinjal,madhyapradesh,22-02-2025,2670.39,3141.63
brinjal,madhyapradesh,22-03-2025,2692.36,3167.48
brinjal,madhyapradesh,19-04-2025,2571.34,3025.1
brinjal,madhyapradesh,17-05-2025,2668.12,3138.97
brinjal,madhyapradesh,14-06-2025,2617.98,3079.98
brinjal,madhyapradesh,12-07-2025,2692.33,3167.45
brinjal,madhyapradesh,09-08-2025,2869.93,3376.39
brinjal,madhyapradesh,06-09-2025,2685.46,3159.36
brinjal,madhyapradesh,04-10-2025,2769.0,3257.65
brinjal,westbengal,01-01-2022,2262.55,2661.82
brinjal,westbengal,29-01-2022,2147.58,2526.56
brinjal,westbengal,26-02-2022,2194.87,2582.2
brinjal,westbengal,26-03-2022,2307.84,2715.1
brinjal,westbengal,23-04-2022,2273.03,2674.15
brinjal,westbengal,21-05-2022,2358.16,2774.31
brinjal,westbengal,18-06-2022,2378.87,2798.67
brinjal,westbengal,16-07-2022,2502.75,2944.41
brinjal,westbengal,13-08-2022,2455.54,2888.87
brinjal,westbengal,10-09-2022,2453.01,2885.9
brinjal,westbengal,08-10-2022,2566.5,3019.41
brinjal,westbengal,05-11-2022,2497.01,2937.66
brinjal,westbengal,03-12-2022,2428.94,2857.58
brinjal,westbengal,31-12-2022,2314.85,2723.35
brinjal,westbengal,28-01-2023,2204.38,2593.39
brinjal,westbengal,25-02-2023,2283.09,2685.99
brinjal,westbengal,25-03-2023,2277.78,2679.74
brinjal,westbengal,22-04-2023,2276.5,2678.24
brinjal,westbengal,20-05-2023,2259.58,2658.33
brinjal,westbengal,17-06-2023,2438.09,2868.34
brinjal,westbengal,15-07-2023,2395.67,2818.43
brinjal,westbengal,12-08-2023,2330.93,2742.27
brinjal,westbengal,09-09-2023,2374.64,2793.7
brinjal,westbengal,07-10-2023,2624.87,3088.08
brinjal,westbengal,04-11-2023,2518.14,2962.52
brinjal,westbengal,02-12-2023,2670.21,3141.42
brinjal,westbengal,30-12-2023,2252.71,2650.25
brinjal,westbengal,27-01-2024,2184.07,2569.5
brinjal,westbengal,24-02-2024,2286.31,2689.78
brinjal,westbengal,23-03-2024,2379.34,2799.22
brinjal,westbengal,20-04-2024,2431.49,2860.58
brinjal,westbengal,18-05-2024,2340.08,2753.04
brinjal,westbengal,15-06-2024,2333.16,2744.89
brinjal,westbengal,13-07-2024,2531.76,2978.54
brinjal,westbengal,10-08-2024,2557.88,3009.27
brinjal,westbengal,07-09-2024,2357.98,2774.1
brinjal,westbengal,05-10-2024,2542.38,2991.04
brinjal,westbengal,02-11-2024,2539.64,2987.81
brinjal,westbengal,30-11-2024,2462.34,2896.87
brinjal,westbengal,28-12-2024,2329.52,2740.61
brinjal,westbengal,25-01-2025,2139.86,2517.48
brinjal,westbengal,22-02-2025,2196.85,2584.53
brinjal,westbengal,22-03-2025,2287.46,2691.13
brinjal,westbengal,19-04-2025,2315.55,2724.18
brinjal,westbengal,17-05-2025,2463.83,2898.62
brinjal,westbengal,14-06-2025,2391.33,2813.33
brinjal,westbengal,12-07-2025,2320.8,2730.35
brinjal,westbengal,09-08-2025,2477.31,2914.48
brinjal,westbengal,06-09-2025,2515.96,2959.95
brinjal,westbengal,04-10-2025,2488.39,2927.52
brinjal,bihar,01-01-2022,2361.35,2778.06
brinjal,bihar,29-01-2022,2393.88,2816.33
brinjal,bihar,26-02-2022,2471.94,2908.17
brinjal,bihar,26-03-2022,2534.19,2981.4
brinjal,bihar,23-04-2022,2478.27,2915.61
brinjal,bihar,21-05-2022,2507.66,2950.19
brinjal,bihar,18-06-2022,2403.59,2827.75
brinjal,bihar,16-07-2022,2546.22,2995.55
brinjal,bihar,13-08-2022,2514.83,2958.62
brinjal,bihar,10-09-2022,2672.61,3144.25
brinjal,bihar,08-10-2022,2745.08,3229.51
brinjal,bihar,05-11-2022,2760.3,3247.41
brinjal,bihar,03-12-2022,2727.66,3209.01
brinjal,bihar,31-12-2022,2387.84,2809.22
brinjal,bihar,28-01-2023,2254.31,2652.13
brinjal,bihar,25-02-2023,2322.93,2732.86
brinjal,bihar,25-03-2023,2431.88,2861.04
brinjal,bihar,22-04-2023,2524.56,2970.07
brinjal,bihar,20-05-2023,2433.76,2863.25
brinjal,bihar,17-06-2023,2546.81,2996.25
brinjal,bihar,15-07-2023,2535.78,2983.27
brinjal,bihar,12-08-2023,2517.28,2961.5
brinjal,bihar,09-09-2023,2558.93,3010.51
brinjal,bihar,07-10-2023,2756.54,3242.99
brinjal,bihar,04-11-2023,2560.91,3012.83
brinjal,bihar,02-12-2023,2749.27,3234.43
brinjal,bihar,30-12-2023,2420.43,2847.56
brinjal,bihar,27-01-2024,2435.38,2865.15
brinjal,bihar,24-02-2024,2410.33,2835.68
brinjal,bihar,23-03-2024,2525.97,2971.73
brinjal,bihar,20-04-2024,2370.15,2788.41
brinjal,bihar,18-05-2024,2486.71,2925.54
brinjal,bihar,15-06-2024,2506.48,2948.8
brinjal,bihar,13-07-2024,2646.32,3113.32
brinjal,bihar,10-08-2024,2453.29,2886.22
brinjal,bihar,07-09-2024,2727.77,3209.14
brinjal,bihar,05-10-2024,2715.73,3194.98
brinjal,bihar,02-11-2024,2786.83,3278.62
brinjal,bihar,30-11-2024,2824.2,3322.59
brinjal,bihar,28-12-2024,2410.51,2835.89
brinjal,bihar,25-01-2025,2433.16,2862.54
brinjal,bihar,22-02-2025,2482.72,2920.85
brinjal,bihar,22-03-2025,2508.48,2951.15
brinjal,bihar,19-04-2025,2527.54,2973.58
brinjal,bihar,17-05-2025,2555.08,3005.98
brinjal,bihar,14-06-2025,2401.12,2824.85
brinjal,bihar,12-07-2025,2497.75,2938.53
brinjal,bihar,09-08-2025,2501.47,2942.9
brinjal,bihar,06-09-2025,2606.87,3066.91
brinjal,bihar,04-10-2025,2641.07,3107.14
brinjal,odisha,01-01-2022,1932.07,2273.02
brinjal,odisha,29-01-2022,1966.93,2314.03
brinjal,odisha,26-02-2022,1970.32,2318.02
brinjal,odisha,26-03-2022,2055.32,2418.02
brinjal,odisha,23-04-2022,2123.55,2498.29
brinjal,odisha,21-05-2022,1996.91,2349.31
brinjal,odisha,18-06-2022,2022.77,2379.73
brinjal,odisha,16-07-2022,2082.13,2449.56
brinjal,odisha,13-08-2022,2181.76,2566.78
brinjal,odisha,10-09-2022,2139.53,2517.1
brinjal,odisha,08-10-2022,2246.13,2642.51
brinjal,odisha,05-11-2022,2109.42,2481.67
brinjal,odisha,03-12-2022,2271.07,2671.85
brinjal,odisha,31-12-2022,1953.65,2298.41
brinjal,odisha,28-01-2023,1981.47,2331.14
brinjal,odisha,25-02-2023,1904.83,2240.98
brinjal,odisha,25-03-2023,2096.25,2466.18
brinjal,odisha,22-04-2023,1967.49,2314.7
brinjal,odisha,20-05-2023,2120.86,2495.13
brinjal,odisha,17-06-2023,2155.63,2536.03
brinjal,odisha,15-07-2023,2200.81,2589.19
brinjal,odisha,12-08-2023,2059.57,2423.02
brinjal,odisha,09-09-2023,2070.34,2435.69
brinjal,odisha,07-10-2023,2094.76,2464.42
brinjal,odisha,04-11-2023,2146.84,2525.7
brinjal,odisha,02-12-2023,2148.69,2527.87
brinjal,odisha,30-12-2023,1844.31,2169.78
brinjal,odisha,27-01-2024,1910.86,2248.07
brinjal,odisha,24-02-2024,2012.33,2367.45
brinjal,odisha,23-03-2024,1939.58,2281.86
brinjal,odisha,20-04-2024,2104.89,2476.34
brinjal,odisha,18-05-2024,2134.94,2511.69
brinjal,odisha,15-06-2024,2101.15,2471.94
brinjal,odisha,13-07-2024,2149.28,2528.56
brinjal,odisha,10-08-2024,2095.67,2465.5
brinjal,odisha,07-09-2024,2142.18,2520.21
brinjal,odisha,05-10-2024,2067.37,2432.2
brinjal,odisha,02-11-2024,2255.34,2653.34
brinjal,odisha,30-11-2024,2126.33,2501.57
brinjal,odisha,28-12-2024,1847.62,2173.67
brinjal,odisha,25-01-2025,1994.68,2346.68
brinjal,odisha,22-02-2025,2019.12,2375.43
brinjal,odisha,22-03-2025,2073.66,2439.6
brinjal,odisha,19-04-2025,1983.55,2333.59
brinjal,odisha,17-05-2025,2067.28,2432.09
brinjal,odisha,14-06-2025,2007.29,2361.52
brinjal,odisha,12-07-2025,2075.09,2441.28
brinjal,odisha,09-08-2025,2185.97,2571.73
brinjal,odisha,06-09-2025,2223.54,2615.93
brinjal,odisha,04-10-2025,2205.66,2594.89
okra,karnataka,01-01-2022,3403.13,4003.68
okra,karnataka,29-01-2022,3491.62,4107.79
okra,karnataka,26-02-2022,3353.88,3945.74
okra,karnataka,26-03-2022,3584.08,4216.57
okra,karnataka,23-04-2022,3451.85,4061.0
okra,karnataka,21-05-2022,3712.41,4367.54
okra,karnataka,18-06-2022,3680.28,4329.74
okra,karnataka,16-07-2022,3693.94,4345.81
okra,karnataka,13-08-2022,3781.97,4449.38
okra,karnataka,10-09-2022,3880.98,4565.86
okra,karnataka,08-10-2022,3824.54,4499.46
okra,karnataka,05-11-2022,3971.53,4672.39
okra,karnataka,03-12-2022,4108.59,4833.64
okra,karnataka,31-12-2022,3533.63,4157.21
okra,karnataka,28-01-2023,3477.2,4090.82
okra,karnataka,25-02-2023,3390.88,3989.27
okra,karnataka,25-03-2023,3422.52,4026.49
okra,karnataka,22-04-2023,3428.12,4033.08
okra,karnataka,20-05-2023,3620.19,4259.05
okra,karnataka,17-06-2023,3590.34,4223.93
okra,karnataka,15-07-2023,3574.79,4205.63
okra,karnataka,12-08-2023,3670.33,4318.03
okra,karnataka,09-09-2023,3702.63,4356.04
okra,karnataka,07-10-2023,3983.82,4686.85
okra,karnataka,04-11-2023,3933.26,4627.36
okra,karnataka,02-12-2023,3807.21,4479.07
okra,karnataka,30-12-2023,3381.48,3978.21
okra,karnataka,27-01-2024,3316.2,3901.41
okra,karnataka,24-02-2024,3608.82,4245.67
okra,karnataka,23-03-2024,3378.01,3974.13
okra,karnataka,20-04-2024,3469.03,4081.21
okra,karnataka,18-05-2024,3579.1,4210.71
okra,karnataka,15-06-2024,3639.11,4281.3
okra,karnataka,13-07-2024,3776.2,4442.59
okra,karnataka,10-08-2024,3642.39,4285.17
okra,karnataka,07-09-2024,3782.21,4449.66
okra,karnataka,05-10-2024,3699.79,4352.7
okra,karnataka,02-11-2024,3837.76,4515.01
okra,karnataka,30-11-2024,3995.52,4700.61
okra,karnataka,28-12-2024,3296.46,3878.19
okra,karnataka,25-01-2025,3601.42,4236.97
okra,karnataka,22-02-2025,3372.27,3967.38
okra,karnataka,22-03-2025,3372.19,3967.28
okra,karnataka,19-04-2025,3612.95,4250.53
okra,karnataka,17-05-2025,3722.84,4379.81
okra,karnataka,14-06-2025,3567.59,4197.16
okra,karnataka,12-07-2025,3852.45,4532.3
okra,karnataka,09-08-2025,3717.01,4372.95
okra,karnataka,06-09-2025,3653.54,4298.28
okra,karnataka,04-10-2025,3861.58,4543.03
okra,tamilnadu,01-01-2022,3789.05,4457.71
okra,tamilnadu,29-01-2022,3698.74,4351.46
okra,tamilnadu,26-02-2022,3531.38,4154.57
okra,tamilnadu,26-03-2022,3745.33,4406.27
okra,tamilnadu,23-04-2022,3843.64,4521.93
okra,tamilnadu,21-05-2022,3668.04,4315.34
okra,tamilnadu,18-06-2022,3736.71,4396.13
okra,tamilnadu,16-07-2022,3838.23,4515.56
okra,tamilnadu,13-08-2022,3918.18,4609.62
okra,tamilnadu,10-09-2022,4149.76,4882.07
okra,tamilnadu,08-10-2022,4264.65,5017.24
okra,tamilnadu,05-11-2022,3924.79,4617.4
okra,tamilnadu,03-12-2022,4149.2,4881.41
okra,tamilnadu,31-12-2022,3664.75,4311.47
okra,tamilnadu,28-01-2023,3517.56,4138.31
okra,tamilnadu,25-02-2023,3807.16,4479.01
okra,tamilnadu,25-03-2023,3583.62,4216.02
okra,tamilnadu,22-04-2023,3785.27,4453.26
okra,tamilnadu,20-05-2023,3718.16,4374.3
okra,tamilnadu,17-06-2023,3741.92,4402.26
okra,tamilnadu,15-07-2023,3955.28,4653.27
okra,tamilnadu,12-08-2023,3936.96,4631.72
okra,tamilnadu,09-09-2023,3844.84,4523.34
okra,tamilnadu,07-10-2023,4078.68,4798.45
okra,tamilnadu,04-11-2023,4278.54,5033.58
okra,tamilnadu,02-12-2023,4229.87,4976.32
okra,tamilnadu,30-12-2023,3621.37,4260.44
okra,tamilnadu,27-01-2024,3552.84,4179.81
okra,tamilnadu,24-02-2024,3536.94,4161.11
okra,tamilnadu,23-03-2024,3880.17,4564.91
okra,tamilnadu,20-04-2024,3733.83,4392.74
okra,tamilnadu,18-05-2024,4011.37,4719.26
okra,tamilnadu,15-06-2024,4000.61,4706.6
okra,tamilnadu,13-07-2024,4035.22,4747.32
okra,tamilnadu,10-08-2024,4100.99,4824.69
okra,tamilnadu,07-09-2024,4230.7,4977.29
okra,tamilnadu,05-10-2024,3916.36,4607.48
okra,tamilnadu,02-11-2024,3982.96,4685.83
okra,tamilnadu,30-11-2024,4293.46,5051.13
okra,tamilnadu,28-12-2024,3791.21,4460.25
okra,tamilnadu,25-01-2025,3658.6,4304.24
okra,tamilnadu,22-02-2025,3530.02,4152.96
okra,tamilnadu,22-03-2025,3667.15,4314.29
okra,tamilnadu,19-04-2025,3706.69,4360.81
okra,tamilnadu,17-05-2025,3677.19,4326.1
okra,tamilnadu,14-06-2025,4080.4,4800.47
okra,tamilnadu,12-07-2025,4067.36,4785.13
okra,tamilnadu,09-08-2025,4087.93,4809.33
okra,tamilnadu,06-09-2025,3946.34,4642.75
okra,tamilnadu,04-10-2025,4191.64,4931.34
okra,andhrapradesh,01-01-2022,4574.95,5382.29
okra,andhrapradesh,29-01-2022,4613.15,5427.23
okra,andhrapradesh,26-02-2022,4913.89,5781.05
okra,andhrapradesh,26-03-2022,4663.68,5486.68
okra,andhrapradesh,23-04-2022,4881.91,5743.42
okra,andhrapradesh,21-05-2022,4875.85,5736.29
okra,andhrapradesh,18-06-2022,5122.52,6026.5
okra,andhrapradesh,16-07-2022,5268.08,6197.74
okra,andhrapradesh,13-08-2022,5009.8,5893.88
okra,andhrapradesh,10-09-2022,5376.99,6325.87
okra,andhrapradesh,08-10-2022,5545.67,6524.32
okra,andhrapradesh,05-11-2022,5496.45,6466.41
okra,andhrapradesh,03-12-2022,5476.85,6443.35
okra,andhrapradesh,31-12-2022,4632.31,5449.78
okra,andhrapradesh,28-01-2023,4937.96,5809.37
okra,andhrapradesh,25-02-2023,4986.47,5866.44
okra,andhrapradesh,25-03-2023,4888.67,5751.38
okra,andhrapradesh,22-04-2023,4801.54,5648.87
okra,andhrapradesh,20-05-2023,5077.79,5973.87
okra,andhrapradesh,17-06-2023,4929.83,5799.8
okra,andhrapradesh,15-07-2023,4973.89,5851.63
okra,andhrapradesh,12-08-2023,5269.4,6199.29
okra,andhrapradesh,09-09-2023,5177.61,6091.3
okra,andhrapradesh,07-10-2023,5098.17,5997.85
okra,andhrapradesh,04-11-2023,5599.89,6588.1
okra,andhrapradesh,02-12-2023,5415.46,6371.13
okra,andhrapradesh,30-12-2023,4525.45,5324.06
okra,andhrapradesh,27-01-2024,4766.88,5608.09
okra,andhrapradesh,24-02-2024,4996.4,5878.12
okra,andhrapradesh,23-03-2024,5009.11,5893.07
okra,andhrapradesh,20-04-2024,4724.07,5557.73
okra,andhrapradesh,18-05-2024,5255.29,6182.69
okra,andhrapradesh,15-06-2024,4892.1,5755.41
okra,andhrapradesh,13-07-2024,5367.06,6314.19
okra,andhrapradesh,10-08-2024,5365.84,6312.75
okra,andhrapradesh,07-09-2024,5180.73,6094.98
okra,andhrapradesh,05-10-2024,5335.0,6276.47
okra,andhrapradesh,02-11-2024,5164.16,6075.48
okra,andhrapradesh,30-11-2024,5180.13,6094.27
okra,andhrapradesh,28-12-2024,4538.14,5338.99
okra,andhrapradesh,25-01-2025,4819.19,5669.63
okra,andhrapradesh,22-02-2025,4653.62,5474.85
okra,andhrapradesh,22-03-2025,5124.23,6028.51
okra,andhrapradesh,19-04-2025,4978.48,5857.04
okra,andhrapradesh,17-05-2025,5230.95,6154.06
okra,andhrapradesh,14-06-2025,4870.25,5729.71
okra,andhrapradesh,12-07-2025,5293.81,6228.01
okra,andhrapradesh,09-08-2025,5216.89,6137.52
okra,andhrapradesh,06-09-2025,5204.65,6123.12
okra,andhrapradesh,04-10-2025,5450.51,6412.37
okra,telangana,01-01-2022,3801.88,4472.8
okra,telangana,29-01-2022,3822.34,4496.87
okra,telangana,26-02-2022,3822.31,4496.83
okra,telangana,26-03-2022,3894.33,4581.56
okra,telangana,23-04-2022,3921.01,4612.95
okra,telangana,21-05-2022,4147.77,4879.73
okra,telangana,18-06-2022,4237.65,4985.47
okra,telangana,16-07-2022,4161.59,4895.99
okra,telangana,13-08-2022,3982.79,4685.64
okra,telangana,10-09-2022,4168.85,4904.53
okra,telangana,08-10-2022,4442.19,5226.1
okra,telangana,05-11-2022,4452.4,5238.12
okra,telangana,03-12-2022,4324.94,5088.16
okra,telangana,31-12-2022,3674.95,4323.47
okra,telangana,28-01-2023,3791.99,4461.17
okra,telangana,25-02-2023,3671.94,4319.93
okra,telangana,25-03-2023,3999.79,4705.63
okra,telangana,22-04-2023,3925.1,4617.76
okra,telangana,20-05-2023,4059.26,4775.6
okra,telangana,17-06-2023,4235.93,4983.45
okra,telangana,15-07-2023,4285.22,5041.43
okra,telangana,12-08-2023,3975.61,4677.19
okra,telangana,09-09-2023,3988.48,4692.33
okra,telangana,07-10-2023,4142.81,4873.9
okra,telangana,04-11-2023,4426.1,5207.18
okra,telangana,02-12-2023,4165.1,4900.12
okra,telangana,30-12-2023,3738.13,4397.8
okra,telangana,27-01-2024,3634.86,4276.31
okra,telangana,24-02-2024,3818.46,4492.31
okra,telangana,23-03-2024,3995.02,4700.02
okra,telangana,20-04-2024,4053.76,4769.13
okra,telangana,18-05-2024,4169.54,4905.34
okra,telangana,15-06-2024,4151.88,4884.57
okra,telangana,13-07-2024,4271.17,5024.91
okra,telangana,10-08-2024,4013.7,4722.0
okra,telangana,07-09-2024,4229.23,4975.57
okra,telangana,05-10-2024,4328.47,5092.32
okra,telangana,02-11-2024,4118.73,4845.56
okra,telangana,30-11-2024,4193.97,4934.08
okra,telangana,28-12-2024,3696.32,4348.61
okra,telangana,25-01-2025,3706.03,4360.03
okra,telangana,22-02-2025,3871.16,4554.3
okra,telangana,22-03-2025,3906.38,4595.74
okra,telangana,19-04-2025,3858.79,4539.75
okra,telangana,17-05-2025,4174.04,4910.63
okra,telangana,14-06-2025,3856.93,4537.57
okra,telangana,12-07-2025,3950.23,4647.33
okra,telangana,09-08-2025,4022.96,4732.9
okra,telangana,06-09-2025,4378.83,5151.57
okra,telangana,04-10-2025,4193.02,4932.96
okra,kerala,01-01-2022,3627.25,4267.35
okra,kerala,29-01-2022,3872.25,4555.59
okra,kerala,26-02-2022,3649.52,4293.55
okra,kerala,26-03-2022,3715.76,4371.48
okra,kerala,23-04-2022,3799.98,4470.56
okra,kerala,21-05-2022,4074.64,4793.69
okra,kerala,18-06-2022,4021.14,4730.75
okra,kerala,16-07-2022,4249.85,4999.82
okra,kerala,13-08-2022,3973.11,4674.25
okra,kerala,10-09-2022,3962.44,4661.69
okra,kerala,08-10-2022,4380.89,5153.99
okra,kerala,05-11-2022,4045.75,4759.71
okra,kerala,03-12-2022,4179.09,4916.58
okra,kerala,31-12-2022,3638.59,4280.7
okra,kerala,28-01-2023,3624.53,4264.15
okra,kerala,25-02-2023,3652.76,4297.37
okra,kerala,25-03-2023,3891.76,4578.54
okra,kerala,22-04-2023,3832.28,4508.57
okra,kerala,20-05-2023,3894.93,4582.27
okra,kerala,17-06-2023,4110.74,4836.17
okra,kerala,15-07-2023,4031.83,4743.33
okra,kerala,12-08-2023,4010.54,4718.28
okra,kerala,09-09-2023,4002.7,4709.06
okra,kerala,07-10-2023,4002.79,4709.16
okra,kerala,04-11-2023,4264.9,5017.53
okra,kerala,02-12-2023,4335.61,5100.72
okra,kerala,30-12-2023,3848.4,4527.53
okra,kerala,27-01-2024,3980.24,4682.63
okra,kerala,24-02-2024,3692.34,4343.93
okra,kerala,23-03-2024,3736.42,4395.79
okra,kerala,20-04-2024,4048.35,4762.77
okra,kerala,18-05-2024,3788.1,4456.59
okra,kerala,15-06-2024,4207.59,4950.1
okra,kerala,13-07-2024,4213.85,4957.47
okra,kerala,10-08-2024,4070.34,4788.63
okra,kerala,07-09-2024,4269.97,5023.49
okra,kerala,05-10-2024,4265.13,5017.8
okra,kerala,02-11-2024,4394.45,5169.94
okra,kerala,30-11-2024,4149.27,4881.49
okra,kerala,28-12-2024,3742.18,4402.57
okra,kerala,25-01-2025,3955.42,4653.44
okra,kerala,22-02-2025,3930.6,4624.24
okra,kerala,22-03-2025,3916.21,4607.31
okra,kerala,19-04-2025,3943.63,4639.57
okra,kerala,17-05-2025,4086.51,4807.66
okra,kerala,14-06-2025,4115.75,4842.06
okra,kerala,12-07-2025,4168.91,4904.6
okra,kerala,09-08-2025,4166.4,4901.65
okra,kerala,06-09-2025,4118.05,4844.77
okra,kerala,04-10-2025,4228.91,4975.19
okra,maharashtra,01-01-2022,4371.02,5142.38
okra,maharashtra,29-01-2022,4736.59,5572.46
okra,maharashtra,26-02-2022,4777.55,5620.65
okra,maharashtra,26-03-2022,4831.93,5684.62
okra,maharashtra,23-04-2022,4854.35,5711.0
okra,maharashtra,21-05-2022,4760.88,5601.03
okra,maharashtra,18-06-2022,4784.38,5628.68
okra,maharashtra,16-07-2022,4732.23,5567.33
okra,maharashtra,13-08-2022,4780.11,5623.66
okra,maharashtra,10-09-2022,4737.95,5574.06
okra,maharashtra,08-10-2022,5227.87,6150.43
okra,maharashtra,05-11-2022,5232.38,6155.74
okra,maharashtra,03-12-2022,5370.02,6317.67
okra,maharashtra,31-12-2022,4466.85,5255.12
okra,maharashtra,28-01-2023,4598.99,5410.58
okra,maharashtra,25-02-2023,4456.69,5243.16
okra,maharashtra,25-03-2023,4450.63,5236.04
okra,maharashtra,22-04-2023,4493.86,5286.9
okra,maharashtra,20-05-2023,4897.06,5761.25
okra,maharashtra,17-06-2023,5011.16,5895.48
okra,maharashtra,15-07-2023,4647.1,5467.18
okra,maharashtra,12-08-2023,4707.11,5537.78
okra,maharashtra,09-09-2023,5150.55,6059.47
okra,maharashtra,07-10-2023,4925.37,5794.55
okra,maharashtra,04-11-2023,5154.37,6063.97
okra,maharashtra,02-12-2023,5156.12,6066.02
okra,maharashtra,30-12-2023,4401.88,5178.68
okra,maharashtra,27-01-2024,4407.0,5184.71
okra,maharashtra,24-02-2024,4571.98,5378.8
okra,maharashtra,23-03-2024,4746.99,5584.69
okra,maharashtra,20-04-2024,4899.42,5764.02
okra,maharashtra,18-05-2024,4647.83,5468.04
okra,maharashtra,15-06-2024,5020.6,5906.59
okra,maharashtra,13-07-2024,4698.82,5528.02
okra,maharashtra,10-08-2024,4787.39,5632.22
okra,maharashtra,07-09-2024,5133.43,6039.33
okra,maharashtra,05-10-2024,4771.7,5613.77
okra,maharashtra,02-11-2024,5002.65,5885.47
okra,maharashtra,30-11-2024,5037.48,5926.45
okra,maharashtra,28-12-2024,4343.81,5110.36
okra,maharashtra,25-01-2025,4476.42,5266.38
okra,maharashtra,22-02-2025,4356.54,5125.34
okra,maharashtra,22-03-2025,4544.52,5346.49
okra,maharashtra,19-04-2025,4890.33,5753.33
okra,maharashtra,17-05-2025,4789.11,5634.25
okra,maharashtra,14-06-2025,4674.29,5499.16
okra,maharashtra,12-07-2025,4889.35,5752.18
okra,maharashtra,09-08-2025,5005.32,5888.61
okra,maharashtra,06-09-2025,5141.05,6048.29
okra,maharashtra,04-10-2025,4982.35,5861.59
okra,gujarat,01-01-2022,3389.21,3987.31
okra,gujarat,29-01-2022,3433.24,4039.11
okra,gujarat,26-02-2022,3504.41,4122.83
okra,gujarat,26-03-2022,3820.61,4494.84
okra,gujarat,23-04-2022,3806.88,4478.68
okra,gujarat,21-05-2022,3885.68,4571.39
okra,gujarat,18-06-2022,3891.74,4578.52
okra,gujarat,16-07-2022,3872.39,4555.75
okra,gujarat,13-08-2022,3742.23,4402.62
okra,gujarat,10-09-2022,3948.58,4645.39
okra,gujarat,08-10-2022,4157.91,4891.66
okra,gujarat,05-11-2022,4095.89,4818.7
okra,gujarat,03-12-2022,4084.01,4804.72
okra,gujarat,31-12-2022,3581.77,4213.85
okra,gujarat,28-01-2023,3687.72,4338.5
okra,gujarat,25-02-2023,3806.27,4477.97
okra,gujarat,25-03-2023,3551.23,4177.92
okra,gujarat,22-04-2023,3870.07,4553.02
okra,gujarat,20-05-2023,3633.41,4274.6
okra,gujarat,17-06-2023,3824.84,4499.81
okra,gujarat,15-07-2023,3857.62,4538.38
okra,gujarat,12-08-2023,3733.81,4392.72
okra,gujarat,09-09-2023,3851.94,4531.69
okra,gujarat,07-10-2023,3920.15,4611.94
okra,gujarat,04-11-2023,3887.45,4573.47
okra,gujarat,02-12-2023,3967.39,4667.52
okra,gujarat,30-12-2023,3693.97,4345.85
okra,gujarat,27-01-2024,3641.07,4283.61
okra,gujarat,24-02-2024,3524.3,4146.24
okra,gujarat,23-03-2024,3610.96,4248.19
okra,gujarat,20-04-2024,3892.55,4579.47
okra,gujarat,18-05-2024,3664.14,4310.75
okra,gujarat,15-06-2024,4002.09,4708.34
okra,gujarat,13-07-2024,3671.16,4319.01
okra,gujarat,10-08-2024,3821.46,4495.83
okra,gujarat,07-09-2024,3811.45,4484.06
okra,gujarat,05-10-2024,3828.36,4503.95
okra,gujarat,02-11-2024,4143.89,4875.17
okra,gujarat,30-11-2024,4262.28,5014.45
okra,gujarat,28-12-2024,3565.88,4195.15
okra,gujarat,25-01-2025,3531.46,4154.66
okra,gujarat,22-02-2025,3653.85,4298.65
okra,gujarat,22-03-2025,3748.98,4410.57
okra,gujarat,19-04-2025,3887.79,4573.87
okra,gujarat,17-05-2025,3817.18,4490.8
okra,gujarat,14-06-2025,3922.23,4614.39
okra,gujarat,12-07-2025,4040.36,4753.37
okra,gujarat,09-08-2025,3841.46,4519.37
okra,gujarat,06-09-2025,3755.59,4418.34
okra,gujarat,04-10-2025,4056.13,4771.92
okra,rajasthan,01-01-2022,4527.02,5325.91
okra,rajasthan,29-01-2022,4544.06,5345.95
okra,rajasthan,26-02-2022,4808.99,5657.63
okra,rajasthan,26-03-2022,4725.0,5558.82
okra,rajasthan,23-04-2022,4723.71,5557.31
okra,rajasthan,21-05-2022,4965.46,5841.72
okra,rajasthan,18-06-2022,4819.84,5670.4
okra,rajasthan,16-07-2022,4907.38,5773.39
okra,rajasthan,13-08-2022,5210.33,6129.8
okra,rajasthan,10-09-2022,5248.9,6175.18
okra,rajasthan,08-10-2022,5273.82,6204.5
okra,rajasthan,05-11-2022,5102.79,6003.28
okra,rajasthan,03-12-2022,5534.33,6510.98
okra,rajasthan,31-12-2022,4824.23,5675.57
okra,rajasthan,28-01-2023,4612.75,5426.76
okra,rajasthan,25-02-2023,5059.44,5952.28
okra,rajasthan,25-03-2023,4702.65,5532.53
okra,rajasthan,22-04-2023,5059.69,5952.58
okra,rajasthan,20-05-2023,5214.95,6135.24
okra,rajasthan,17-06-2023,5024.15,5910.76
okra,rajasthan,15-07-2023,5043.36,5933.36
okra,rajasthan,12-08-2023,4984.31,5863.89
okra,rajasthan,09-09-2023,5318.29,6256.81
okra,rajasthan,07-10-2023,5171.2,6083.76
okra,rajasthan,04-11-2023,5371.98,6319.98
okra,rajasthan,02-12-2023,5345.33,6288.62
okra,rajasthan,30-12-2023,4707.52,5538.26
okra,rajasthan,27-01-2024,4733.64,5568.99
okra,rajasthan,24-02-2024,4947.38,5820.45
okra,rajasthan,23-03-2024,4750.15,5588.41
okra,rajasthan,20-04-2024,5099.18,5999.04
okra,rajasthan,18-05-2024,5197.94,6115.22
okra,rajasthan,15-06-2024,5270.23,6200.27
okra,rajasthan,13-07-2024,5249.72,6176.14
okra,rajasthan,10-08-2024,5081.13,5977.8
okra,rajasthan,07-09-2024,5355.24,6300.28
okra,rajasthan,05-10-2024,5545.17,6523.73
okra,rajasthan,02-11-2024,5250.48,6177.04
okra,rajasthan,30-11-2024,5238.92,6163.43
okra,rajasthan,28-12-2024,4541.1,5342.47
okra,rajasthan,25-01-2025,4738.61,5574.84
okra,rajasthan,22-02-2025,5061.35,5954.53
okra,rajasthan,22-03-2025,5056.79,5949.16
okra,rajasthan,19-04-2025,4844.57,5699.49
okra,rajasthan,17-05-2025,5164.93,6076.39
okra,rajasthan,14-06-2025,4820.66,5671.37
okra,rajasthan,12-07-2025,5182.19,6096.7
okra,rajasthan,09-08-2025,5091.92,5990.49
okra,rajasthan,06-09-2025,4978.91,5857.54
okra,rajasthan,04-10-2025,5295.51,6230.01
okra,punjab,01-01-2022,4532.84,5332.75
okra,punjab,29-01-2022,4398.59,5174.81
okra,punjab,26-02-2022,4694.54,5522.99
okra,punjab,26-03-2022,4640.18,5459.04
okra,punjab,23-04-2022,4534.82,5335.08
okra,punjab,21-05-2022,4629.58,5446.57
okra,punjab,18-06-2022,4839.58,5693.62
okra,punjab,16-07-2022,4829.31,5681.54
okra,punjab,13-08-2022,4918.84,5786.87
okra,punjab,10-09-2022,4934.13,5804.86
okra,punjab,08-10-2022,4868.25,5727.35
okra,punjab,05-11-2022,5314.8,6252.7
okra,punjab,03-12-2022,5278.74,6210.28
okra,punjab,31-12-2022,4588.14,5397.81
okra,punjab,28-01-2023,4362.9,5132.82
okra,punjab,25-02-2023,4569.27,5375.61
okra,punjab,25-03-2023,4854.23,5710.86
okra,punjab,22-04-2023,4650.12,5470.73
okra,punjab,20-05-2023,4987.2,5867.3
okra,punjab,17-06-2023,4816.02,5665.91
okra,punjab,15-07-2023,5036.39,5925.16
okra,punjab,12-08-2023,5023.41,5909.9
okra,punjab,09-09-2023,4922.97,5791.73
okra,punjab,07-10-2023,4959.89,5835.16
okra,punjab,04-11-2023,5191.9,6108.12
okra,punjab,02-12-2023,5095.17,5994.32
okra,punjab,30-12-2023,4320.97,5083.5
okra,punjab,27-01-2024,4364.62,5134.85
okra,punjab,24-02-2024,4810.01,5658.84
okra,punjab,23-03-2024,4855.94,5712.87
okra,punjab,20-04-2024,4756.88,5596.33
okra,punjab,18-05-2024,4728.05,5562.41
okra,punjab,15-06-2024,5051.01,5942.37
okra,punjab,13-07-2024,5038.83,5928.03
okra,punjab,10-08-2024,4894.63,5758.39
okra,punjab,07-09-2024,5156.41,6066.36
okra,punjab,05-10-2024,4918.84,5786.87
okra,punjab,02-11-2024,5153.59,6063.05
okra,punjab,30-11-2024,5132.8,6038.59
okra,punjab,28-12-2024,4624.14,5440.16
okra,punjab,25-01-2025,4605.91,5418.72
okra,punjab,22-02-2025,4624.02,5440.02
okra,punjab,22-03-2025,4708.59,5539.52
okra,punjab,19-04-2025,4634.79,5452.69
okra,punjab,17-05-2025,4535.24,5335.58
okra,punjab,14-06-2025,5040.03,5929.45
okra,punjab,12-07-2025,4676.96,5502.31
okra,punjab,09-08-2025,4928.23,5797.92
okra,punjab,06-09-2025,4979.33,5858.03
okra,punjab,04-10-2025,5026.49,5913.52
okra,haryana,01-01-2022,3652.22,4296.73
okra,haryana,29-01-2022,3732.17,4390.79
okra,haryana,26-02-2022,4022.18,4731.98
okra,haryana,26-03-2022,4050.55,4765.35
okra,haryana,23-04-2022,3898.86,4586.89
okra,haryana,21-05-2022,3945.04,4641.22
okra,haryana,18-06-2022,4036.96,4749.36
okra,haryana,16-07-2022,4215.4,4959.3
okra,haryana,13-08-2022,4113.63,4839.57
okra,haryana,10-09-2022,4065.1,4782.47
okra,haryana,08-10-2022,4092.84,4815.11
okra,haryana,05-11-2022,4128.08,4856.57
okra,haryana,03-12-2022,4479.72,5270.26
okra,haryana,31-12-2022,3760.99,4424.69
okra,haryana,28-01-2023,3738.87,4398.67
okra,haryana,25-02-2023,3973.34,4674.52
okra,haryana,25-03-2023,3871.66,4554.89
okra,haryana,22-04-2023,3918.47,4609.96
okra,haryana,20-05-2023,4052.68,4767.86
okra,haryana,17-06-2023,3936.35,4631.0
okra,haryana,15-07-2023,4310.5,5071.18
okra,haryana,12-08-2023,4230.87,4977.49
okra,haryana,09-09-2023,4117.34,4843.93
okra,haryana,07-10-2023,4166.34,4901.58
okra,haryana,04-11-2023,4443.05,5227.12
okra,haryana,02-12-2023,4469.17,5257.85
okra,haryana,30-12-2023,3635.36,4276.9
okra,haryana,27-01-2024,3914.26,4605.01
okra,haryana,24-02-2024,3878.18,4562.57
okra,haryana,23-03-2024,3808.53,4480.62
okra,haryana,20-04-2024,3995.39,4700.46
okra,haryana,18-05-2024,4035.13,4747.21
okra,haryana,15-06-2024,4054.99,4770.58
okra,haryana,13-07-2024,3912.23,4602.62
okra,haryana,10-08-2024,4234.52,4981.79
okra,haryana,07-09-2024,4099.27,4822.67
okra,haryana,05-10-2024,4141.77,4872.67
okra,haryana,02-11-2024,4382.26,5155.6
okra,haryana,30-11-2024,4478.99,5269.4
okra,haryana,28-12-2024,3786.59,4454.81
okra,haryana,25-01-2025,3973.2,4674.35
okra,haryana,22-02-2025,3999.75,4705.59
okra,haryana,22-03-2025,4016.11,4724.83
okra,haryana,19-04-2025,3986.57,4690.08
okra,haryana,17-05-2025,3932.97,4627.02
okra,haryana,14-06-2025,4192.46,4932.31
okra,haryana,12-07-2025,4132.21,4861.42
okra,haryana,09-08-2025,4369.6,5140.71
okra,haryana,06-09-2025,4171.56,4907.72
okra,haryana,04-10-2025,4414.68,5193.74
okra,uttarpradesh,01-01-2022,3460.68,4071.39
okra,uttarpradesh,29-01-2022,3493.63,4110.15
okra,uttarpradesh,26-02-2022,3597.14,4231.93
okra,uttarpradesh,26-03-2022,3359.44,3952.28
okra,uttarpradesh,23-04-2022,3392.55,3991.23
okra,uttarpradesh,21-05-2022,3687.68,4338.45
okra,uttarpradesh,18-06-2022,3527.09,4149.52
okra,uttarpradesh,16-07-2022,3693.67,4345.5
okra,uttarpradesh,13-08-2022,3597.17,4231.97
okra,uttarpradesh,10-09-2022,3832.61,4508.95
okra,uttarpradesh,08-10-2022,3643.98,4287.04
okra,uttarpradesh,05-11-2022,3941.79,4637.4
okra,uttarpradesh,03-12-2022,3698.65,4351.35
okra,uttarpradesh,31-12-2022,3311.74,3896.17
okra,uttarpradesh,28-01-2023,3322.4,3908.71
okra,uttarpradesh,25-02-2023,3511.78,4131.51
okra,uttarpradesh,25-03-2023,3479.55,4093.59
okra,uttarpradesh,22-04-2023,3337.48,3926.45
okra,uttarpradesh,20-05-2023,3711.78,4366.8
okra,uttarpradesh,17-06-2023,3593.83,4228.04
okra,uttarpradesh,15-07-2023,3491.46,4107.6
okra,uttarpradesh,12-08-2023,3763.08,4427.15
okra,uttarpradesh,09-09-2023,3858.7,4539.65
okra,uttarpradesh,07-10-2023,3718.68,4374.92
okra,uttarpradesh,04-11-2023,3989.06,4693.01
okra,uttarpradesh,02-12-2023,3731.02,4389.43
okra,uttarpradesh,30-12-2023,3198.36,3762.78
okra,uttarpradesh,27-01-2024,3453.77,4063.26
okra,uttarpradesh,24-02-2024,3292.75,3873.82
okra,uttarpradesh,23-03-2024,3451.38,4060.45
okra,uttarpradesh,20-04-2024,3626.8,4266.82
okra,uttarpradesh,18-05-2024,3596.98,4231.74
okra,uttarpradesh,15-06-2024,3743.3,4403.88
okra,uttarpradesh,13-07-2024,3472.92,4085.79
okra,uttarpradesh,10-08-2024,3527.47,4149.96
okra,uttarpradesh,07-09-2024,3636.88,4278.68
okra,uttarpradesh,05-10-2024,3926.83,4619.8
okra,uttarpradesh,02-11-2024,3693.28,4345.04
okra,uttarpradesh,30-11-2024,4006.48,4713.51
okra,uttarpradesh,28-12-2024,3336.29,3925.05
okra,uttarpradesh,25-01-2025,3256.65,3831.35
okra,uttarpradesh,22-02-2025,3293.4,3874.59
okra,uttarpradesh,22-03-2025,3535.74,4159.7
okra,uttarpradesh,19-04-2025,3598.52,4233.55
okra,uttarpradesh,17-05-2025,3585.18,4217.86
okra,uttarpradesh,14-06-2025,3583.04,4215.34
okra,uttarpradesh,12-07-2025,3692.12,4343.67
okra,uttarpradesh,09-08-2025,3647.19,4290.81
okra,uttarpradesh,06-09-2025,3824.62,4499.55
okra,uttarpradesh,04-10-2025,3613.32,4250.96
okra,madhyapradesh,01-01-2022,4251.67,5001.96
okra,madhyapradesh,29-01-2022,4539.51,5340.6
okra,madhyapradesh,26-02-2022,4521.95,5319.94
okra,madhyapradesh,26-03-2022,4656.99,5478.81
okra,madhyapradesh,23-04-2022,4597.34,5408.63
okra,madhyapradesh,21-05-2022,4621.4,5436.94
okra,madhyapradesh,18-06-2022,4737.78,5573.86
okra,madhyapradesh,16-07-2022,4465.35,5253.35
okra,madhyapradesh,13-08-2022,4732.4,5567.53
okra,madhyapradesh,10-09-2022,4590.56,5400.66
okra,madhyapradesh,08-10-2022,4907.79,5773.87
okra,madhyapradesh,05-11-2022,5058.74,5951.46
okra,madhyapradesh,03-12-2022,5010.78,5895.03
okra,madhyapradesh,31-12-2022,4438.07,5221.26
okra,madhyapradesh,28-01-2023,4278.88,5033.98
okra,madhyapradesh,25-02-2023,4347.47,5114.67
okra,madhyapradesh,25-03-2023,4241.92,4990.49
okra,madhyapradesh,22-04-2023,4343.06,5109.48
okra,madhyapradesh,20-05-2023,4433.74,5216.17
okra,madhyapradesh,17-06-2023,4592.8,5403.29
okra,madhyapradesh,15-07-2023,4546.0,5348.24
okra,madhyapradesh,12-08-2023,4743.17,5580.2
okra,madhyapradesh,09-09-2023,4881.18,5742.56
okra,madhyapradesh,07-10-2023,4605.34,5418.05
okra,madhyapradesh,04-11-2023,5096.5,5995.88
okra,madhyapradesh,02-12-2023,4972.21,5849.66
okra,madhyapradesh,30-12-2023,4375.52,5147.67
okra,madhyapradesh,27-01-2024,4500.25,5294.41
okra,madhyapradesh,24-02-2024,4417.07,5196.55
okra,madhyapradesh,23-03-2024,4239.26,4987.37
okra,madhyapradesh,20-04-2024,4350.79,5118.58
okra,madhyapradesh,18-05-2024,4553.4,5356.94
okra,madhyapradesh,15-06-2024,4742.03,5578.86
okra,madhyapradesh,13-07-2024,4775.84,5618.64
okra,madhyapradesh,10-08-2024,4713.78,5545.62
okra,madhyapradesh,07-09-2024,4995.63,5877.21
okra,madhyapradesh,05-10-2024,4645.56,5465.36
okra,madhyapradesh,02-11-2024,4658.79,5480.93
okra,madhyapradesh,30-11-2024,5037.53,5926.51
okra,madhyapradesh,28-12-2024,4132.61,4861.89
okra,madhyapradesh,25-01-2025,4403.79,5180.93
okra,madhyapradesh,22-02-2025,4616.88,5431.62
okra,madhyapradesh,22-03-2025,4306.69,5066.7
okra,madhyapradesh,19-04-2025,4692.14,5520.17
okra,madhyapradesh,17-05-2025,4648.81,5469.19
okra,madhyapradesh,14-06-2025,4796.87,5643.38
okra,madhyapradesh,12-07-2025,4716.48,5548.8
okra,madhyapradesh,09-08-2025,4959.63,5834.86
okra,madhyapradesh,06-09-2025,4663.64,5486.63
okra,madhyapradesh,04-10-2025,4831.57,5684.2
okra,westbengal,01-01-2022,3398.55,3998.29
okra,westbengal,29-01-2022,3490.92,4106.97
okra,westbengal,26-02-2022,3493.65,4110.18
okra,westbengal,26-03-2022,3616.41,4254.6
okra,westbengal,23-04-2022,3649.53,4293.56
okra,westbengal,21-05-2022,3858.21,4539.07
okra,westbengal,18-06-2022,3917.22,4608.49
okra,westbengal,16-07-2022,3622.53,4261.8
okra,westbengal,13-08-2022,3969.06,4669.48
okra,westbengal,10-09-2022,3916.15,4607.23
okra,westbengal,08-10-2022,4010.01,4717.66
okra,westbengal,05-11-2022,4071.45,4789.94
okra,westbengal,03-12-2022,3975.1,4676.59
okra,westbengal,31-12-2022,3452.49,4061.75
okra,westbengal,28-01-2023,3678.37,4327.49
okra,westbengal,25-02-2023,3592.0,4225.88
okra,westbengal,25-03-2023,3459.11,4069.54
okra,westbengal,22-04-2023,3734.93,4394.03
okra,westbengal,20-05-2023,3785.93,4454.03
okra,westbengal,17-06-2023,3688.76,4339.72
okra,westbengal,15-07-2023,3924.09,4616.58
okra,westbengal,12-08-2023,3713.41,4368.72
okra,westbengal,09-09-2023,4044.5,4758.24
okra,westbengal,07-10-2023,4124.42,4852.26
okra,westbengal,04-11-2023,3850.65,4530.18
okra,westbengal,02-12-2023,4159.59,4893.64
okra,westbengal,30-12-2023,3466.09,4077.75
okra,westbengal,27-01-2024,3384.2,3981.41
okra,westbengal,24-02-2024,3769.01,4434.13
okra,westbengal,23-03-2024,3672.78,4320.92
okra,westbengal,20-04-2024,3776.17,4442.55
okra,westbengal,18-05-2024,3742.12,4402.5
okra,westbengal,15-06-2024,3897.34,4585.11
okra,westbengal,13-07-2024,3718.78,4375.03
okra,westbengal,10-08-2024,3918.23,4609.68
okra,westbengal,07-09-2024,3710.69,4365.52
okra,westbengal,05-10-2024,4060.11,4776.6
okra,westbengal,02-11-2024,4057.87,4773.97
okra,westbengal,30-11-2024,3971.14,4671.93
okra,westbengal,28-12-2024,3482.29,4096.81
okra,westbengal,25-01-2025,3615.55,4253.59
okra,westbengal,22-02-2025,3500.55,4118.3
okra,westbengal,22-03-2025,3762.67,4426.67
okra,westbengal,19-04-2025,3831.71,4507.9
okra,westbengal,17-05-2025,3672.58,4320.68
okra,westbengal,14-06-2025,3860.3,4541.53
okra,westbengal,12-07-2025,3954.22,4652.02
okra,westbengal,09-08-2025,3716.14,4371.93
okra,westbengal,06-09-2025,3828.37,4503.97
okra,westbengal,04-10-2025,4034.47,4746.44
okra,bihar,01-01-2022,4807.57,5655.97
okra,bihar,29-01-2022,4834.2,5687.3
okra,bihar,26-02-2022,4687.53,5514.74
okra,bihar,26-03-2022,4560.34,5365.1
okra,bihar,23-04-2022,5063.52,5957.08
okra,bihar,21-05-2022,4774.75,5617.35
okra,bihar,18-06-2022,4903.58,5768.92
okra,bihar,16-07-2022,5269.89,6199.87
okra,bihar,13-08-2022,5318.02,6256.5
okra,bihar,10-09-2022,5220.82,6142.14
okra,bihar,08-10-2022,5340.79,6283.28
okra,bihar,05-11-2022,5466.26,6430.89
okra,bihar,03-12-2022,5134.73,6040.86
okra,bihar,31-12-2022,4786.25,5630.88
okra,bihar,28-01-2023,4777.71,5620.84
okra,bihar,25-02-2023,4832.79,5685.64
okra,bihar,25-03-2023,4855.7,5712.59
okra,bihar,22-04-2023,5033.39,5921.64
okra,bihar,20-05-2023,4951.78,5825.62
okra,bihar,17-06-2023,4866.09,5724.81
okra,bihar,15-07-2023,5207.56,6126.54
okra,bihar,12-08-2023,5088.31,5986.25
okra,bihar,09-09-2023,5000.44,5882.87
okra,bihar,07-10-2023,4947.19,5820.22
okra,bihar,04-11-2023,5476.82,6443.32
okra,bihar,02-12-2023,5444.22,6404.97
okra,bihar,30-12-2023,4671.62,5496.02
okra,bihar,27-01-2024,4827.66,5679.6
okra,bihar,24-02-2024,4889.3,5752.12
okra,bihar,23-03-2024,4710.03,5541.21
okra,bihar,20-04-2024,4724.05,5557.7
okra,bihar,18-05-2024,4740.24,5576.75
okra,bihar,15-06-2024,4905.73,5771.45
okra,bihar,13-07-2024,4813.29,5662.69
okra,bihar,10-08-2024,5074.52,5970.02
okra,bihar,07-09-2024,5074.7,5970.23
okra,bihar,05-10-2024,5361.95,6308.18
okra,bihar,02-11-2024,5285.99,6218.81
okra,bihar,30-11-2024,5257.88,6185.74
okra,bihar,28-12-2024,4528.29,5327.4
okra,bihar,25-01-2025,4782.44,5626.4
okra,bihar,22-02-2025,4619.58,5434.8
okra,bihar,22-03-2025,4878.61,5739.54
okra,bihar,19-04-2025,5067.39,5961.64
okra,bihar,17-05-2025,5091.63,5990.15
okra,bihar,14-06-2025,4838.31,5692.13
okra,bihar,12-07-2025,5054.01,5945.9
okra,bihar,09-08-2025,4879.81,5740.95
okra,bihar,06-09-2025,5054.69,5946.7
okra,bihar,04-10-2025,5368.53,6315.92
okra,odisha,01-01-2022,4585.18,5394.33
okra,odisha,29-01-2022,4748.05,5585.94
okra,odisha,26-02-2022,4691.61,5519.54
okra,odisha,26-03-2022,5105.87,6006.91
okra,odisha,23-04-2022,4919.56,5787.72
okra,odisha,21-05-2022,5142.28,6049.74
okra,odisha,18-06-2022,5084.16,5981.37
okra,odisha,16-07-2022,5061.21,5954.36
okra,odisha,13-08-2022,5395.06,6347.13
okra,odisha,10-09-2022,5122.85,6026.88
okra,odisha,08-10-2022,5141.65,6049.0
okra,odisha,05-11-2022,5246.77,6172.67
okra,odisha,03-12-2022,5524.06,6498.89
okra,odisha,31-12-2022,4884.53,5746.51
okra,odisha,28-01-2023,4564.03,5369.45
okra,odisha,25-02-2023,4829.3,5681.53
okra,odisha,25-03-2023,4659.56,5481.84
okra,odisha,22-04-2023,4899.1,5763.65
okra,odisha,20-05-2023,4979.05,5857.71
okra,odisha,17-06-2023,5196.06,6113.01
okra,odisha,15-07-2023,4913.05,5780.06
okra,odisha,12-08-2023,5205.82,6124.49
okra,odisha,09-09-2023,5355.01,6300.01
okra,odisha,07-10-2023,5274.04,6204.75
okra,odisha,04-11-2023,5119.57,6023.02
okra,odisha,02-12-2023,5317.97,6256.44
okra,odisha,30-12-2023,4528.26,5327.36
okra,odisha,27-01-2024,4916.82,5784.5
okra,odisha,24-02-2024,4874.24,5734.4
okra,odisha,23-03-2024,4993.38,5874.56
okra,odisha,20-04-2024,5077.88,5973.98
okra,odisha,18-05-2024,4963.69,5839.64
okra,odisha,15-06-2024,4903.62,5768.97
okra,odisha,13-07-2024,5040.23,5929.68
okra,odisha,10-08-2024,4979.49,5858.22
okra,odisha,07-09-2024,5366.32,6313.32
okra,odisha,05-10-2024,5241.01,6165.89
okra,odisha,02-11-2024,5460.76,6424.42
okra,odisha,30-11-2024,5656.88,6655.15
okra,odisha,28-12-2024,4817.6,5667.77
okra,odisha,25-01-2025,4712.04,5543.58
okra,odisha,22-02-2025,4789.2,5634.35
okra,odisha,22-03-2025,4691.18,5519.04
okra,odisha,19-04-2025,4854.32,5710.97
okra,odisha,17-05-2025,4953.57,5827.73
okra,odisha,14-06-2025,4802.92,5650.49
okra,odisha,12-07-2025,4948.55,5821.82
okra,odisha,09-08-2025,5326.85,6266.88
okra,odisha,06-09-2025,5197.86,6115.13
okra,odisha,04-10-2025,5202.25,6120.29
carrot,karnataka,01-01-2022,4051.73,4766.74
carrot,karnataka,29-01-2022,3992.65,4697.24
carrot,karnataka,26-02-2022,4250.09,5000.1
carrot,karnataka,26-03-2022,4202.5,4944.12
carrot,karnataka,23-04-2022,4140.42,4871.08
carrot,karnataka,21-05-2022,4290.99,5048.22
carrot,karnataka,18-06-2022,4126.42,4854.61
carrot,karnataka,16-07-2022,4290.37,5047.49
carrot,karnataka,13-08-2022,4261.47,5013.49
carrot,karnataka,10-09-2022,4275.25,5029.71
carrot,karnataka,08-10-2022,4228.84,4975.11
carrot,karnataka,05-11-2022,4352.02,5120.02
carrot,karnataka,03-12-2022,4516.31,5313.31
carrot,karnataka,31-12-2022,4078.05,4797.71
carrot,karnataka,28-01-2023,4136.61,4866.6
carrot,karnataka,25-02-2023,4050.98,4765.86
carrot,karnataka,25-03-2023,4026.94,4737.58
carrot,karnataka,22-04-2023,4131.24,4860.28
carrot,karnataka,20-05-2023,4063.65,4780.76
carrot,karnataka,17-06-2023,4055.62,4771.32
carrot,karnataka,15-07-2023,4323.0,5085.88
carrot,karnataka,12-08-2023,4272.52,5026.5
carrot,karnataka,09-09-2023,4513.58,5310.09
carrot,karnataka,07-10-2023,4397.03,5172.98
carrot,karnataka,04-11-2023,4505.85,5301.0
carrot,karnataka,02-12-2023,4761.14,5601.34
carrot,karnataka,30-12-2023,4106.57,4831.26
carrot,karnataka,27-01-2024,3874.74,4558.52
carrot,karnataka,24-02-2024,4056.23,4772.03
carrot,karnataka,23-03-2024,4017.07,4725.97
carrot,karnataka,20-04-2024,3959.78,4658.56
carrot,karnataka,18-05-2024,4162.53,4897.09
carrot,karnataka,15-06-2024,4140.92,4871.67
carrot,karnataka,13-07-2024,4085.71,4806.72
carrot,karnataka,10-08-2024,4411.74,5190.28
carrot,karnataka,07-09-2024,4340.72,5106.73
carrot,karnataka,05-10-2024,4313.69,5074.93
carrot,karnataka,02-11-2024,4483.46,5274.66
carrot,karnataka,30-11-2024,4346.1,5113.06
carrot,karnataka,28-12-2024,4083.39,4803.99
carrot,karnataka,25-01-2025,3882.98,4568.21
carrot,karnataka,22-02-2025,3984.16,4687.25
carrot,karnataka,22-03-2025,4191.84,4931.58
carrot,karnataka,19-04-2025,4341.92,5108.14
carrot,karnataka,17-05-2025,4155.92,4889.32
carrot,karnataka,14-06-2025,4211.8,4955.06
carrot,karnataka,12-07-2025,4140.73,4871.45
carrot,karnataka,09-08-2025,4390.46,5165.25
carrot,karnataka,06-09-2025,4270.69,5024.34
carrot,karnataka,04-10-2025,4456.85,5243.35
carrot,tamilnadu,01-01-2022,3967.49,4667.63
carrot,tamilnadu,29-01-2022,3928.16,4621.37
carrot,tamilnadu,26-02-2022,3897.51,4585.3
carrot,tamilnadu,26-03-2022,4050.62,4765.43
carrot,tamilnadu,23-04-2022,3840.75,4518.53
carrot,tamilnadu,21-05-2022,3981.41,4684.01
carrot,tamilnadu,18-06-2022,4298.52,5057.08
carrot,tamilnadu,16-07-2022,4183.45,4921.71
carrot,tamilnadu,13-08-2022,4176.59,4913.64
carrot,tamilnadu,10-09-2022,4346.09,5113.05
carrot,tamilnadu,08-10-2022,4177.65,4914.88
carrot,tamilnadu,05-11-2022,4449.9,5235.18
carrot,tamilnadu,03-12-2022,4536.78,5337.39
carrot,tamilnadu,31-12-2022,3945.04,4641.22
carrot,tamilnadu,28-01-2023,3793.04,4462.4
carrot,tamilnadu,25-02-2023,3874.06,4557.72
carrot,tamilnadu,25-03-2023,3793.2,4462.59
carrot,tamilnadu,22-04-2023,4040.08,4753.04
carrot,tamilnadu,20-05-2023,4214.27,4957.96
carrot,tamilnadu,17-06-2023,4238.07,4985.96
carrot,tamilnadu,15-07-2023,4162.99,4897.63
carrot,tamilnadu,12-08-2023,4254.41,5005.19
carrot,tamilnadu,09-09-2023,4372.89,5144.58
carrot,tamilnadu,07-10-2023,4514.67,5311.38
carrot,tamilnadu,04-11-2023,4289.9,5046.94
carrot,tamilnadu,02-12-2023,4569.25,5375.59
carrot,tamilnadu,30-12-2023,3811.32,4483.91
carrot,tamilnadu,27-01-2024,3792.14,4461.34
carrot,tamilnadu,24-02-2024,3741.07,4401.26
carrot,tamilnadu,23-03-2024,3859.48,4540.57
carrot,tamilnadu,20-04-2024,4093.04,4815.34
carrot,tamilnadu,18-05-2024,4005.23,4712.04
carrot,tamilnadu,15-06-2024,4105.3,4829.77
carrot,tamilnadu,13-07-2024,4272.53,5026.51
carrot,tamilnadu,10-08-2024,4221.69,4966.69
carrot,tamilnadu,07-09-2024,4432.51,5214.72
carrot,tamilnadu,05-10-2024,4317.29,5079.16
carrot,tamilnadu,02-11-2024,4294.97,5052.91
carrot,tamilnadu,30-11-2024,4304.88,5064.56
carrot,tamilnadu,28-12-2024,3814.11,4487.19
carrot,tamilnadu,25-01-2025,3722.02,4378.85
carrot,tamilnadu,22-02-2025,4014.75,4723.24
carrot,tamilnadu,22-03-2025,3794.09,4463.63
carrot,tamilnadu,19-04-2025,4163.55,4898.29
carrot,tamilnadu,17-05-2025,4088.96,4810.54
carrot,tamilnadu,14-06-2025,3980.27,4682.67
carrot,tamilnadu,12-07-2025,4040.55,4753.59
carrot,tamilnadu,09-08-2025,4099.2,4822.59
carrot,tamilnadu,06-09-2025,4227.83,4973.92
carrot,tamilnadu,04-10-2025,4462.99,5250.58
carrot,andhrapradesh,01-01-2022,3376.91,3972.83
carrot,andhrapradesh,29-01-2022,3367.39,3961.64
carrot,andhrapradesh,26-02-2022,3450.4,4059.29
carrot,andhrapradesh,26-03-2022,3769.44,4434.64
carrot,andhrapradesh,23-04-2022,3523.84,4145.7
carrot,andhrapradesh,21-05-2022,3549.47,4175.85
carrot,andhrapradesh,18-06-2022,3837.32,4514.49
carrot,andhrapradesh,16-07-2022,3909.97,4599.97
carrot,andhrapradesh,13-08-2022,3952.62,4650.14
carrot,andhrapradesh,10-09-2022,3928.22,4621.44
carrot,andhrapradesh,08-10-2022,3909.22,4599.08
carrot,andhrapradesh,05-11-2022,3998.73,4704.39
carrot,andhrapradesh,03-12-2022,4187.37,4926.32
carrot,andhrapradesh,31-12-2022,3342.24,3932.05
carrot,andhrapradesh,28-01-2023,3404.28,4005.04
carrot,andhrapradesh,25-02-2023,3665.55,4312.41
carrot,andhrapradesh,25-03-2023,3485.73,4100.86
carrot,andhrapradesh,22-04-2023,3792.61,4461.9
carrot,andhrapradesh,20-05-2023,3648.77,4292.67
carrot,andhrapradesh,17-06-2023,3660.58,4306.56
carrot,andhrapradesh,15-07-2023,3910.44,4600.52
carrot,andhrapradesh,12-08-2023,3789.62,4458.38
carrot,andhrapradesh,09-09-2023,3890.38,4576.92
carrot,andhrapradesh,07-10-2023,3730.11,4388.37
carrot,andhrapradesh,04-11-2023,3828.2,4503.76
carrot,andhrapradesh,02-12-2023,3841.32,4519.2
carrot,andhrapradesh,30-12-2023,3452.95,4062.3
carrot,andhrapradesh,27-01-2024,3550.19,4176.69
carrot,andhrapradesh,24-02-2024,3461.54,4072.4
carrot,andhrapradesh,23-03-2024,3737.97,4397.61
carrot,andhrapradesh,20-04-2024,3535.52,4159.43
carrot,andhrapradesh,18-05-2024,3522.23,4143.8
carrot,andhrapradesh,15-06-2024,3619.9,4258.71
carrot,andhrapradesh,13-07-2024,3750.06,4411.84
carrot,andhrapradesh,10-08-2024,4002.72,4709.08
carrot,andhrapradesh,07-09-2024,3896.26,4583.83
carrot,andhrapradesh,05-10-2024,3932.5,4626.47
carrot,andhrapradesh,02-11-2024,3796.52,4466.49
carrot,andhrapradesh,30-11-2024,4191.61,4931.3
carrot,andhrapradesh,28-12-2024,3397.75,3997.35
carrot,andhrapradesh,25-01-2025,3585.43,4218.15
carrot,andhrapradesh,22-02-2025,3483.4,4098.12
carrot,andhrapradesh,22-03-2025,3727.99,4385.87
carrot,andhrapradesh,19-04-2025,3492.18,4108.45
carrot,andhrapradesh,17-05-2025,3713.24,4368.52
carrot,andhrapradesh,14-06-2025,3877.25,4561.47
carrot,andhrapradesh,12-07-2025,3764.2,4428.47
carrot,andhrapradesh,09-08-2025,3973.05,4674.18
carrot,andhrapradesh,06-09-2025,3970.1,4670.71
carrot,andhrapradesh,04-10-2025,4078.07,4797.73
carrot,telangana,01-01-2022,3786.22,4454.38
carrot,telangana,29-01-2022,4170.95,4907.0
carrot,telangana,26-02-2022,4028.63,4739.57
carrot,telangana,26-03-2022,4214.15,4957.82
carrot,telangana,23-04-2022,4310.31,5070.95
carrot,telangana,21-05-2022,4276.32,5030.97
carrot,telangana,18-06-2022,4435.33,5218.03
carrot,telangana,16-07-2022,4207.42,4949.91
carrot,telangana,13-08-2022,4215.3,4959.18
carrot,telangana,10-09-2022,4257.17,5008.43
carrot,telangana,08-10-2022,4594.0,5404.71
carrot,telangana,05-11-2022,4352.1,5120.12
carrot,telangana,03-12-2022,4733.02,5568.26
carrot,telangana,31-12-2022,3903.34,4592.17
carrot,telangana,28-01-2023,3890.87,4577.49
carrot,telangana,25-02-2023,3893.94,4581.11
carrot,telangana,25-03-2023,4226.37,4972.2
carrot,telangana,22-04-2023,4008.13,4715.45
carrot,telangana,20-05-2023,4105.6,4830.12
carrot,telangana,17-06-2023,4223.89,4969.28
carrot,telangana,15-07-2023,4502.93,5297.56
carrot,telangana,12-08-2023,4527.2,5326.12
carrot,telangana,09-09-2023,4178.29,4915.64
carrot,telangana,07-10-2023,4321.6,5084.23
carrot,telangana,04-11-2023,4522.57,5320.67
carrot,telangana,02-12-2023,4653.33,5474.51
carrot,telangana,30-12-2023,4053.32,4768.61
carrot,telangana,27-01-2024,3931.37,4625.14
carrot,telangana,24-02-2024,3872.77,4556.2
carrot,telangana,23-03-2024,4256.15,5007.23
carrot,telangana,20-04-2024,4197.29,4937.99
carrot,telangana,18-05-2024,4245.89,4995.16
carrot,telangana,15-06-2024,4454.56,5240.66
carrot,telangana,13-07-2024,4221.97,4967.02
carrot,telangana,10-08-2024,4432.89,5215.16
carrot,telangana,07-09-2024,4272.21,5026.13
carrot,telangana,05-10-2024,4491.58,5284.21
carrot,telangana,02-11-2024,4326.8,5090.35
carrot,telangana,30-11-2024,4634.83,5452.74
carrot,telangana,28-12-2024,4146.22,4877.91
carrot,telangana,25-01-2025,3998.66,4704.3
carrot,telangana,22-02-2025,4067.22,4784.97
carrot,telangana,22-03-2025,3930.62,4624.26
carrot,telangana,19-04-2025,4313.06,5074.19
carrot,telangana,17-05-2025,4038.11,4750.72
carrot,telangana,14-06-2025,4200.11,4941.3
carrot,telangana,12-07-2025,4231.85,4978.65
carrot,telangana,09-08-2025,4149.88,4882.21
carrot,telangana,06-09-2025,4604.51,5417.07
carrot,telangana,04-10-2025,4473.13,5262.51
carrot,kerala,01-01-2022,3314.79,3899.75
carrot,kerala,29-01-2022,3462.48,4073.51
carrot,kerala,26-02-2022,3501.38,4119.27
carrot,kerala,26-03-2022,3535.19,4159.05
carrot,kerala,23-04-2022,3554.56,4181.83
carrot,kerala,21-05-2022,3538.44,4162.87
carrot,kerala,18-06-2022,3835.9,4512.82
carrot,kerala,16-07-2022,3764.32,4428.61
carrot,kerala,13-08-2022,3713.11,4368.36
carrot,kerala,10-09-2022,4013.2,4721.41
carrot,kerala,08-10-2022,3907.48,4597.04
carrot,kerala,05-11-2022,3824.19,4499.05
carrot,kerala,03-12-2022,4057.82,4773.91
carrot,kerala,31-12-2022,3473.53,4086.51
carrot,kerala,28-01-2023,3320.56,3906.54
carrot,kerala,25-02-2023,3608.34,4245.1
carrot,kerala,25-03-2023,3574.67,4205.5
carrot,kerala,22-04-2023,3632.29,4273.28
carrot,kerala,20-05-2023,3585.89,4218.7
carrot,kerala,17-06-2023,3517.49,4138.22
carrot,kerala,15-07-2023,3837.42,4514.61
carrot,kerala,12-08-2023,3974.44,4675.81
carrot,kerala,09-09-2023,3927.52,4620.61
carrot,kerala,07-10-2023,4007.56,4714.78
carrot,kerala,04-11-2023,3729.0,4387.06
carrot,kerala,02-12-2023,3778.96,4445.84
carrot,kerala,30-12-2023,3275.12,3853.08
carrot,kerala,27-01-2024,3561.66,4190.19
carrot,kerala,24-02-2024,3389.66,3987.84
carrot,kerala,23-03-2024,3736.93,4396.39
carrot,kerala,20-04-2024,3740.15,4400.18
carrot,kerala,18-05-2024,3693.34,4345.1
carrot,kerala,15-06-2024,3577.86,4209.25
carrot,kerala,13-07-2024,3846.2,4524.94
carrot,kerala,10-08-2024,3940.5,4635.88
carrot,kerala,07-09-2024,3936.36,4631.01
carrot,kerala,05-10-2024,4045.52,4759.44
carrot,kerala,02-11-2024,4065.97,4783.49
carrot,kerala,30-11-2024,3855.62,4536.02
carrot,kerala,28-12-2024,3282.81,3862.13
carrot,kerala,25-01-2025,3402.73,4003.21
carrot,kerala,22-02-2025,3555.26,4182.66
carrot,kerala,22-03-2025,3406.38,4007.51
carrot,kerala,19-04-2025,3516.25,4136.76
carrot,kerala,17-05-2025,3804.46,4475.83
carrot,kerala,14-06-2025,3645.45,4288.76
carrot,kerala,12-07-2025,3629.31,4269.78
carrot,kerala,09-08-2025,3676.2,4324.94
carrot,kerala,06-09-2025,3641.39,4283.99
carrot,kerala,04-10-2025,3744.67,4405.5
carrot,maharashtra,01-01-2022,3193.36,3756.9
carrot,maharashtra,29-01-2022,3493.76,4110.3
carrot,maharashtra,26-02-2022,3569.83,4199.8
carrot,maharashtra,26-03-2022,3578.37,4209.85
carrot,maharashtra,23-04-2022,3459.3,4069.76
carrot,maharashtra,21-05-2022,3724.19,4381.4
carrot,maharashtra,18-06-2022,3458.56,4068.89
carrot,maharashtra,16-07-2022,3779.36,4446.31
carrot,maharashtra,13-08-2022,3580.33,4212.15
carrot,maharashtra,10-09-2022,3662.41,4308.72
carrot,maharashtra,08-10-2022,3700.07,4353.02
carrot,maharashtra,05-11-2022,3889.3,4575.65
carrot,maharashtra,03-12-2022,4001.05,4707.12
carrot,maharashtra,31-12-2022,3255.39,3829.87
carrot,maharashtra,28-01-2023,3356.58,3948.92
carrot,maharashtra,25-02-2023,3432.06,4037.72
carrot,maharashtra,25-03-2023,3491.22,4107.32
carrot,maharashtra,22-04-2023,3535.27,4159.14
carrot,maharashtra,20-05-2023,3625.23,4264.98
carrot,maharashtra,17-06-2023,3492.6,4108.94
carrot,maharashtra,15-07-2023,3527.86,4150.42
carrot,maharashtra,12-08-2023,3782.61,4450.13
carrot,maharashtra,09-09-2023,3608.46,4245.25
carrot,maharashtra,07-10-2023,3637.44,4279.34
carrot,maharashtra,04-11-2023,3939.5,4634.71
carrot,maharashtra,02-12-2023,3807.36,4479.25
carrot,maharashtra,30-12-2023,3234.36,3805.13
carrot,maharashtra,27-01-2024,3364.02,3957.67
carrot,maharashtra,24-02-2024,3261.54,3837.11
carrot,maharashtra,23-03-2024,3485.33,4100.39
carrot,maharashtra,20-04-2024,3460.26,4070.9
carrot,maharashtra,18-05-2024,3643.54,4286.52
carrot,maharashtra,15-06-2024,3611.4,4248.71
carrot,maharashtra,13-07-2024,3692.16,4343.72
carrot,maharashtra,10-08-2024,3542.12,4167.2
carrot,maharashtra,07-09-2024,3846.32,4525.08
carrot,maharashtra,05-10-2024,3873.27,4556.79
carrot,maharashtra,02-11-2024,3902.53,4591.21
carrot,maharashtra,30-11-2024,3690.51,4341.78
carrot,maharashtra,28-12-2024,3474.18,4087.27
carrot,maharashtra,25-01-2025,3238.89,3810.46
carrot,maharashtra,22-02-2025,3526.68,4149.03
carrot,maharashtra,22-03-2025,3559.62,4187.79
carrot,maharashtra,19-04-2025,3476.43,4089.92
carrot,maharashtra,17-05-2025,3700.81,4353.89
carrot,maharashtra,14-06-2025,3637.8,4279.76
carrot,maharashtra,12-07-2025,3681.12,4330.73
carrot,maharashtra,09-08-2025,3847.26,4526.19
carrot,maharashtra,06-09-2025,3580.6,4212.47
carrot,maharashtra,04-10-2025,3667.75,4315.0
carrot,gujarat,01-01-2022,3427.64,4032.52
carrot,gujarat,29-01-2022,3571.68,4201.98
carrot,gujarat,26-02-2022,3553.33,4180.39
carrot,gujarat,26-03-2022,3619.57,4258.32
carrot,gujarat,23-04-2022,3584.55,4217.12
carrot,gujarat,21-05-2022,3907.39,4596.93
carrot,gujarat,18-06-2022,3754.78,4417.39
carrot,gujarat,16-07-2022,3879.59,4564.22
carrot,gujarat,13-08-2022,4029.69,4740.81
carrot,gujarat,10-09-2022,3986.53,4690.04
carrot,gujarat,08-10-2022,4001.6,4707.77
carrot,gujarat,05-11-2022,4180.77,4918.55
carrot,gujarat,03-12-2022,3999.16,4704.89
carrot,gujarat,31-12-2022,3706.11,4360.13
carrot,gujarat,28-01-2023,3434.51,4040.6
carrot,gujarat,25-02-2023,3489.38,4105.15
carrot,gujarat,25-03-2023,3628.3,4268.59
carrot,gujarat,22-04-2023,3553.37,4180.44
carrot,gujarat,20-05-2023,3653.06,4297.72
carrot,gujarat,17-06-2023,3791.89,4461.05
carrot,gujarat,15-07-2023,3740.02,4400.02
carrot,gujarat,12-08-2023,3848.49,4527.63
carrot,gujarat,09-09-2023,4105.74,4830.28
carrot,gujarat,07-10-2023,4116.34,4842.75
carrot,gujarat,04-11-2023,3928.5,4621.77
carrot,gujarat,02-12-2023,3989.65,4693.71
carrot,gujarat,30-12-2023,3593.65,4227.82
carrot,gujarat,27-01-2024,3581.55,4213.59
carrot,gujarat,24-02-2024,3773.88,4439.86
carrot,gujarat,23-03-2024,3575.64,4206.63
carrot,gujarat,20-04-2024,3563.34,4192.17
carrot,gujarat,18-05-2024,3907.12,4596.61
carrot,gujarat,15-06-2024,3875.32,4559.2
carrot,gujarat,13-07-2024,3992.98,4697.62
carrot,gujarat,10-08-2024,3858.18,4539.03
carrot,gujarat,07-09-2024,3910.92,4601.08
carrot,gujarat,05-10-2024,4081.15,4801.35
carrot,gujarat,02-11-2024,3828.98,4504.68
carrot,gujarat,30-11-2024,4092.28,4814.45
carrot,gujarat,28-12-2024,3413.59,4015.99
carrot,gujarat,25-01-2025,3664.97,4311.73
carrot,gujarat,22-02-2025,3634.5,4275.88
carrot,gujarat,22-03-2025,3581.76,4213.84
carrot,gujarat,19-04-2025,3849.69,4529.05
carrot,gujarat,17-05-2025,3668.61,4316.01
carrot,gujarat,14-06-2025,3681.51,4331.19
carrot,gujarat,12-07-2025,3921.8,4613.88
carrot,gujarat,09-08-2025,3717.11,4373.07
carrot,gujarat,06-09-2025,4006.25,4713.24
carrot,gujarat,04-10-2025,4118.36,4845.13
carrot,rajasthan,01-01-2022,3282.27,3861.49
carrot,rajasthan,29-01-2022,3307.34,3890.99
carrot,rajasthan,26-02-2022,3501.91,4119.89
carrot,rajasthan,26-03-2022,3343.29,3933.28
carrot,rajasthan,23-04-2022,3538.74,4163.22
carrot,rajasthan,21-05-2022,3411.43,4013.45
carrot,rajasthan,18-06-2022,3499.17,4116.67
carrot,rajasthan,16-07-2022,3759.18,4422.56
carrot,rajasthan,13-08-2022,3683.21,4333.19
carrot,rajasthan,10-09-2022,3696.8,4349.18
carrot,rajasthan,08-10-2022,3917.14,4608.4
carrot,rajasthan,05-11-2022,3787.09,4455.4
carrot,rajasthan,03-12-2022,3705.12,4358.96
carrot,rajasthan,31-12-2022,3331.86,3919.84
carrot,rajasthan,28-01-2023,3545.27,4170.91
carrot,rajasthan,25-02-2023,3383.54,3980.63
carrot,rajasthan,25-03-2023,3551.96,4178.78
carrot,rajasthan,22-04-2023,3636.34,4278.05
carrot,rajasthan,20-05-2023,3428.57,4033.61
carrot,rajasthan,17-06-2023,3447.3,4055.65
carrot,rajasthan,15-07-2023,3651.56,4295.95
carrot,rajasthan,12-08-2023,3753.35,4415.71
carrot,rajasthan,09-09-2023,3627.17,4267.26
carrot,rajasthan,07-10-2023,3872.23,4555.56
carrot,rajasthan,04-11-2023,3733.99,4392.93
carrot,rajasthan,02-12-2023,4009.58,4717.15
carrot,rajasthan,30-12-2023,3440.54,4047.7
carrot,rajasthan,27-01-2024,3415.59,4018.34
carrot,rajasthan,24-02-2024,3507.44,4126.4
carrot,rajasthan,23-03-2024,3631.0,4271.76
carrot,rajasthan,20-04-2024,3440.68,4047.86
carrot,rajasthan,18-05-2024,3566.87,4196.32
carrot,rajasthan,15-06-2024,3590.76,4224.42
carrot,rajasthan,13-07-2024,3610.18,4247.27
carrot,rajasthan,10-08-2024,3726.09,4383.64
carrot,rajasthan,07-09-2024,3841.04,4518.87
carrot,rajasthan,05-10-2024,3646.76,4290.3
carrot,rajasthan,02-11-2024,3691.27,4342.67
carrot,rajasthan,30-11-2024,3741.56,4401.84
carrot,rajasthan,28-12-2024,3232.91,3803.42
carrot,rajasthan,25-01-2025,3415.21,4017.89
carrot,rajasthan,22-02-2025,3446.53,4054.74
carrot,rajasthan,22-03-2025,3417.76,4020.89
carrot,rajasthan,19-04-2025,3460.15,4070.76
carrot,rajasthan,17-05-2025,3593.43,4227.57
carrot,rajasthan,14-06-2025,3434.27,4040.32
carrot,rajasthan,12-07-2025,3577.05,4208.29
carrot,rajasthan,09-08-2025,3756.38,4419.27
carrot,rajasthan,06-09-2025,3780.05,4447.12
carrot,rajasthan,04-10-2025,3933.2,4627.29
carrot,punjab,01-01-2022,3359.81,3952.72
carrot,punjab,29-01-2022,3221.58,3790.09
carrot,punjab,26-02-2022,3317.62,3903.08
carrot,punjab,26-03-2022,3452.29,4061.52
carrot,punjab,23-04-2022,3477.11,4090.72
carrot,punjab,21-05-2022,3448.01,4056.48
carrot,punjab,18-06-2022,3592.53,4226.51
carrot,punjab,16-07-2022,3532.88,4156.33
carrot,punjab,13-08-2022,3726.85,4384.53
carrot,punjab,10-09-2022,3534.45,4158.18
carrot,punjab,08-10-2022,3616.53,4254.74
carrot,punjab,05-11-2022,3787.82,4456.26
carrot,punjab,03-12-2022,3584.31,4216.83
carrot,punjab,31-12-2022,3329.1,3916.59
carrot,punjab,28-01-2023,3118.19,3668.46
carrot,punjab,25-02-2023,3319.1,3904.82
carrot,punjab,25-03-2023,3322.56,3908.89
carrot,punjab,22-04-2023,3269.91,3846.95
carrot,punjab,20-05-2023,3466.61,4078.36
carrot,punjab,17-06-2023,3362.55,3955.94
carrot,punjab,15-07-2023,3449.72,4058.5
carrot,punjab,12-08-2023,3457.83,4068.04
carrot,punjab,09-09-2023,3699.83,4352.74
carrot,punjab,07-10-2023,3775.81,4442.13
carrot,punjab,04-11-2023,3766.99,4431.75
carrot,punjab,02-12-2023,3563.91,4192.83
carrot,punjab,30-12-2023,3263.44,3839.34
carrot,punjab,27-01-2024,3167.59,3726.58
carrot,punjab,24-02-2024,3203.39,3768.69
carrot,punjab,23-03-2024,3250.61,3824.25
carrot,punjab,20-04-2024,3346.36,3936.89
carrot,punjab,18-05-2024,3525.2,4147.3
carrot,punjab,15-06-2024,3489.5,4105.29
carrot,punjab,13-07-2024,3466.44,4078.17
carrot,punjab,10-08-2024,3663.92,4310.49
carrot,punjab,07-09-2024,3755.14,4417.81
carrot,punjab,05-10-2024,3605.06,4241.25
carrot,punjab,02-11-2024,3774.28,4440.33
carrot,punjab,30-11-2024,3901.95,4590.53
carrot,punjab,28-12-2024,3218.67,3786.67
carrot,punjab,25-01-2025,3293.3,3874.47
carrot,punjab,22-02-2025,3213.23,3780.27
carrot,punjab,22-03-2025,3444.27,4052.08
carrot,punjab,19-04-2025,3526.56,4148.9
carrot,punjab,17-05-2025,3487.79,4103.28
carrot,punjab,14-06-2025,3335.54,3924.17
carrot,punjab,12-07-2025,3675.11,4323.66
carrot,punjab,09-08-2025,3662.89,4309.28
carrot,punjab,06-09-2025,3507.48,4126.45
carrot,punjab,04-10-2025,3556.94,4184.64
carrot,haryana,01-01-2022,3276.52,3854.73
carrot,haryana,29-01-2022,3324.18,3910.8
carrot,haryana,26-02-2022,3429.83,4035.09
carrot,haryana,26-03-2022,3409.96,4011.72
carrot,haryana,23-04-2022,3467.91,4079.9
carrot,haryana,21-05-2022,3419.03,4022.39
carrot,haryana,18-06-2022,3611.97,4249.38
carrot,haryana,16-07-2022,3516.64,4137.22
carrot,haryana,13-08-2022,3446.44,4054.64
carrot,haryana,10-09-2022,3581.08,4213.04
carrot,haryana,08-10-2022,3571.41,4201.66
carrot,haryana,05-11-2022,3821.4,4495.77
carrot,haryana,03-12-2022,3680.7,4330.24
carrot,haryana,31-12-2022,3362.96,3956.42
carrot,haryana,28-01-2023,3445.65,4053.71
carrot,haryana,25-02-2023,3287.55,3867.71
carrot,haryana,25-03-2023,3271.18,3848.45
carrot,haryana,22-04-2023,3266.99,3843.52
carrot,haryana,20-05-2023,3571.6,4201.88
carrot,haryana,17-06-2023,3547.48,4173.51
carrot,haryana,15-07-2023,3366.46,3960.54
carrot,haryana,12-08-2023,3481.22,4095.55
carrot,haryana,09-09-2023,3464.01,4075.3
carrot,haryana,07-10-2023,3745.2,4406.12
carrot,haryana,04-11-2023,3545.22,4170.85
carrot,haryana,02-12-2023,3634.68,4276.09
carrot,haryana,30-12-2023,3210.6,3777.18
carrot,haryana,27-01-2024,3194.68,3758.45
carrot,haryana,24-02-2024,3373.52,3968.85
carrot,haryana,23-03-2024,3251.02,3824.73
carrot,haryana,20-04-2024,3345.91,3936.37
carrot,haryana,18-05-2024,3442.96,4050.54
carrot,haryana,15-06-2024,3351.64,3943.11
carrot,haryana,13-07-2024,3569.16,4199.01
carrot,haryana,10-08-2024,3535.13,4158.98
carrot,haryana,07-09-2024,3439.01,4045.9
carrot,haryana,05-10-2024,3492.57,4108.91
carrot,haryana,02-11-2024,3870.99,4554.1
carrot,haryana,30-11-2024,3900.99,4589.4
carrot,haryana,28-12-2024,3136.71,3690.25
carrot,haryana,25-01-2025,3288.56,3868.89
carrot,haryana,22-02-2025,3179.53,3740.62
carrot,haryana,22-03-2025,3340.61,3930.13
carrot,haryana,19-04-2025,3380.87,3977.49
carrot,haryana,17-05-2025,3601.84,4237.46
carrot,haryana,14-06-2025,3582.92,4215.2
carrot,haryana,12-07-2025,3653.71,4298.48
carrot,haryana,09-08-2025,3418.01,4021.19
carrot,haryana,06-09-2025,3789.88,4458.68
carrot,haryana,04-10-2025,3793.86,4463.36
carrot,uttarpradesh,01-01-2022,3296.6,3878.35
carrot,uttarpradesh,29-01-2022,3443.26,4050.9
carrot,uttarpradesh,26-02-2022,3629.52,4270.02
carrot,uttarpradesh,26-03-2022,3346.74,3937.34
carrot,uttarpradesh,23-04-2022,3587.18,4220.21
carrot,uttarpradesh,21-05-2022,3505.77,4124.43
carrot,uttarpradesh,18-06-2022,3526.95,4149.35
carrot,uttarpradesh,16-07-2022,3603.99,4239.99
carrot,uttarpradesh,13-08-2022,3577.72,4209.08
carrot,uttarpradesh,10-09-2022,3896.0,4583.53
carrot,uttarpradesh,08-10-2022,3875.93,4559.92
carrot,uttarpradesh,05-11-2022,3995.43,4700.51
carrot,uttarpradesh,03-12-2022,3967.47,4667.61
carrot,uttarpradesh,31-12-2022,3292.25,3873.24
carrot,uttarpradesh,28-01-2023,3560.6,4188.94
carrot,uttarpradesh,25-02-2023,3371.83,3966.86
carrot,uttarpradesh,25-03-2023,3487.52,4102.96
carrot,uttarpradesh,22-04-2023,3387.73,3985.57
carrot,uttarpradesh,20-05-2023,3761.11,4424.84
carrot,uttarpradesh,17-06-2023,3688.74,4339.69
carrot,uttarpradesh,15-07-2023,3608.32,4245.08
carrot,uttarpradesh,12-08-2023,3578.85,4210.41
carrot,uttarpradesh,09-09-2023,3748.52,4410.02
carrot,uttarpradesh,07-10-2023,3676.84,4325.7
carrot,uttarpradesh,04-11-2023,3741.86,4402.19
carrot,uttarpradesh,02-12-2023,3743.55,4404.18
carrot,uttarpradesh,30-12-2023,3340.89,3930.46
carrot,uttarpradesh,27-01-2024,3571.79,4202.1
carrot,uttarpradesh,24-02-2024,3402.94,4003.46
carrot,uttarpradesh,23-03-2024,3665.24,4312.05
carrot,uttarpradesh,20-04-2024,3453.33,4062.74
carrot,uttarpradesh,18-05-2024,3487.89,4103.4
carrot,uttarpradesh,15-06-2024,3635.02,4276.49
carrot,uttarpradesh,13-07-2024,3833.92,4510.49
carrot,uttarpradesh,10-08-2024,3739.35,4399.23
carrot,uttarpradesh,07-09-2024,3764.11,4428.37
carrot,uttarpradesh,05-10-2024,3784.82,4452.73
carrot,uttarpradesh,02-11-2024,4019.04,4728.28
carrot,uttarpradesh,30-11-2024,3717.23,4373.21
carrot,uttarpradesh,28-12-2024,3513.78,4133.86
carrot,uttarpradesh,25-01-2025,3334.29,3922.7
carrot,uttarpradesh,22-02-2025,3390.18,3988.45
carrot,uttarpradesh,22-03-2025,3445.98,4054.09
carrot,uttarpradesh,19-04-2025,3605.42,4241.67
carrot,uttarpradesh,17-05-2025,3439.72,4046.73
carrot,uttarpradesh,14-06-2025,3564.86,4193.95
carrot,uttarpradesh,12-07-2025,3661.97,4308.2
carrot,uttarpradesh,09-08-2025,3570.01,4200.01
carrot,uttarpradesh,06-09-2025,3707.97,4362.32
carrot,uttarpradesh,04-10-2025,3754.28,4416.8
carrot,madhyapradesh,01-01-2022,3533.99,4157.63
carrot,madhyapradesh,29-01-2022,3778.4,4445.18
carrot,madhyapradesh,26-02-2022,3765.89,4430.46
carrot,madhyapradesh,26-03-2022,3685.79,4336.22
carrot,madhyapradesh,23-04-2022,3775.3,4441.53
carrot,madhyapradesh,21-05-2022,3659.0,4304.71
carrot,madhyapradesh,18-06-2022,3744.38,4405.15
carrot,madhyapradesh,16-07-2022,3742.6,4403.06
carrot,madhyapradesh,13-08-2022,4058.99,4775.28
carrot,madhyapradesh,10-09-2022,3869.7,4552.59
carrot,madhyapradesh,08-10-2022,3885.98,4571.74
carrot,madhyapradesh,05-11-2022,3964.83,4664.51
carrot,madhyapradesh,03-12-2022,4197.89,4938.7
carrot,madhyapradesh,31-12-2022,3404.73,4005.56
carrot,madhyapradesh,28-01-2023,3597.8,4232.71
carrot,madhyapradesh,25-02-2023,3541.13,4166.04
carrot,madhyapradesh,25-03-2023,3630.82,4271.55
carrot,madhyapradesh,22-04-2023,3837.04,4514.16
carrot,madhyapradesh,20-05-2023,3888.37,4574.55
carrot,madhyapradesh,17-06-2023,3821.25,4495.59
carrot,madhyapradesh,15-07-2023,3822.21,4496.72
carrot,madhyapradesh,12-08-2023,3813.98,4487.04
carrot,madhyapradesh,09-09-2023,3981.7,4684.35
carrot,madhyapradesh,07-10-2023,4197.14,4937.81
carrot,madhyapradesh,04-11-2023,3907.37,4596.91
carrot,madhyapradesh,02-12-2023,4239.85,4988.06
carrot,madhyapradesh,30-12-2023,3651.77,4296.2
carrot,madhyapradesh,27-01-2024,3552.28,4179.15
carrot,madhyapradesh,24-02-2024,3543.45,4168.77
carrot,madhyapradesh,23-03-2024,3814.0,4487.06
carrot,madhyapradesh,20-04-2024,3596.65,4231.35
carrot,madhyapradesh,18-05-2024,3798.97,4469.38
carrot,madhyapradesh,15-06-2024,3645.68,4289.03
carrot,madhyapradesh,13-07-2024,3937.97,4632.91
carrot,madhyapradesh,10-08-2024,3781.71,4449.07
carrot,madhyapradesh,07-09-2024,3960.12,4658.97
carrot,madhyapradesh,05-10-2024,4091.79,4813.87
carrot,madhyapradesh,02-11-2024,3948.09,4644.81
carrot,madhyapradesh,30-11-2024,4149.4,4881.65
carrot,madhyapradesh,28-12-2024,3725.18,4382.57
carrot,madhyapradesh,25-01-2025,3420.37,4023.96
carrot,madhyapradesh,22-02-2025,3584.82,4217.43
carrot,madhyapradesh,22-03-2025,3688.17,4339.02
carrot,madhyapradesh,19-04-2025,3671.44,4319.34
carrot,madhyapradesh,17-05-2025,3922.17,4614.32
carrot,madhyapradesh,14-06-2025,3813.89,4486.93
carrot,madhyapradesh,12-07-2025,4036.68,4749.04
carrot,madhyapradesh,09-08-2025,3782.26,4449.72
carrot,madhyapradesh,06-09-2025,3910.74,4600.87
carrot,madhyapradesh,04-10-2025,3909.7,4599.65
carrot,westbengal,01-01-2022,3327.91,3915.19
carrot,westbengal,29-01-2022,3177.75,3738.53
carrot,westbengal,26-02-2022,3481.29,4095.63
carrot,westbengal,26-03-2022,3449.56,4058.31
carrot,westbengal,23-04-2022,3365.97,3959.97
carrot,westbengal,21-05-2022,3515.73,4136.15
carrot,westbengal,18-06-2022,3460.66,4071.37
carrot,westbengal,16-07-2022,3560.17,4188.44
carrot,westbengal,13-08-2022,3556.54,4184.16
carrot,westbengal,10-09-2022,3795.61,4465.42
carrot,westbengal,08-10-2022,3759.77,4423.26
carrot,westbengal,05-11-2022,3839.7,4517.3
carrot,westbengal,03-12-2022,3713.68,4369.03
carrot,westbengal,31-12-2022,3283.59,3863.05
carrot,westbengal,28-01-2023,3491.71,4107.9
carrot,westbengal,25-02-2023,3388.14,3986.05
carrot,westbengal,25-03-2023,3344.95,3935.24
carrot,westbengal,22-04-2023,3447.92,4056.38
carrot,westbengal,20-05-2023,3467.57,4079.49
carrot,westbengal,17-06-2023,3500.84,4118.63
carrot,westbengal,15-07-2023,3601.37,4236.91
carrot,westbengal,12-08-2023,3609.74,4246.75
carrot,westbengal,09-09-2023,3724.22,4381.43
carrot,westbengal,07-10-2023,3841.77,4519.73
carrot,westbengal,04-11-2023,3892.75,4579.71
carrot,westbengal,02-12-2023,3699.57,4352.44
carrot,westbengal,30-12-2023,3269.9,3846.94
carrot,westbengal,27-01-2024,3328.47,3915.85
carrot,westbengal,24-02-2024,3441.17,4048.44
carrot,westbengal,23-03-2024,3383.24,3980.28
carrot,westbengal,20-04-2024,3370.64,3965.46
carrot,westbengal,18-05-2024,3522.67,4144.32
carrot,westbengal,15-06-2024,3654.68,4299.62
carrot,westbengal,13-07-2024,3752.88,4415.15
carrot,westbengal,10-08-2024,3470.36,4082.78
carrot,westbengal,07-09-2024,3726.88,4384.57
carrot,westbengal,05-10-2024,3851.47,4531.14
carrot,westbengal,02-11-2024,3595.94,4230.52
carrot,westbengal,30-11-2024,3743.7,4404.35
carrot,westbengal,28-12-2024,3304.02,3887.08
carrot,westbengal,25-01-2025,3375.75,3971.47
carrot,westbengal,22-02-2025,3222.83,3791.57
carrot,westbengal,22-03-2025,3271.05,3848.29
carrot,westbengal,19-04-2025,3446.46,4054.66
carrot,westbengal,17-05-2025,3652.69,4297.28
carrot,westbengal,14-06-2025,3427.01,4031.78
carrot,westbengal,12-07-2025,3709.28,4363.86
carrot,westbengal,09-08-2025,3450.03,4058.86
carrot,westbengal,06-09-2025,3674.76,4323.25
carrot,westbengal,04-10-2025,3648.27,4292.08
carrot,bihar,01-01-2022,3862.49,4544.1
carrot,bihar,29-01-2022,3983.03,4685.92
carrot,bihar,26-02-2022,3855.58,4535.98
carrot,bihar,26-03-2022,3865.0,4547.06
carrot,bihar,23-04-2022,3889.95,4576.41
carrot,bihar,21-05-2022,4007.21,4714.36
carrot,bihar,18-06-2022,4246.67,4996.08
carrot,bihar,16-07-2022,3944.64,4640.75
carrot,bihar,13-08-2022,4352.4,5120.47
carrot,bihar,10-09-2022,4117.53,4844.15
carrot,bihar,08-10-2022,4172.3,4908.59
carrot,bihar,05-11-2022,4226.81,4972.72
carrot,bihar,03-12-2022,4342.21,5108.48
carrot,bihar,31-12-2022,3808.98,4481.15
carrot,bihar,28-01-2023,3741.7,4402.0
carrot,bihar,25-02-2023,3859.99,4541.16
carrot,bihar,25-03-2023,4004.97,4711.73
carrot,bihar,22-04-2023,4061.62,4778.38
carrot,bihar,20-05-2023,3849.68,4529.03
carrot,bihar,17-06-2023,4051.25,4766.18
carrot,bihar,15-07-2023,4220.86,4965.72
carrot,bihar,12-08-2023,4347.48,5114.68
carrot,bihar,09-09-2023,4071.96,4790.54
carrot,bihar,07-10-2023,4465.51,5253.54
carrot,bihar,04-11-2023,4190.47,4929.96
carrot,bihar,02-12-2023,4236.6,4984.23
carrot,bihar,30-12-2023,3771.34,4436.87
carrot,bihar,27-01-2024,3990.73,4694.98
carrot,bihar,24-02-2024,4060.81,4777.42
carrot,bihar,23-03-2024,4004.09,4710.69
carrot,bihar,20-04-2024,4105.66,4830.19
carrot,bihar,18-05-2024,4089.04,4810.63
carrot,bihar,15-06-2024,4201.18,4942.56
carrot,bihar,13-07-2024,4117.95,4844.65
carrot,bihar,10-08-2024,4246.77,4996.2
carrot,bihar,07-09-2024,4203.45,4945.24
carrot,bihar,05-10-2024,4159.48,4893.51
carrot,bihar,02-11-2024,4440.13,5223.68
carrot,bihar,30-11-2024,4452.22,5237.91
carrot,bihar,28-12-2024,3922.81,4615.07
carrot,bihar,25-01-2025,3678.29,4327.4
carrot,bihar,22-02-2025,3889.0,4575.29
carrot,bihar,22-03-2025,3831.52,4507.67
carrot,bihar,19-04-2025,3961.27,4660.32
carrot,bihar,17-05-2025,3963.86,4663.36
carrot,bihar,14-06-2025,4218.41,4962.83
carrot,bihar,12-07-2025,4219.02,4963.55
carrot,bihar,09-08-2025,4266.25,5019.12
carrot,bihar,06-09-2025,4388.66,5163.13
carrot,bihar,04-10-2025,4281.76,5037.36
carrot,odisha,01-01-2022,3479.13,4093.1
carrot,odisha,29-01-2022,3644.26,4287.36
carrot,odisha,26-02-2022,3535.35,4159.24
carrot,odisha,26-03-2022,3826.06,4501.25
carrot,odisha,23-04-2022,3624.26,4263.84
carrot,odisha,21-05-2022,3555.04,4182.4
carrot,odisha,18-06-2022,3841.87,4519.85
carrot,odisha,16-07-2022,3745.81,4406.84
carrot,odisha,13-08-2022,3725.16,4382.54
carrot,odisha,10-09-2022,4037.27,4749.73
carrot,odisha,08-10-2022,4029.59,4740.7
carrot,odisha,05-11-2022,3820.19,4494.34
carrot,odisha,03-12-2022,4100.17,4823.73
carrot,odisha,31-12-2022,3535.8,4159.76
carrot,odisha,28-01-2023,3652.48,4297.03
carrot,odisha,25-02-2023,3697.42,4349.91
carrot,odisha,25-03-2023,3662.29,4308.58
carrot,odisha,22-04-2023,3653.35,4298.06
carrot,odisha,20-05-2023,3816.91,4490.48
carrot,odisha,17-06-2023,3599.74,4234.99
carrot,odisha,15-07-2023,3779.47,4446.43
carrot,odisha,12-08-2023,3744.0,4404.71
carrot,odisha,09-09-2023,3737.36,4396.9
carrot,odisha,07-10-2023,3782.65,4450.18
carrot,odisha,04-11-2023,4101.68,4825.5
carrot,odisha,02-12-2023,4071.87,4790.44
carrot,odisha,30-12-2023,3676.77,4325.61
carrot,odisha,27-01-2024,3699.2,4352.0
carrot,odisha,24-02-2024,3427.27,4032.08
carrot,odisha,23-03-2024,3533.44,4156.99
carrot,odisha,20-04-2024,3803.93,4475.21
carrot,odisha,18-05-2024,3763.91,4428.13
carrot,odisha,15-06-2024,3878.13,4562.51
carrot,odisha,13-07-2024,3824.64,4499.58
carrot,odisha,10-08-2024,3909.78,4599.74
carrot,odisha,07-09-2024,3976.48,4678.21
carrot,odisha,05-10-2024,3979.07,4681.26
carrot,odisha,02-11-2024,4011.16,4719.01
carrot,odisha,30-11-2024,3902.93,4591.68
carrot,odisha,28-12-2024,3380.8,3977.41
carrot,odisha,25-01-2025,3435.05,4041.23
carrot,odisha,22-02-2025,3674.94,4323.46
carrot,odisha,22-03-2025,3815.68,4489.03
carrot,odisha,19-04-2025,3789.12,4457.79
carrot,odisha,17-05-2025,3835.32,4512.14
carrot,odisha,14-06-2025,3676.67,4325.49
carrot,odisha,12-07-2025,3664.72,4311.43
carrot,odisha,09-08-2025,3956.86,4655.13
carrot,odisha,06-09-2025,4073.87,4792.79
carrot,odisha,04-10-2025,3966.13,4666.03
beans,karnataka,01-01-2022,3432.93,4038.74
beans,karnataka,29-01-2022,3459.61,4070.13
beans,karnataka,26-02-2022,3553.46,4180.54
beans,karnataka,26-03-2022,3555.58,4183.03
beans,karnataka,23-04-2022,3502.14,4120.17
beans,karnataka,21-05-2022,3799.49,4469.99
beans,karnataka,18-06-2022,3796.47,4466.44
beans,karnataka,16-07-2022,3876.92,4561.08
beans,karnataka,13-08-2022,3912.89,4603.4
beans,karnataka,10-09-2022,4077.03,4796.5
beans,karnataka,08-10-2022,3774.2,4440.24
beans,karnataka,05-11-2022,4088.31,4809.78
beans,karnataka,03-12-2022,4208.23,4950.86
beans,karnataka,31-12-2022,3431.01,4036.48
beans,karnataka,28-01-2023,3717.3,4373.29
beans,karnataka,25-02-2023,3623.88,4263.39
beans,karnataka,25-03-2023,3456.57,4066.55
beans,karnataka,22-04-2023,3594.78,4229.15
beans,karnataka,20-05-2023,3820.73,4494.98
beans,karnataka,17-06-2023,3803.67,4474.91
beans,karnataka,15-07-2023,3774.76,4440.9
beans,karnataka,12-08-2023,3667.27,4314.43
beans,karnataka,09-09-2023,3846.52,4525.32
beans,karnataka,07-10-2023,3810.63,4483.09
beans,karnataka,04-11-2023,4026.95,4737.59
beans,karnataka,02-12-2023,4152.65,4885.47
beans,karnataka,30-12-2023,3478.85,4092.77
beans,karnataka,27-01-2024,3367.32,3961.55
beans,karnataka,24-02-2024,3500.81,4118.6
beans,karnataka,23-03-2024,3670.07,4317.73
beans,karnataka,20-04-2024,3550.73,4177.33
beans,karnataka,18-05-2024,3904.12,4593.08
beans,karnataka,15-06-2024,3661.28,4307.39
beans,karnataka,13-07-2024,3962.74,4662.05
beans,karnataka,10-08-2024,3942.78,4638.56
beans,karnataka,07-09-2024,3806.64,4478.4
beans,karnataka,05-10-2024,4049.48,4764.09
beans,karnataka,02-11-2024,4104.49,4828.81
beans,karnataka,30-11-2024,4103.49,4827.64
beans,karnataka,28-12-2024,3599.13,4234.27
beans,karnataka,25-01-2025,3612.46,4249.95
beans,karnataka,22-02-2025,3702.99,4356.46
beans,karnataka,22-03-2025,3476.92,4090.5
beans,karnataka,19-04-2025,3757.35,4420.41
beans,karnataka,17-05-2025,3574.04,4204.75
beans,karnataka,14-06-2025,3751.37,4413.38
beans,karnataka,12-07-2025,3942.78,4638.57
beans,karnataka,09-08-2025,3659.11,4304.83
beans,karnataka,06-09-2025,3945.27,4641.49
beans,karnataka,04-10-2025,4115.42,4841.67
beans,tamilnadu,01-01-2022,2766.31,3254.48
beans,tamilnadu,29-01-2022,2769.72,3258.5
beans,tamilnadu,26-02-2022,3028.17,3562.55
beans,tamilnadu,26-03-2022,2960.13,3482.51
beans,tamilnadu,23-04-2022,3096.1,3642.47
beans,tamilnadu,21-05-2022,3101.12,3648.38
beans,tamilnadu,18-06-2022,3187.24,3749.69
beans,tamilnadu,16-07-2022,2971.09,3495.4
beans,tamilnadu,13-08-2022,3176.52,3737.08
beans,tamilnadu,10-09-2022,3086.61,3631.31
beans,tamilnadu,08-10-2022,3287.6,3867.76
beans,tamilnadu,05-11-2022,3372.15,3967.23
beans,tamilnadu,03-12-2022,3323.14,3909.58
beans,tamilnadu,31-12-2022,2959.64,3481.93
beans,tamilnadu,28-01-2023,2925.34,3441.58
beans,tamilnadu,25-02-2023,2797.8,3291.53
beans,tamilnadu,25-03-2023,2804.79,3299.75
beans,tamilnadu,22-04-2023,3118.74,3669.11
beans,tamilnadu,20-05-2023,3105.98,3654.1
beans,tamilnadu,17-06-2023,2940.52,3459.43
beans,tamilnadu,15-07-2023,2956.06,3477.72
beans,tamilnadu,12-08-2023,3160.43,3718.15
beans,tamilnadu,09-09-2023,3056.07,3595.38
beans,tamilnadu,07-10-2023,3242.27,3814.44
beans,tamilnadu,04-11-2023,3087.87,3632.79
beans,tamilnadu,02-12-2023,3395.66,3994.9
beans,tamilnadu,30-12-2023,2761.12,3248.38
beans,tamilnadu,27-01-2024,2884.76,3393.83
beans,tamilnadu,24-02-2024,2927.95,3444.65
beans,tamilnadu,23-03-2024,2957.14,3478.99
beans,tamilnadu,20-04-2024,3106.42,3654.61
beans,tamilnadu,18-05-2024,3162.28,3720.33
beans,tamilnadu,15-06-2024,2925.57,3441.85
beans,tamilnadu,13-07-2024,2988.53,3515.92
beans,tamilnadu,10-08-2024,3019.97,3552.9
beans,tamilnadu,07-09-2024,3059.08,3598.92
beans,tamilnadu,05-10-2024,3343.11,3933.07
beans,tamilnadu,02-11-2024,3252.18,3826.09
beans,tamilnadu,30-11-2024,3320.89,3906.93
beans,tamilnadu,28-12-2024,2922.41,3438.13
beans,tamilnadu,25-01-2025,2976.88,3502.21
beans,tamilnadu,22-02-2025,3016.33,3548.62
beans,tamilnadu,22-03-2025,2900.66,3412.54
beans,tamilnadu,19-04-2025,3120.84,3671.58
beans,tamilnadu,17-05-2025,3071.47,3613.49
beans,tamilnadu,14-06-2025,2911.39,3425.17
beans,tamilnadu,12-07-2025,2984.81,3511.54
beans,tamilnadu,09-08-2025,3131.82,3684.49
beans,tamilnadu,06-09-2025,3190.07,3753.02
beans,tamilnadu,04-10-2025,3148.85,3704.53
beans,andhrapradesh,01-01-2022,3239.68,3811.39
beans,andhrapradesh,29-01-2022,3223.6,3792.47
beans,andhrapradesh,26-02-2022,3200.67,3765.5
beans,andhrapradesh,26-03-2022,3173.24,3733.22
beans,andhrapradesh,23-04-2022,3367.21,3961.42
beans,andhrapradesh,21-05-2022,3367.56,3961.83
beans,andhrapradesh,18-06-2022,3465.24,4076.75
beans,andhrapradesh,16-07-2022,3338.73,3927.92
beans,andhrapradesh,13-08-2022,3548.31,4174.48
beans,andhrapradesh,10-09-2022,3693.2,4344.94
beans,andhrapradesh,08-10-2022,3721.76,4378.54
beans,andhrapradesh,05-11-2022,3513.43,4133.45
beans,andhrapradesh,03-12-2022,3662.43,4308.74
beans,andhrapradesh,31-12-2022,3159.93,3717.56
beans,andhrapradesh,28-01-2023,3077.61,3620.72
beans,andhrapradesh,25-02-2023,3121.28,3672.09
beans,andhrapradesh,25-03-2023,3192.52,3755.91
beans,andhrapradesh,22-04-2023,3191.77,3755.02
beans,andhrapradesh,20-05-2023,3436.07,4042.44
beans,andhrapradesh,17-06-2023,3418.53,4021.8
beans,andhrapradesh,15-07-2023,3520.49,4141.75
beans,andhrapradesh,12-08-2023,3620.2,4259.06
beans,andhrapradesh,09-09-2023,3728.69,4386.7
beans,andhrapradesh,07-10-2023,3564.64,4193.7
beans,andhrapradesh,04-11-2023,3695.45,4347.59
beans,andhrapradesh,02-12-2023,3813.05,4485.94
beans,andhrapradesh,30-12-2023,3124.37,3675.73
beans,andhrapradesh,27-01-2024,3143.21,3697.89
beans,andhrapradesh,24-02-2024,3373.38,3968.68
beans,andhrapradesh,23-03-2024,3274.72,3852.61
beans,andhrapradesh,20-04-2024,3404.47,4005.26
beans,andhrapradesh,18-05-2024,3441.85,4049.24
beans,andhrapradesh,15-06-2024,3376.54,3972.4
beans,andhrapradesh,13-07-2024,3481.0,4095.29
beans,andhrapradesh,10-08-2024,3626.12,4266.02
beans,andhrapradesh,07-09-2024,3547.59,4173.64
beans,andhrapradesh,05-10-2024,3415.39,4018.11
beans,andhrapradesh,02-11-2024,3516.03,4136.51
beans,andhrapradesh,30-11-2024,3759.22,4422.61
beans,andhrapradesh,28-12-2024,3129.04,3681.22
beans,andhrapradesh,25-01-2025,3286.67,3866.67
beans,andhrapradesh,22-02-2025,3325.79,3912.7
beans,andhrapradesh,22-03-2025,3247.14,3820.16
beans,andhrapradesh,19-04-2025,3406.71,4007.89
beans,andhrapradesh,17-05-2025,3350.9,3942.24
beans,andhrapradesh,14-06-2025,3401.89,4002.22
beans,andhrapradesh,12-07-2025,3306.17,3889.61
beans,andhrapradesh,09-08-2025,3369.2,3963.76
beans,andhrapradesh,06-09-2025,3704.45,4358.18
beans,andhrapradesh,04-10-2025,3757.06,4420.07
beans,telangana,01-01-2022,2990.95,3518.77
beans,telangana,29-01-2022,3007.77,3538.55
beans,telangana,26-02-2022,3273.38,3851.04
beans,telangana,26-03-2022,3205.13,3770.74
beans,telangana,23-04-2022,3190.59,3753.63
beans,telangana,21-05-2022,3362.55,3955.94
beans,telangana,18-06-2022,3365.05,3958.88
beans,telangana,16-07-2022,3252.55,3826.53
beans,telangana,13-08-2022,3332.65,3920.76
beans,telangana,10-09-2022,3501.6,4119.53
beans,telangana,08-10-2022,3278.51,3857.07
beans,telangana,05-11-2022,3635.0,4276.47
beans,telangana,03-12-2022,3454.54,4064.17
beans,telangana,31-12-2022,3029.86,3564.54
beans,telangana,28-01-2023,2992.33,3520.39
beans,telangana,25-02-2023,3227.9,3797.53
beans,telangana,25-03-2023,3243.27,3815.61
beans,telangana,22-04-2023,3073.64,3616.05
beans,telangana,20-05-2023,3212.12,3778.97
beans,telangana,17-06-2023,3363.13,3956.62
beans,telangana,15-07-2023,3310.93,3895.21
beans,telangana,12-08-2023,3374.66,3970.19
beans,telangana,09-09-2023,3268.9,3845.77
beans,telangana,07-10-2023,3462.1,4073.06
beans,telangana,04-11-2023,3467.99,4079.99
beans,telangana,02-12-2023,3480.49,4094.7
beans,telangana,30-12-2023,3203.57,3768.91
beans,telangana,27-01-2024,3162.16,3720.19
beans,telangana,24-02-2024,3292.7,3873.76
beans,telangana,23-03-2024,3301.83,3884.51
beans,telangana,20-04-2024,3326.52,3913.55
beans,telangana,18-05-2024,3185.11,3747.19
beans,telangana,15-06-2024,3422.08,4025.98
beans,telangana,13-07-2024,3339.32,3928.61
beans,telangana,10-08-2024,3255.09,3829.52
beans,telangana,07-09-2024,3362.11,3955.42
beans,telangana,05-10-2024,3525.62,4147.79
beans,telangana,02-11-2024,3472.23,4084.98
beans,telangana,30-11-2024,3526.77,4149.14
beans,telangana,28-12-2024,3073.52,3615.91
beans,telangana,25-01-2025,3036.91,3572.83
beans,telangana,22-02-2025,3211.38,3778.09
beans,telangana,22-03-2025,3154.6,3711.29
beans,telangana,19-04-2025,3381.92,3978.73
beans,telangana,17-05-2025,3409.61,4011.3
beans,telangana,14-06-2025,3208.94,3775.22
beans,telangana,12-07-2025,3182.0,3743.53
beans,telangana,09-08-2025,3341.6,3931.29
beans,telangana,06-09-2025,3400.09,4000.11
beans,telangana,04-10-2025,3545.84,4171.58
beans,kerala,01-01-2022,3641.75,4284.41
beans,kerala,29-01-2022,3753.26,4415.6
beans,kerala,26-02-2022,3627.72,4267.91
beans,kerala,26-03-2022,3844.28,4522.68
beans,kerala,23-04-2022,3884.89,4570.46
beans,kerala,21-05-2022,3898.9,4586.94
beans,kerala,18-06-2022,4113.29,4839.16
beans,kerala,16-07-2022,4151.47,4884.08
beans,kerala,13-08-2022,4206.21,4948.48
beans,kerala,10-09-2022,3939.04,4634.17
beans,kerala,08-10-2022,3948.33,4645.09
beans,kerala,05-11-2022,4078.26,4797.95
beans,kerala,03-12-2022,4270.16,5023.72
beans,kerala,31-12-2022,3634.11,4275.42
beans,kerala,28-01-2023,3597.13,4231.92
beans,kerala,25-02-2023,3733.73,4392.62
beans,kerala,25-03-2023,3858.92,4539.91
beans,kerala,22-04-2023,3670.39,4318.1
beans,kerala,20-05-2023,3872.48,4555.86
beans,kerala,17-06-2023,3781.93,4449.33
beans,kerala,15-07-2023,3978.11,4680.13
beans,kerala,12-08-2023,4216.86,4961.01
beans,kerala,09-09-2023,4122.41,4849.89
beans,kerala,07-10-2023,4000.59,4706.58
beans,kerala,04-11-2023,4344.09,5110.7
beans,kerala,02-12-2023,4173.87,4910.43
beans,kerala,30-12-2023,3854.03,4534.15
beans,kerala,27-01-2024,3873.6,4557.18
beans,kerala,24-02-2024,3936.13,4630.74
beans,kerala,23-03-2024,3873.19,4556.7
beans,kerala,20-04-2024,3725.66,4383.13
beans,kerala,18-05-2024,4066.89,4784.58
beans,kerala,15-06-2024,3991.53,4695.92
beans,kerala,13-07-2024,4176.99,4914.11
beans,kerala,10-08-2024,4061.93,4778.74
beans,kerala,07-09-2024,3971.93,4672.86
beans,kerala,05-10-2024,4238.13,4986.04
beans,kerala,02-11-2024,4278.16,5033.13
beans,kerala,30-11-2024,4380.18,5153.15
beans,kerala,28-12-2024,3638.83,4280.98
beans,kerala,25-01-2025,3727.0,4384.71
beans,kerala,22-02-2025,3846.51,4525.31
beans,kerala,22-03-2025,3794.5,4464.12
beans,kerala,19-04-2025,3738.39,4398.1
beans,kerala,17-05-2025,4067.5,4785.29
beans,kerala,14-06-2025,3924.62,4617.2
beans,kerala,12-07-2025,3917.12,4608.38
beans,kerala,09-08-2025,3940.21,4635.54
beans,kerala,06-09-2025,4098.61,4821.89
beans,kerala,04-10-2025,3947.65,4644.29
beans,maharashtra,01-01-2022,3760.98,4424.68
beans,maharashtra,29-01-2022,3840.3,4518.0
beans,maharashtra,26-02-2022,3856.91,4537.54
beans,maharashtra,26-03-2022,3632.27,4273.26
beans,maharashtra,23-04-2022,3715.98,4371.74
beans,maharashtra,21-05-2022,3887.17,4573.14
beans,maharashtra,18-06-2022,3800.14,4470.75
beans,maharashtra,16-07-2022,4072.3,4790.94
beans,maharashtra,13-08-2022,3846.22,4524.97
beans,maharashtra,10-09-2022,4257.71,5009.07
beans,maharashtra,08-10-2022,4063.9,4781.06
beans,maharashtra,05-11-2022,3954.15,4651.94
beans,maharashtra,03-12-2022,4361.43,5131.09
beans,maharashtra,31-12-2022,3572.01,4202.37
beans,maharashtra,28-01-2023,3527.93,4150.51
beans,maharashtra,25-02-2023,3918.91,4610.48
beans,maharashtra,25-03-2023,3860.43,4541.68
beans,maharashtra,22-04-2023,3995.55,4700.65
beans,maharashtra,20-05-2023,3739.45,4399.35
beans,maharashtra,17-06-2023,3967.74,4667.93
beans,maharashtra,15-07-2023,4065.38,4782.8
beans,maharashtra,12-08-2023,3839.28,4516.8
beans,maharashtra,09-09-2023,4177.1,4914.23
beans,maharashtra,07-10-2023,4202.92,4944.61
beans,maharashtra,04-11-2023,4216.4,4960.47
beans,maharashtra,02-12-2023,4343.01,5109.42
beans,maharashtra,30-12-2023,3784.06,4451.83
beans,maharashtra,27-01-2024,3779.67,4446.67
beans,maharashtra,24-02-2024,3763.76,4427.95
beans,maharashtra,23-03-2024,3678.48,4327.62
beans,maharashtra,20-04-2024,3684.59,4334.81
beans,maharashtra,18-05-2024,3761.67,4425.49
beans,maharashtra,15-06-2024,4044.05,4757.71
beans,maharashtra,13-07-2024,3965.68,4665.51
beans,maharashtra,10-08-2024,3873.38,4556.92
beans,maharashtra,07-09-2024,4113.44,4839.34
beans,maharashtra,05-10-2024,4121.81,4849.19
beans,maharashtra,02-11-2024,3996.91,4702.25
beans,maharashtra,30-11-2024,4233.32,4980.38
beans,maharashtra,28-12-2024,3663.43,4309.92
beans,maharashtra,25-01-2025,3747.66,4409.01
beans,maharashtra,22-02-2025,3864.29,4546.22
beans,maharashtra,22-03-2025,3741.33,4401.56
beans,maharashtra,19-04-2025,3700.51,4353.54
beans,maharashtra,17-05-2025,3987.19,4690.81
beans,maharashtra,14-06-2025,4094.36,4816.9
beans,maharashtra,12-07-2025,3822.76,4497.36
beans,maharashtra,09-08-2025,4176.87,4913.96
beans,maharashtra,06-09-2025,3989.23,4693.21
beans,maharashtra,04-10-2025,4296.66,5054.9
beans,gujarat,01-01-2022,3147.84,3703.34
beans,gujarat,29-01-2022,3229.47,3799.38
beans,gujarat,26-02-2022,3321.32,3907.44
beans,gujarat,26-03-2022,3325.96,3912.89
beans,gujarat,23-04-2022,3482.88,4097.51
beans,gujarat,21-05-2022,3494.26,4110.89
beans,gujarat,18-06-2022,3514.8,4135.06
beans,gujarat,16-07-2022,3620.78,4259.74
beans,gujarat,13-08-2022,3731.8,4390.35
beans,gujarat,10-09-2022,3708.9,4363.41
beans,gujarat,08-10-2022,3616.61,4254.83
beans,gujarat,05-11-2022,3898.24,4586.17
beans,gujarat,03-12-2022,3749.72,4411.43
beans,gujarat,31-12-2022,3431.06,4036.54
beans,gujarat,28-01-2023,3358.13,3950.74
beans,gujarat,25-02-2023,3537.39,4161.63
beans,gujarat,25-03-2023,3512.1,4131.88
beans,gujarat,22-04-2023,3604.28,4240.33
beans,gujarat,20-05-2023,3667.32,4314.5
beans,gujarat,17-06-2023,3375.77,3971.49
beans,gujarat,15-07-2023,3756.57,4419.5
beans,gujarat,12-08-2023,3575.87,4206.91
beans,gujarat,09-09-2023,3676.5,4325.29
beans,gujarat,07-10-2023,3845.71,4524.36
beans,gujarat,04-11-2023,3590.84,4224.52
beans,gujarat,02-12-2023,3847.51,4526.48
beans,gujarat,30-12-2023,3210.55,3777.12
beans,gujarat,27-01-2024,3480.49,4094.69
beans,gujarat,24-02-2024,3359.05,3951.82
beans,gujarat,23-03-2024,3386.23,3983.8
beans,gujarat,20-04-2024,3320.42,3906.38
beans,gujarat,18-05-2024,3508.85,4128.06
beans,gujarat,15-06-2024,3566.23,4195.56
beans,gujarat,13-07-2024,3753.15,4415.47
beans,gujarat,10-08-2024,3497.22,4114.38
beans,gujarat,07-09-2024,3760.96,4424.66
beans,gujarat,05-10-2024,3859.04,4540.05
beans,gujarat,02-11-2024,3799.42,4469.91
beans,gujarat,30-11-2024,3890.06,4576.54
beans,gujarat,28-12-2024,3409.38,4011.04
beans,gujarat,25-01-2025,3170.8,3730.35
beans,gujarat,22-02-2025,3291.29,3872.11
beans,gujarat,22-03-2025,3567.66,4197.25
beans,gujarat,19-04-2025,3455.39,4065.17
beans,gujarat,17-05-2025,3366.88,3961.04
beans,gujarat,14-06-2025,3421.59,4025.4
beans,gujarat,12-07-2025,3483.56,4098.31
beans,gujarat,09-08-2025,3468.1,4080.12
beans,gujarat,06-09-2025,3552.0,4178.82
beans,gujarat,04-10-2025,3764.61,4428.95
beans,rajasthan,01-01-2022,2870.89,3377.52
beans,rajasthan,29-01-2022,2791.67,3284.32
beans,rajasthan,26-02-2022,2969.7,3493.76
beans,rajasthan,26-03-2022,3005.74,3536.17
beans,rajasthan,23-04-2022,3086.46,3631.13
beans,rajasthan,21-05-2022,2947.89,3468.11
beans,rajasthan,18-06-2022,3268.29,3845.05
beans,rajasthan,16-07-2022,3104.21,3652.01
beans,rajasthan,13-08-2022,3100.34,3647.46
beans,rajasthan,10-09-2022,3090.51,3635.89
beans,rajasthan,08-10-2022,3284.72,3864.38
beans,rajasthan,05-11-2022,3350.04,3941.22
beans,rajasthan,03-12-2022,3487.68,4103.15
beans,rajasthan,31-12-2022,2796.08,3289.51
beans,rajasthan,28-01-2023,2885.82,3395.08
beans,rajasthan,25-02-2023,3007.08,3537.74
beans,rajasthan,25-03-2023,3107.97,3656.43
beans,rajasthan,22-04-2023,3072.84,3615.11
beans,rajasthan,20-05-2023,2947.19,3467.28
beans,rajasthan,17-06-2023,3021.45,3554.65
beans,rajasthan,15-07-2023,3146.66,3701.95
beans,rajasthan,12-08-2023,3095.31,3641.54
beans,rajasthan,09-09-2023,3075.72,3618.5
beans,rajasthan,07-10-2023,3194.31,3758.01
beans,rajasthan,04-11-2023,3192.02,3755.32
beans,rajasthan,02-12-2023,3263.72,3839.67
beans,rajasthan,30-12-2023,3042.37,3579.26
beans,rajasthan,27-01-2024,2868.66,3374.89
beans,rajasthan,24-02-2024,2955.54,3477.11
beans,rajasthan,23-03-2024,3022.01,3555.3
beans,rajasthan,20-04-2024,2891.01,3401.19
beans,rajasthan,18-05-2024,3008.76,3539.72
beans,rajasthan,15-06-2024,3094.03,3640.04
beans,rajasthan,13-07-2024,3133.94,3686.99
beans,rajasthan,10-08-2024,3334.01,3922.36
beans,rajasthan,07-09-2024,3196.83,3760.98
beans,rajasthan,05-10-2024,3139.02,3692.97
beans,rajasthan,02-11-2024,3205.75,3771.47
beans,rajasthan,30-11-2024,3494.49,4111.17
beans,rajasthan,28-12-2024,3021.12,3554.26
beans,rajasthan,25-01-2025,3047.62,3585.43
beans,rajasthan,22-02-2025,3027.82,3562.14
beans,rajasthan,22-03-2025,2998.09,3527.17
beans,rajasthan,19-04-2025,2988.78,3516.21
beans,rajasthan,17-05-2025,3164.71,3723.19
beans,rajasthan,14-06-2025,3149.19,3704.93
beans,rajasthan,12-07-2025,3241.88,3813.98
beans,rajasthan,09-08-2025,3229.17,3799.02
beans,rajasthan,06-09-2025,3377.85,3973.94
beans,rajasthan,04-10-2025,3321.38,3907.51
beans,punjab,01-01-2022,3704.92,4358.73
beans,punjab,29-01-2022,3434.16,4040.19
beans,punjab,26-02-2022,3695.89,4348.1
beans,punjab,26-03-2022,3838.44,4515.81
beans,punjab,23-04-2022,3589.54,4222.99
beans,punjab,21-05-2022,3771.88,4437.51
beans,punjab,18-06-2022,3743.52,4404.14
beans,punjab,16-07-2022,3756.53,4419.45
beans,punjab,13-08-2022,3844.58,4523.03
beans,punjab,10-09-2022,4119.52,4846.5
beans,punjab,08-10-2022,3793.95,4463.47
beans,punjab,05-11-2022,4148.52,4880.61
beans,punjab,03-12-2022,4090.08,4811.86
beans,punjab,31-12-2022,3485.29,4100.34
beans,punjab,28-01-2023,3402.52,4002.96
beans,punjab,25-02-2023,3569.45,4199.35
beans,punjab,25-03-2023,3758.08,4421.27
beans,punjab,22-04-2023,3798.41,4468.72
beans,punjab,20-05-2023,3873.16,4556.66
beans,punjab,17-06-2023,3733.57,4392.44
beans,punjab,15-07-2023,3974.66,4676.07
beans,punjab,12-08-2023,3796.75,4466.76
beans,punjab,09-09-2023,4019.89,4729.28
beans,punjab,07-10-2023,4025.52,4735.91
beans,punjab,04-11-2023,4090.25,4812.06
beans,punjab,02-12-2023,3964.25,4663.82
beans,punjab,30-12-2023,3595.78,4230.33
beans,punjab,27-01-2024,3732.1,4390.71
beans,punjab,24-02-2024,3460.9,4071.65
beans,punjab,23-03-2024,3666.31,4313.31
beans,punjab,20-04-2024,3703.3,4356.82
beans,punjab,18-05-2024,3588.65,4221.94
beans,punjab,15-06-2024,3615.86,4253.95
beans,punjab,13-07-2024,3748.02,4409.43
beans,punjab,10-08-2024,4017.81,4726.83
beans,punjab,07-09-2024,3742.26,4402.66
beans,punjab,05-10-2024,3903.12,4591.91
beans,punjab,02-11-2024,4180.23,4917.92
beans,punjab,30-11-2024,3910.71,4600.84
beans,punjab,28-12-2024,3457.8,4068.0
beans,punjab,25-01-2025,3408.57,4010.08
beans,punjab,22-02-2025,3719.83,4376.27
beans,punjab,22-03-2025,3707.52,4361.79
beans,punjab,19-04-2025,3820.52,4494.73
beans,punjab,17-05-2025,3774.78,4440.92
beans,punjab,14-06-2025,3679.31,4328.6
beans,punjab,12-07-2025,3962.78,4662.09
beans,punjab,09-08-2025,3704.78,4358.56
beans,punjab,06-09-2025,3819.53,4493.56
beans,punjab,04-10-2025,3931.43,4625.21
beans,haryana,01-01-2022,3528.54,4151.22
beans,haryana,29-01-2022,3562.54,4191.22
beans,haryana,26-02-2022,3360.38,3953.39
beans,haryana,26-03-2022,3570.22,4200.26
beans,haryana,23-04-2022,3758.05,4421.24
beans,haryana,21-05-2022,3667.12,4314.26
beans,haryana,18-06-2022,3656.74,4302.05
beans,haryana,16-07-2022,3904.4,4593.41
beans,haryana,13-08-2022,3828.18,4503.74
beans,haryana,10-09-2022,3896.45,4584.06
beans,haryana,08-10-2022,3680.27,4329.73
beans,haryana,05-11-2022,3886.71,4572.6
beans,haryana,03-12-2022,3967.15,4667.23
beans,haryana,31-12-2022,3316.95,3902.3
beans,haryana,28-01-2023,3417.54,4020.63
beans,haryana,25-02-2023,3560.52,4188.85
beans,haryana,25-03-2023,3507.54,4126.52
beans,haryana,22-04-2023,3778.07,4444.79
beans,haryana,20-05-2023,3608.03,4244.74
beans,haryana,17-06-2023,3764.87,4429.26
beans,haryana,15-07-2023,3815.0,4488.24
beans,haryana,12-08-2023,3668.79,4316.22
beans,haryana,09-09-2023,3709.28,4363.86
beans,haryana,07-10-2023,3763.64,4427.81
beans,haryana,04-11-2023,3994.58,4699.51
beans,haryana,02-12-2023,3805.81,4477.42
beans,haryana,30-12-2023,3283.95,3863.47
beans,haryana,27-01-2024,3371.67,3966.67
beans,haryana,24-02-2024,3693.45,4345.23
beans,haryana,23-03-2024,3494.01,4110.6
beans,haryana,20-04-2024,3734.47,4393.5
beans,haryana,18-05-2024,3652.2,4296.71
beans,haryana,15-06-2024,3696.6,4348.94
beans,haryana,13-07-2024,3569.92,4199.91
beans,haryana,10-08-2024,3881.19,4566.11
beans,haryana,07-09-2024,3796.54,4466.52
beans,haryana,05-10-2024,3688.59,4339.52
beans,haryana,02-11-2024,3994.19,4699.05
beans,haryana,30-11-2024,3992.68,4697.27
beans,haryana,28-12-2024,3430.86,4036.3
beans,haryana,25-01-2025,3642.71,4285.54
beans,haryana,22-02-2025,3556.47,4184.08
beans,haryana,22-03-2025,3401.68,4001.98
beans,haryana,19-04-2025,3672.95,4321.12
beans,haryana,17-05-2025,3511.4,4131.06
beans,haryana,14-06-2025,3767.55,4432.41
beans,haryana,12-07-2025,3584.58,4217.15
beans,haryana,09-08-2025,3907.83,4597.45
beans,haryana,06-09-2025,3945.74,4642.05
beans,haryana,04-10-2025,3915.35,4606.29
beans,uttarpradesh,01-01-2022,3821.05,4495.35
beans,uttarpradesh,29-01-2022,3575.06,4205.95
beans,uttarpradesh,26-02-2022,3664.76,4311.48
beans,uttarpradesh,26-03-2022,3960.41,4659.3
beans,uttarpradesh,23-04-2022,3732.89,4391.64
beans,uttarpradesh,21-05-2022,3873.02,4556.49
beans,uttarpradesh,18-06-2022,3803.77,4475.02
beans,uttarpradesh,16-07-2022,3942.11,4637.78
beans,uttarpradesh,13-08-2022,3963.18,4662.56
beans,uttarpradesh,10-09-2022,4033.89,4745.75
beans,uttarpradesh,08-10-2022,3958.28,4656.8
beans,uttarpradesh,05-11-2022,4050.79,4765.64
beans,uttarpradesh,03-12-2022,4195.39,4935.75
beans,uttarpradesh,31-12-2022,3570.68,4200.8
beans,uttarpradesh,28-01-2023,3590.15,4223.71
beans,uttarpradesh,25-02-2023,3813.74,4486.75
beans,uttarpradesh,25-03-2023,3787.22,4455.55
beans,uttarpradesh,22-04-2023,3790.95,4459.94
beans,uttarpradesh,20-05-2023,3898.47,4586.44
beans,uttarpradesh,17-06-2023,4034.96,4747.01
beans,uttarpradesh,15-07-2023,4203.65,4945.47
beans,uttarpradesh,12-08-2023,3910.9,4601.06
beans,uttarpradesh,09-09-2023,4023.65,4733.71
beans,uttarpradesh,07-10-2023,4187.8,4926.82
beans,uttarpradesh,04-11-2023,4179.65,4917.23
beans,uttarpradesh,02-12-2023,4029.12,4740.14
beans,uttarpradesh,30-12-2023,3677.93,4326.98
beans,uttarpradesh,27-01-2024,3647.38,4291.04
beans,uttarpradesh,24-02-2024,3858.01,4538.83
beans,uttarpradesh,23-03-2024,3746.29,4407.4
beans,uttarpradesh,20-04-2024,3957.81,4656.25
beans,uttarpradesh,18-05-2024,4095.76,4818.54
beans,uttarpradesh,15-06-2024,3786.51,4454.72
beans,uttarpradesh,13-07-2024,4020.89,4730.46
beans,uttarpradesh,10-08-2024,4212.92,4956.38
beans,uttarpradesh,07-09-2024,4211.86,4955.13
beans,uttarpradesh,05-10-2024,4319.61,5081.89
beans,uttarpradesh,02-11-2024,4357.82,5126.85
beans,uttarpradesh,30-11-2024,4060.02,4776.49
beans,uttarpradesh,28-12-2024,3778.67,4445.5
beans,uttarpradesh,25-01-2025,3653.59,4298.34
beans,uttarpradesh,22-02-2025,3871.13,4554.27
beans,uttarpradesh,22-03-2025,3947.68,4644.33
beans,uttarpradesh,19-04-2025,3898.17,4586.08
beans,uttarpradesh,17-05-2025,4005.93,4712.86
beans,uttarpradesh,14-06-2025,3992.49,4697.05
beans,uttarpradesh,12-07-2025,3976.56,4678.31
beans,uttarpradesh,09-08-2025,4172.77,4909.14
beans,uttarpradesh,06-09-2025,4224.7,4970.24
beans,uttarpradesh,04-10-2025,4352.48,5120.56
beans,madhyapradesh,01-01-2022,2655.82,3124.49
beans,madhyapradesh,29-01-2022,2645.73,3112.62
beans,madhyapradesh,26-02-2022,2803.31,3298.01
beans,madhyapradesh,26-03-2022,2802.14,3296.63
beans,madhyapradesh,23-04-2022,2933.38,3451.04
beans,madhyapradesh,21-05-2022,2808.88,3304.57
beans,madhyapradesh,18-06-2022,3018.47,3551.14
beans,madhyapradesh,16-07-2022,2809.14,3304.87
beans,madhyapradesh,13-08-2022,2914.04,3428.28
beans,madhyapradesh,10-09-2022,3053.09,3591.87
beans,madhyapradesh,08-10-2022,2955.07,3476.55
beans,madhyapradesh,05-11-2022,2935.58,3453.62
beans,madhyapradesh,03-12-2022,3077.62,3620.73
beans,madhyapradesh,31-12-2022,2695.51,3171.19
beans,madhyapradesh,28-01-2023,2700.07,3176.55
beans,madhyapradesh,25-02-2023,2669.49,3140.58
beans,madhyapradesh,25-03-2023,2749.87,3235.14
beans,madhyapradesh,22-04-2023,2786.6,3278.35
beans,madhyapradesh,20-05-2023,2799.59,3293.63
beans,madhyapradesh,17-06-2023,2971.32,3495.67
beans,madhyapradesh,15-07-2023,2883.62,3392.49
beans,madhyapradesh,12-08-2023,2812.96,3309.37
beans,madhyapradesh,09-09-2023,2950.5,3471.18
beans,madhyapradesh,07-10-2023,2995.1,3523.65
beans,madhyapradesh,04-11-2023,2898.58,3410.09
beans,madhyapradesh,02-12-2023,2941.36,3460.42
beans,madhyapradesh,30-12-2023,2742.53,3226.51
beans,madhyapradesh,27-01-2024,2819.13,3316.62
beans,madhyapradesh,24-02-2024,2634.23,3099.1
beans,madhyapradesh,23-03-2024,2818.01,3315.3
beans,madhyapradesh,20-04-2024,2748.52,3233.55
beans,madhyapradesh,18-05-2024,2707.71,3185.54
beans,madhyapradesh,15-06-2024,2894.22,3404.97
beans,madhyapradesh,13-07-2024,2804.13,3298.98
beans,madhyapradesh,10-08-2024,3054.14,3593.11
beans,madhyapradesh,07-09-2024,3007.4,3538.12
beans,madhyapradesh,05-10-2024,3042.86,3579.83
beans,madhyapradesh,02-11-2024,3197.34,3761.58
beans,madhyapradesh,30-11-2024,2945.88,3465.74
beans,madhyapradesh,28-12-2024,2745.17,3229.61
beans,madhyapradesh,25-01-2025,2751.82,3237.43
beans,madhyapradesh,22-02-2025,2649.46,3117.01
beans,madhyapradesh,22-03-2025,2679.51,3152.36
beans,madhyapradesh,19-04-2025,2844.86,3346.9
beans,madhyapradesh,17-05-2025,2801.96,3296.42
beans,madhyapradesh,14-06-2025,2935.59,3453.63
beans,madhyapradesh,12-07-2025,2992.63,3520.74
beans,madhyapradesh,09-08-2025,2936.36,3454.54
beans,madhyapradesh,06-09-2025,2943.12,3462.49
beans,madhyapradesh,04-10-2025,3005.21,3535.54
beans,westbengal,01-01-2022,3146.17,3701.38
beans,westbengal,29-01-2022,3146.42,3701.67
beans,westbengal,26-02-2022,3363.18,3956.68
beans,westbengal,26-03-2022,3248.95,3822.3
beans,westbengal,23-04-2022,3357.86,3950.42
beans,westbengal,21-05-2022,3279.98,3858.8
beans,westbengal,18-06-2022,3550.31,4176.83
beans,westbengal,16-07-2022,3490.89,4106.93
beans,westbengal,13-08-2022,3425.21,4029.66
beans,westbengal,10-09-2022,3763.96,4428.19
beans,westbengal,08-10-2022,3581.37,4213.38
beans,westbengal,05-11-2022,3792.39,4461.64
beans,westbengal,03-12-2022,3714.41,4369.89
beans,westbengal,31-12-2022,3166.87,3725.73
beans,westbengal,28-01-2023,3215.01,3782.37
beans,westbengal,25-02-2023,3416.88,4019.86
beans,westbengal,25-03-2023,3515.54,4135.93
beans,westbengal,22-04-2023,3425.11,4029.54
beans,westbengal,20-05-2023,3310.04,3894.17
beans,westbengal,17-06-2023,3412.15,4014.29
beans,westbengal,15-07-2023,3602.25,4237.94
beans,westbengal,12-08-2023,3720.19,4376.7
beans,westbengal,09-09-2023,3517.45,4138.18
beans,westbengal,07-10-2023,3558.28,4186.21
beans,westbengal,04-11-2023,3613.94,4251.7
beans,westbengal,02-12-2023,3722.13,4378.98
beans,westbengal,30-12-2023,3111.61,3660.72
beans,westbengal,27-01-2024,3115.05,3664.76
beans,westbengal,24-02-2024,3333.95,3922.29
beans,westbengal,23-03-2024,3427.28,4032.1
beans,westbengal,20-04-2024,3426.71,4031.42
beans,westbengal,18-05-2024,3382.45,3979.35
beans,westbengal,15-06-2024,3423.04,4027.11
beans,westbengal,13-07-2024,3413.9,4016.35
beans,westbengal,10-08-2024,3693.05,4344.77
beans,westbengal,07-09-2024,3720.18,4376.68
beans,westbengal,05-10-2024,3731.65,4390.18
beans,westbengal,02-11-2024,3639.22,4281.44
beans,westbengal,30-11-2024,3682.12,4331.91
beans,westbengal,28-12-2024,3351.69,3943.17
beans,westbengal,25-01-2025,3305.17,3888.44
beans,westbengal,22-02-2025,3375.29,3970.93
beans,westbengal,22-03-2025,3236.45,3807.59
beans,westbengal,19-04-2025,3392.11,3990.72
beans,westbengal,17-05-2025,3433.0,4038.82
beans,westbengal,14-06-2025,3410.71,4012.6
beans,westbengal,12-07-2025,3482.81,4097.42
beans,westbengal,09-08-2025,3382.2,3979.06
beans,westbengal,06-09-2025,3764.85,4429.24
beans,westbengal,04-10-2025,3603.04,4238.87
beans,bihar,01-01-2022,3605.15,4241.35
beans,bihar,29-01-2022,3462.76,4073.84
beans,bihar,26-02-2022,3545.97,4171.73
beans,bihar,26-03-2022,3598.02,4232.97
beans,bihar,23-04-2022,3585.89,4218.7
beans,bihar,21-05-2022,3838.65,4516.06
beans,bihar,18-06-2022,3617.86,4256.31
beans,bihar,16-07-2022,3761.2,4424.94
beans,bihar,13-08-2022,3996.04,4701.22
beans,bihar,10-09-2022,3690.22,4341.44
beans,bihar,08-10-2022,3802.47,4473.5
beans,bihar,05-11-2022,4083.74,4804.4
beans,bihar,03-12-2022,3833.16,4509.6
beans,bihar,31-12-2022,3487.87,4103.38
beans,bihar,28-01-2023,3363.07,3956.55
beans,bihar,25-02-2023,3528.61,4151.3
beans,bihar,25-03-2023,3508.1,4127.18
beans,bihar,22-04-2023,3479.02,4092.97
beans,bihar,20-05-2023,3682.17,4331.96
beans,bihar,17-06-2023,3814.66,4487.83
beans,bihar,15-07-2023,3842.03,4520.03
beans,bihar,12-08-2023,3677.26,4326.19
beans,bihar,09-09-2023,3876.76,4560.89
beans,bihar,07-10-2023,3762.14,4426.05
beans,bihar,04-11-2023,3934.45,4628.76
beans,bihar,02-12-2023,3946.99,4643.52
beans,bihar,30-12-2023,3465.58,4077.15
beans,bihar,27-01-2024,3375.31,3970.95
beans,bihar,24-02-2024,3440.88,4048.09
beans,bihar,23-03-2024,3528.58,4151.27
beans,bihar,20-04-2024,3504.9,4123.41
beans,bihar,18-05-2024,3609.6,4246.59
beans,bihar,15-06-2024,3682.37,4332.2
beans,bihar,13-07-2024,3769.06,4434.19
beans,bihar,10-08-2024,3744.44,4405.22
beans,bihar,07-09-2024,3959.21,4657.89
beans,bihar,05-10-2024,4105.16,4829.6
beans,bihar,02-11-2024,4056.84,4772.75
beans,bihar,30-11-2024,3954.4,4652.24
beans,bihar,28-12-2024,3346.01,3936.48
beans,bihar,25-01-2025,3639.99,4282.34
beans,bihar,22-02-2025,3642.94,4285.81
beans,bihar,22-03-2025,3793.29,4462.69
beans,bihar,19-04-2025,3648.57,4292.43
beans,bihar,17-05-2025,3538.9,4163.41
beans,bihar,14-06-2025,3830.88,4506.92
beans,bihar,12-07-2025,3648.05,4291.82
beans,bihar,09-08-2025,4000.66,4706.66
beans,bihar,06-09-2025,3715.01,4370.6
beans,bihar,04-10-2025,3977.46,4679.37
beans,odisha,01-01-2022,3170.46,3729.95
beans,odisha,29-01-2022,3153.38,3709.86
beans,odisha,26-02-2022,3374.96,3970.54
beans,odisha,26-03-2022,3407.0,4008.23
beans,odisha,23-04-2022,3418.52,4021.79
beans,odisha,21-05-2022,3311.05,3895.35
beans,odisha,18-06-2022,3285.73,3865.56
beans,odisha,16-07-2022,3363.31,3956.83
beans,odisha,13-08-2022,3593.98,4228.21
beans,odisha,10-09-2022,3518.74,4139.7
beans,odisha,08-10-2022,3431.18,4036.68
beans,odisha,05-11-2022,3514.84,4135.11
beans,odisha,03-12-2022,3656.5,4301.76
beans,odisha,31-12-2022,3072.36,3614.54
beans,odisha,28-01-2023,3240.26,3812.07
beans,odisha,25-02-2023,3212.28,3779.15
beans,odisha,25-03-2023,3279.75,3858.53
beans,odisha,22-04-2023,3140.78,3695.03
beans,odisha,20-05-2023,3405.33,4006.27
beans,odisha,17-06-2023,3229.7,3799.65
beans,odisha,15-07-2023,3313.91,3898.72
beans,odisha,12-08-2023,3371.7,3966.71
beans,odisha,09-09-2023,3586.06,4218.9
beans,odisha,07-10-2023,3531.49,4154.7
beans,odisha,04-11-2023,3569.15,4199.0
beans,odisha,02-12-2023,3701.27,4354.44
beans,odisha,30-12-2023,3159.91,3717.54
beans,odisha,27-01-2024,3104.48,3652.33
beans,odisha,24-02-2024,3065.85,3606.88
beans,odisha,23-03-2024,3310.91,3895.19
beans,odisha,20-04-2024,3324.71,3911.42
beans,odisha,18-05-2024,3230.59,3800.69
beans,odisha,15-06-2024,3417.18,4020.21
beans,odisha,13-07-2024,3398.33,3998.04
beans,odisha,10-08-2024,3371.36,3966.31
beans,odisha,07-09-2024,3391.31,3989.78
beans,odisha,05-10-2024,3651.51,4295.9
beans,odisha,02-11-2024,3646.5,4290.0
beans,odisha,30-11-2024,3655.21,4300.25
beans,odisha,28-12-2024,3140.08,3694.21
beans,odisha,25-01-2025,3277.08,3855.39
beans,odisha,22-02-2025,3106.89,3655.17
beans,odisha,22-03-2025,3285.82,3865.67
beans,odisha,19-04-2025,3422.81,4026.84
beans,odisha,17-05-2025,3272.42,3849.91
beans,odisha,14-06-2025,3226.57,3795.97
beans,odisha,12-07-2025,3547.54,4173.58
beans,odisha,09-08-2025,3606.58,4243.03
beans,odisha,06-09-2025,3437.7,4044.35
beans,odisha,04-10-2025,3632.3,4273.29
